<metadata xml:lang="en"><Esri><CreaDate>20220919</CreaDate><CreaTime>12001100</CreaTime><ArcGISFormat>1.0</ArcGISFormat><SyncOnce>FALSE</SyncOnce><DataProperties><lineage><Process ToolSource="C:\Program Files\ArcGIS\Desktop10.0\ArcToolbox\Toolboxes\Data Management Tools.tbx\CalculateField" Date="20131002" Time="144200">CalculateField "Route Proposals" NAME ""LAUZON 10" &amp; [NAME]" VB #</Process><Process ToolSource="C:\Program Files\ArcGIS\Desktop10.0\ArcToolbox\Toolboxes\Data Management Tools.tbx\CalculateField" Date="20131002" Time="144219">CalculateField "Route Proposals" NAME ""LAUZON 10" &amp; " " &amp; [NAME]" VB #</Process><Process ToolSource="C:\Program Files\ArcGIS\Desktop10.0\ArcToolbox\Toolboxes\Data Management Tools.tbx\CalculateField" Date="20131002" Time="144252">CalculateField "Route Proposals" DATE_ "JUNE 2013" VB #</Process><Process ToolSource="C:\Program Files\ArcGIS\Desktop10.0\ArcToolbox\Toolboxes\Data Management Tools.tbx\CalculateField" Date="20150402" Time="113943">CalculateField "Future Routes" NAME "Bus Travel" VB #</Process><Process ToolSource="C:\Program Files\ArcGIS\Desktop10.0\ArcToolbox\Toolboxes\Data Management Tools.tbx\CalculateField" Date="20150402" Time="113953">CalculateField "Future Routes" NAME "Bus Travel" VB #</Process><Process ToolSource="C:\Program Files\ArcGIS\Desktop10.0\ArcToolbox\Toolboxes\Data Management Tools.tbx\CalculateField" Date="20150402" Time="114004">CalculateField "Future Routes" NOTES "University Mall" VB #</Process><Process ToolSource="C:\Program Files\ArcGIS\Desktop10.0\ArcToolbox\Toolboxes\Data Management Tools.tbx\CalculateField" Date="20150402" Time="114021">CalculateField "Future Routes" DATE_ "Apr 2 2015" VB #</Process><Process ToolSource="c:\program files\arcgis\pro\Resources\ArcToolbox\toolboxes\Conversion Tools.tbx\FeatureClassToFeatureClass" Date="20220531" Time="150009">FeatureClassToFeatureClass "Route Proposals" "G:\Transportation Department\3 - PLANNING\ESRI\Transit.gdb\Current_Routes" Amherstburg_605 "NAME = 'AMHERSTBURG SERVICE PROPOSAL OPTION 3'" "NAME "NAME" true true false 50 Text 0 0,First,#,Route Proposals,NAME,0,50;NOTES "NOTES" true true false 50 Text 0 0,First,#,Route Proposals,NOTES,0,50;GlobalID "GlobalID" false false true 38 GlobalID 0 0,First,#,Route Proposals,GlobalID,-1,-1;DATE_ "DATE_" true true false 50 Text 0 0,First,#,Route Proposals,DATE_,0,50;SHAPE_Length "SHAPE_Length" false true true 8 Double 0 0,First,#,Route Proposals,SHAPE_Length,-1,-1" #</Process><Process ToolSource="c:\program files\arcgis\pro\Resources\ArcToolbox\Toolboxes\Data Management Tools.tbx\CopyMultiple" Date="20220919" Time="120016">CopyMultiple "'G:\Transportation Department\3 - PLANNING\ESRI\Transit.gdb\Current_Routes\Amherstburg_605' FeatureClass;'G:\Transportation Department\3 - PLANNING\ESRI\Transit.gdb\Current_Routes\Central_3' FeatureClass;'G:\Transportation Department\3 - PLANNING\ESRI\Transit.gdb\Current_Routes\Ottawa_4' FeatureClass" "I:\City of Windsor GDB\GDBCityofWindsor.gdb\Transit" Amherstburg_605;Central_3;Ottawa_4 "Amherstburg_605 FeatureClass Amherstburg_605 #;Central_3 FeatureClass Central_3 #;Ottawa_4 FeatureClass Ottawa_4 #"</Process><Process ToolSource="c:\program files (x86)\arcgis\desktop10.6\ArcToolbox\Toolboxes\Conversion Tools.tbx\FeatureClassToFeatureClass" Date="20230216" Time="131548">FeatureClassToFeatureClass "\\smapdv01\arcgisserver\City of Windsor GDB\GDBCityofWindsor.gdb\Amherstburg_605" "K:\Open Data Files\Open Data 2023\February\TransitBusRoutes\RATSRATSRATS" Amherstburg_605 # "NAME "NAME" true true false 50 Text 0 0 ,First,#,\\smapdv01\arcgisserver\City of Windsor GDB\GDBCityofWindsor.gdb/Transit/Amherstburg_605,NAME,-1,-1;SCH_LINK "SCH_LINK" true true false 200 Text 0 0 ,First,#,\\smapdv01\arcgisserver\City of Windsor GDB\GDBCityofWindsor.gdb/Transit/Amherstburg_605,SCH_LINK,-1,-1;MAP_LINK "MAP_LINK" true true false 200 Text 0 0 ,First,#,\\smapdv01\arcgisserver\City of Windsor GDB\GDBCityofWindsor.gdb/Transit/Amherstburg_605,MAP_LINK,-1,-1;DIRECTION "DIRECTION" true true false 50 Text 0 0 ,First,#,\\smapdv01\arcgisserver\City of Windsor GDB\GDBCityofWindsor.gdb/Transit/Amherstburg_605,DIRECTION,-1,-1;NUMBER "NUMBER" true true false 50 Text 0 0 ,First,#,\\smapdv01\arcgisserver\City of Windsor GDB\GDBCityofWindsor.gdb/Transit/Amherstburg_605,-1,-1,-1;SHAPE_Leng "SHAPE_Leng" false true true 8 Double 0 0 ,First,#,\\smapdv01\arcgisserver\City of Windsor GDB\GDBCityofWindsor.gdb/Transit/Amherstburg_605,Shape_Length,-1,-1" #</Process><Process ToolSource="c:\program files (x86)\arcgis\desktop10.6\ArcToolbox\Toolboxes\Data Management Tools.tbx\Merge" Date="20230216" Time="131550">Merge 'K:\Open Data Files\Open Data 2023\February\TransitBusRoutes\RATSRATSRATS\Amherstburg_605.shp';'K:\Open Data Files\Open Data 2023\February\TransitBusRoutes\RATSRATSRATS\Central_3.shp';'K:\Open Data Files\Open Data 2023\February\TransitBusRoutes\RATSRATSRATS\Crosstown_2.shp';'K:\Open Data Files\Open Data 2023\February\TransitBusRoutes\RATSRATSRATS\Dominion_5.shp';'K:\Open Data Files\Open Data 2023\February\TransitBusRoutes\RATSRATSRATS\Dougall_6.shp';'K:\Open Data Files\Open Data 2023\February\TransitBusRoutes\RATSRATSRATS\LaSalle_25.shp';'K:\Open Data Files\Open Data 2023\February\TransitBusRoutes\RATSRATSRATS\Lauzon_10.shp';'K:\Open Data Files\Open Data 2023\February\TransitBusRoutes\RATSRATSRATS\LTW_Transit_42.shp';'K:\Open Data Files\Open Data 2023\February\TransitBusRoutes\RATSRATSRATS\Ottawa_4.shp';'K:\Open Data Files\Open Data 2023\February\TransitBusRoutes\RATSRATSRATS\Parent_14.shp';'K:\Open Data Files\Open Data 2023\February\TransitBusRoutes\RATSRATSRATS\Route_518x.shp';'K:\Open Data Files\Open Data 2023\February\TransitBusRoutes\RATSRATSRATS\South_Windsor_7.shp';'K:\Open Data Files\Open Data 2023\February\TransitBusRoutes\RATSRATSRATS\Transway_1A.shp';'K:\Open Data Files\Open Data 2023\February\TransitBusRoutes\RATSRATSRATS\Transway_1C.shp';'K:\Open Data Files\Open Data 2023\February\TransitBusRoutes\RATSRATSRATS\Tunnel.shp';'K:\Open Data Files\Open Data 2023\February\TransitBusRoutes\RATSRATSRATS\Walkerville_8.shp' "K:\Open Data Files\Open Data 2023\February\TransitBusRoutes\RATSRATSRATS\TransitBusRoutes.shp" "NAME "NAME" true true false 50 Text 0 0 ,First,#,K:\Open Data Files\Open Data 2023\February\TransitBusRoutes\RATSRATSRATS\Amherstburg_605.shp,NAME,-1,-1,K:\Open Data Files\Open Data 2023\February\TransitBusRoutes\RATSRATSRATS\Central_3.shp,NAME,-1,-1,K:\Open Data Files\Open Data 2023\February\TransitBusRoutes\RATSRATSRATS\Crosstown_2.shp,NAME,-1,-1,K:\Open Data Files\Open Data 2023\February\TransitBusRoutes\RATSRATSRATS\Dominion_5.shp,NAME,-1,-1,K:\Open Data Files\Open Data 2023\February\TransitBusRoutes\RATSRATSRATS\Dougall_6.shp,NAME,-1,-1,K:\Open Data Files\Open Data 2023\February\TransitBusRoutes\RATSRATSRATS\LaSalle_25.shp,NAME,-1,-1,K:\Open Data Files\Open Data 2023\February\TransitBusRoutes\RATSRATSRATS\Lauzon_10.shp,NAME,-1,-1,K:\Open Data Files\Open Data 2023\February\TransitBusRoutes\RATSRATSRATS\LTW_Transit_42.shp,NAME,-1,-1,K:\Open Data Files\Open Data 2023\February\TransitBusRoutes\RATSRATSRATS\Ottawa_4.shp,NAME,-1,-1,K:\Open Data Files\Open Data 2023\February\TransitBusRoutes\RATSRATSRATS\Parent_14.shp,NAME,-1,-1,K:\Open Data Files\Open Data 2023\February\TransitBusRoutes\RATSRATSRATS\Route_518x.shp,NAME,-1,-1,K:\Open Data Files\Open Data 2023\February\TransitBusRoutes\RATSRATSRATS\South_Windsor_7.shp,NAME,-1,-1,K:\Open Data Files\Open Data 2023\February\TransitBusRoutes\RATSRATSRATS\Transway_1A.shp,NAME,-1,-1,K:\Open Data Files\Open Data 2023\February\TransitBusRoutes\RATSRATSRATS\Transway_1C.shp,Name,-1,-1,K:\Open Data Files\Open Data 2023\February\TransitBusRoutes\RATSRATSRATS\Tunnel.shp,NAME,-1,-1,K:\Open Data Files\Open Data 2023\February\TransitBusRoutes\RATSRATSRATS\Walkerville_8.shp,NAME,-1,-1;SCH_LINK "SCH_LINK" true true false 200 Text 0 0 ,First,#,K:\Open Data Files\Open Data 2023\February\TransitBusRoutes\RATSRATSRATS\Amherstburg_605.shp,SCH_LINK,-1,-1,K:\Open Data Files\Open Data 2023\February\TransitBusRoutes\RATSRATSRATS\Central_3.shp,SCH_LINK,-1,-1,K:\Open Data Files\Open Data 2023\February\TransitBusRoutes\RATSRATSRATS\Crosstown_2.shp,SCH_LINK,-1,-1,K:\Open Data Files\Open Data 2023\February\TransitBusRoutes\RATSRATSRATS\Dominion_5.shp,SCH_LINK,-1,-1,K:\Open Data Files\Open Data 2023\February\TransitBusRoutes\RATSRATSRATS\Dougall_6.shp,SCH_LINK,-1,-1,K:\Open Data Files\Open Data 2023\February\TransitBusRoutes\RATSRATSRATS\LaSalle_25.shp,SCH_LINK,-1,-1,K:\Open Data Files\Open Data 2023\February\TransitBusRoutes\RATSRATSRATS\Lauzon_10.shp,SCH_LINK,-1,-1,K:\Open Data Files\Open Data 2023\February\TransitBusRoutes\RATSRATSRATS\LTW_Transit_42.shp,SCH_LINK,-1,-1,K:\Open Data Files\Open Data 2023\February\TransitBusRoutes\RATSRATSRATS\Ottawa_4.shp,SCH_LINK,-1,-1,K:\Open Data Files\Open Data 2023\February\TransitBusRoutes\RATSRATSRATS\Parent_14.shp,SCH_LINK,-1,-1,K:\Open Data Files\Open Data 2023\February\TransitBusRoutes\RATSRATSRATS\Route_518x.shp,SCH_LINK,-1,-1,K:\Open Data Files\Open Data 2023\February\TransitBusRoutes\RATSRATSRATS\South_Windsor_7.shp,SCH_LINK,-1,-1,K:\Open Data Files\Open Data 2023\February\TransitBusRoutes\RATSRATSRATS\Transway_1A.shp,SCH_LINK,-1,-1,K:\Open Data Files\Open Data 2023\February\TransitBusRoutes\RATSRATSRATS\Transway_1C.shp,SCH_LINK,-1,-1,K:\Open Data Files\Open Data 2023\February\TransitBusRoutes\RATSRATSRATS\Tunnel.shp,SCH_LINK,-1,-1,K:\Open Data Files\Open Data 2023\February\TransitBusRoutes\RATSRATSRATS\Walkerville_8.shp,SCH_LINK,-1,-1;MAP_LINK "MAP_LINK" true true false 200 Text 0 0 ,First,#,K:\Open Data Files\Open Data 2023\February\TransitBusRoutes\RATSRATSRATS\Amherstburg_605.shp,MAP_LINK,-1,-1,K:\Open Data Files\Open Data 2023\February\TransitBusRoutes\RATSRATSRATS\Central_3.shp,MAP_LINK,-1,-1,K:\Open Data Files\Open Data 2023\February\TransitBusRoutes\RATSRATSRATS\Crosstown_2.shp,MAP_LINK,-1,-1,K:\Open Data Files\Open Data 2023\February\TransitBusRoutes\RATSRATSRATS\Dominion_5.shp,MAP_LINK,-1,-1,K:\Open Data Files\Open Data 2023\February\TransitBusRoutes\RATSRATSRATS\Dougall_6.shp,MAP_LINK,-1,-1,K:\Open Data Files\Open Data 2023\February\TransitBusRoutes\RATSRATSRATS\LaSalle_25.shp,MAP_LINK,-1,-1,K:\Open Data Files\Open Data 2023\February\TransitBusRoutes\RATSRATSRATS\Lauzon_10.shp,MAP_LINK,-1,-1,K:\Open Data Files\Open Data 2023\February\TransitBusRoutes\RATSRATSRATS\LTW_Transit_42.shp,MAP_LINK,-1,-1,K:\Open Data Files\Open Data 2023\February\TransitBusRoutes\RATSRATSRATS\Ottawa_4.shp,MAP_LINK,-1,-1,K:\Open Data Files\Open Data 2023\February\TransitBusRoutes\RATSRATSRATS\Parent_14.shp,MAP_LINK,-1,-1,K:\Open Data Files\Open Data 2023\February\TransitBusRoutes\RATSRATSRATS\Route_518x.shp,MAP_LINK,-1,-1,K:\Open Data Files\Open Data 2023\February\TransitBusRoutes\RATSRATSRATS\South_Windsor_7.shp,MAP_LINK,-1,-1,K:\Open Data Files\Open Data 2023\February\TransitBusRoutes\RATSRATSRATS\Transway_1A.shp,MAP_LINK,-1,-1,K:\Open Data Files\Open Data 2023\February\TransitBusRoutes\RATSRATSRATS\Transway_1C.shp,MAP_LINK,-1,-1,K:\Open Data Files\Open Data 2023\February\TransitBusRoutes\RATSRATSRATS\Tunnel.shp,MAP_LINK,-1,-1,K:\Open Data Files\Open Data 2023\February\TransitBusRoutes\RATSRATSRATS\Walkerville_8.shp,MAP_LINK,-1,-1;DIRECTION "DIRECTION" true true false 50 Text 0 0 ,First,#,K:\Open Data Files\Open Data 2023\February\TransitBusRoutes\RATSRATSRATS\Amherstburg_605.shp,DIRECTION,-1,-1,K:\Open Data Files\Open Data 2023\February\TransitBusRoutes\RATSRATSRATS\Central_3.shp,DIRECTION,-1,-1,K:\Open Data Files\Open Data 2023\February\TransitBusRoutes\RATSRATSRATS\Crosstown_2.shp,DIRECTION,-1,-1,K:\Open Data Files\Open Data 2023\February\TransitBusRoutes\RATSRATSRATS\Dominion_5.shp,DIRECTION,-1,-1,K:\Open Data Files\Open Data 2023\February\TransitBusRoutes\RATSRATSRATS\Dougall_6.shp,DIRECTION,-1,-1,K:\Open Data Files\Open Data 2023\February\TransitBusRoutes\RATSRATSRATS\LaSalle_25.shp,DIRECTION,-1,-1,K:\Open Data Files\Open Data 2023\February\TransitBusRoutes\RATSRATSRATS\Lauzon_10.shp,DIRECTION,-1,-1,K:\Open Data Files\Open Data 2023\February\TransitBusRoutes\RATSRATSRATS\LTW_Transit_42.shp,DIRECTION,-1,-1,K:\Open Data Files\Open Data 2023\February\TransitBusRoutes\RATSRATSRATS\Ottawa_4.shp,DIRECTION,-1,-1,K:\Open Data Files\Open Data 2023\February\TransitBusRoutes\RATSRATSRATS\Parent_14.shp,DIRECTION,-1,-1,K:\Open Data Files\Open Data 2023\February\TransitBusRoutes\RATSRATSRATS\Route_518x.shp,DIRECTION,-1,-1,K:\Open Data Files\Open Data 2023\February\TransitBusRoutes\RATSRATSRATS\South_Windsor_7.shp,DIRECTION,-1,-1,K:\Open Data Files\Open Data 2023\February\TransitBusRoutes\RATSRATSRATS\Transway_1A.shp,DIRECTION,-1,-1,K:\Open Data Files\Open Data 2023\February\TransitBusRoutes\RATSRATSRATS\Transway_1C.shp,DIRECTION,-1,-1,K:\Open Data Files\Open Data 2023\February\TransitBusRoutes\RATSRATSRATS\Tunnel.shp,DIRECTION,-1,-1,K:\Open Data Files\Open Data 2023\February\TransitBusRoutes\RATSRATSRATS\Walkerville_8.shp,DIRECTION,-1,-1;NUMBER "NUMBER" true true false 50 Text 0 0 ,First,#,K:\Open Data Files\Open Data 2023\February\TransitBusRoutes\RATSRATSRATS\Amherstburg_605.shp,NUMBER,-1,-1,K:\Open Data Files\Open Data 2023\February\TransitBusRoutes\RATSRATSRATS\Central_3.shp,NUMBER,-1,-1,K:\Open Data Files\Open Data 2023\February\TransitBusRoutes\RATSRATSRATS\Crosstown_2.shp,NUMBER,-1,-1,K:\Open Data Files\Open Data 2023\February\TransitBusRoutes\RATSRATSRATS\Dominion_5.shp,NUMBER,-1,-1,K:\Open Data Files\Open Data 2023\February\TransitBusRoutes\RATSRATSRATS\Dougall_6.shp,NUMBER,-1,-1,K:\Open Data Files\Open Data 2023\February\TransitBusRoutes\RATSRATSRATS\LaSalle_25.shp,NUMBER,-1,-1,K:\Open Data Files\Open Data 2023\February\TransitBusRoutes\RATSRATSRATS\Lauzon_10.shp,NUMBER,-1,-1,K:\Open Data Files\Open Data 2023\February\TransitBusRoutes\RATSRATSRATS\LTW_Transit_42.shp,NUMBER,-1,-1,K:\Open Data Files\Open Data 2023\February\TransitBusRoutes\RATSRATSRATS\Ottawa_4.shp,NUMBER,-1,-1,K:\Open Data Files\Open Data 2023\February\TransitBusRoutes\RATSRATSRATS\Parent_14.shp,NUMBER,-1,-1,K:\Open Data Files\Open Data 2023\February\TransitBusRoutes\RATSRATSRATS\Route_518x.shp,NUMBER,-1,-1,K:\Open Data Files\Open Data 2023\February\TransitBusRoutes\RATSRATSRATS\South_Windsor_7.shp,NUMBER,-1,-1,K:\Open Data Files\Open Data 2023\February\TransitBusRoutes\RATSRATSRATS\Transway_1A.shp,NUMBER,-1,-1,K:\Open Data Files\Open Data 2023\February\TransitBusRoutes\RATSRATSRATS\Transway_1C.shp,NUMBER,-1,-1,K:\Open Data Files\Open Data 2023\February\TransitBusRoutes\RATSRATSRATS\Walkerville_8.shp,NUMBER,-1,-1;SHAPE_Leng "SHAPE_Leng" true true false 19 Double 0 0 ,First,#,K:\Open Data Files\Open Data 2023\February\TransitBusRoutes\RATSRATSRATS\Amherstburg_605.shp,SHAPE_Leng,-1,-1,K:\Open Data Files\Open Data 2023\February\TransitBusRoutes\RATSRATSRATS\Central_3.shp,SHAPE_Leng,-1,-1,K:\Open Data Files\Open Data 2023\February\TransitBusRoutes\RATSRATSRATS\Crosstown_2.shp,SHAPE_Leng,-1,-1,K:\Open Data Files\Open Data 2023\February\TransitBusRoutes\RATSRATSRATS\Dominion_5.shp,SHAPE_Leng,-1,-1,K:\Open Data Files\Open Data 2023\February\TransitBusRoutes\RATSRATSRATS\Dougall_6.shp,SHAPE_Leng,-1,-1,K:\Open Data Files\Open Data 2023\February\TransitBusRoutes\RATSRATSRATS\LaSalle_25.shp,SHAPE_Leng,-1,-1,K:\Open Data Files\Open Data 2023\February\TransitBusRoutes\RATSRATSRATS\Lauzon_10.shp,SHAPE_Leng,-1,-1,K:\Open Data Files\Open Data 2023\February\TransitBusRoutes\RATSRATSRATS\LTW_Transit_42.shp,SHAPE_Leng,-1,-1,K:\Open Data Files\Open Data 2023\February\TransitBusRoutes\RATSRATSRATS\Ottawa_4.shp,SHAPE_Leng,-1,-1,K:\Open Data Files\Open Data 2023\February\TransitBusRoutes\RATSRATSRATS\Parent_14.shp,SHAPE_Leng,-1,-1,K:\Open Data Files\Open Data 2023\February\TransitBusRoutes\RATSRATSRATS\Route_518x.shp,SHAPE_Leng,-1,-1,K:\Open Data Files\Open Data 2023\February\TransitBusRoutes\RATSRATSRATS\South_Windsor_7.shp,SHAPE_Leng,-1,-1,K:\Open Data Files\Open Data 2023\February\TransitBusRoutes\RATSRATSRATS\Transway_1A.shp,SHAPE_Leng,-1,-1,K:\Open Data Files\Open Data 2023\February\TransitBusRoutes\RATSRATSRATS\Transway_1C.shp,SHAPE_Leng,-1,-1,K:\Open Data Files\Open Data 2023\February\TransitBusRoutes\RATSRATSRATS\Tunnel.shp,SHAPE_Leng,-1,-1,K:\Open Data Files\Open Data 2023\February\TransitBusRoutes\RATSRATSRATS\Walkerville_8.shp,SHAPE_Leng,-1,-1"</Process><Process ToolSource="c:\program files (x86)\arcgis\desktop10.6\ArcToolbox\Toolboxes\Conversion Tools.tbx\FeatureClassToFeatureClass" Date="20230216" Time="131552">FeatureClassToFeatureClass "K:\Open Data Files\Open Data 2023\February\TransitBusRoutes\RATSRATSRATS\TransitBusRoutes.shp" "K:\Open Data Files\Open Data 2023\February\TransitBusRoutes\RATSRATSRATS_UTM83" "Transit Windsor Bus Routes_UTM83" # "NAME "NAME" true true false 50 Text 0 0 ,First,#,K:\Open Data Files\Open Data 2023\February\TransitBusRoutes\RATSRATSRATS\TransitBusRoutes.shp,NAME,-1,-1;SCH_LINK "SCH_LINK" true true false 200 Text 0 0 ,First,#,K:\Open Data Files\Open Data 2023\February\TransitBusRoutes\RATSRATSRATS\TransitBusRoutes.shp,SCH_LINK,-1,-1;MAP_LINK "MAP_LINK" true true false 200 Text 0 0 ,First,#,K:\Open Data Files\Open Data 2023\February\TransitBusRoutes\RATSRATSRATS\TransitBusRoutes.shp,MAP_LINK,-1,-1;DIRECTION "DIRECTION" true true false 50 Text 0 0 ,First,#,K:\Open Data Files\Open Data 2023\February\TransitBusRoutes\RATSRATSRATS\TransitBusRoutes.shp,DIRECTION,-1,-1;NUMBER "NUMBER" true true false 50 Text 0 0 ,First,#,K:\Open Data Files\Open Data 2023\February\TransitBusRoutes\RATSRATSRATS\TransitBusRoutes.shp,NUMBER,-1,-1;SHAPE_Leng "SHAPE_Leng" true true false 19 Double 0 0 ,First,#,K:\Open Data Files\Open Data 2023\February\TransitBusRoutes\RATSRATSRATS\TransitBusRoutes.shp,SHAPE_Leng,-1,-1" #</Process></lineage><itemProps><itemLocation><linkage Sync="TRUE">file://\\corp.windsor\GIS\Current\Open Data Files\Open Data 2023\February\TransitBusRoutes\RATSRATSRATS_UTM83\Transit Windsor Bus Routes_UTM83.shp</linkage><protocol Sync="TRUE">Local Area Network</protocol></itemLocation><itemName Sync="TRUE">Transit Windsor Bus Routes_UTM83</itemName><imsContentType Sync="TRUE">002</imsContentType><itemSize Sync="TRUE">0.000</itemSize></itemProps><coordRef><type Sync="TRUE">Projected</type><geogcsn Sync="TRUE">GCS_North_American_1983</geogcsn><csUnits Sync="TRUE">Linear Unit: Meter (1.000000)</csUnits><projcsn Sync="TRUE">NAD_1983_UTM_Zone_17N</projcsn><peXml Sync="TRUE">&lt;ProjectedCoordinateSystem xsi:type='typens:ProjectedCoordinateSystem' xmlns:xsi='http://www.w3.org/2001/XMLSchema-instance' xmlns:xs='http://www.w3.org/2001/XMLSchema' xmlns:typens='http://www.esri.com/schemas/ArcGIS/10.6'&gt;&lt;WKT&gt;PROJCS[&amp;quot;NAD_1983_UTM_Zone_17N&amp;quot;,GEOGCS[&amp;quot;GCS_North_American_1983&amp;quot;,DATUM[&amp;quot;D_North_American_1983&amp;quot;,SPHEROID[&amp;quot;GRS_1980&amp;quot;,6378137.0,298.257222101]],PRIMEM[&amp;quot;Greenwich&amp;quot;,0.0],UNIT[&amp;quot;Degree&amp;quot;,0.0174532925199433]],PROJECTION[&amp;quot;Transverse_Mercator&amp;quot;],PARAMETER[&amp;quot;False_Easting&amp;quot;,500000.0],PARAMETER[&amp;quot;False_Northing&amp;quot;,0.0],PARAMETER[&amp;quot;Central_Meridian&amp;quot;,-81.0],PARAMETER[&amp;quot;Scale_Factor&amp;quot;,0.9996],PARAMETER[&amp;quot;Latitude_Of_Origin&amp;quot;,0.0],UNIT[&amp;quot;Meter&amp;quot;,1.0],AUTHORITY[&amp;quot;EPSG&amp;quot;,26917]]&lt;/WKT&gt;&lt;XOrigin&gt;-5120900&lt;/XOrigin&gt;&lt;YOrigin&gt;-9998100&lt;/YOrigin&gt;&lt;XYScale&gt;450445547.3910538&lt;/XYScale&gt;&lt;ZOrigin&gt;-100000&lt;/ZOrigin&gt;&lt;ZScale&gt;10000&lt;/ZScale&gt;&lt;MOrigin&gt;-100000&lt;/MOrigin&gt;&lt;MScale&gt;10000&lt;/MScale&gt;&lt;XYTolerance&gt;0.001&lt;/XYTolerance&gt;&lt;ZTolerance&gt;0.001&lt;/ZTolerance&gt;&lt;MTolerance&gt;0.001&lt;/MTolerance&gt;&lt;HighPrecision&gt;true&lt;/HighPrecision&gt;&lt;WKID&gt;26917&lt;/WKID&gt;&lt;LatestWKID&gt;26917&lt;/LatestWKID&gt;&lt;/ProjectedCoordinateSystem&gt;</peXml></coordRef></DataProperties><SyncDate>20230216</SyncDate><SyncTime>13155200</SyncTime><ModDate>20230216</ModDate><ModTime>13155200</ModTime></Esri><dataIdInfo><envirDesc Sync="TRUE"> Version 6.2 (Build 9200) ; Esri ArcGIS 10.6.0.8321</envirDesc><dataLang><languageCode value="eng" Sync="TRUE"></languageCode><countryCode value="USA" Sync="TRUE"></countryCode></dataLang><idCitation><resTitle Sync="TRUE">Transit Windsor Bus Routes_UTM83</resTitle><presForm><PresFormCd value="005" Sync="TRUE"></PresFormCd></presForm></idCitation><spatRpType><SpatRepTypCd value="001" Sync="TRUE"></SpatRepTypCd></spatRpType></dataIdInfo><mdLang><languageCode value="eng" Sync="TRUE"></languageCode><countryCode value="USA" Sync="TRUE"></countryCode></mdLang><distInfo><distFormat><formatName Sync="TRUE">Shapefile</formatName></distFormat><distTranOps><transSize Sync="TRUE">0.000</transSize></distTranOps></distInfo><mdHrLv><ScopeCd value="005" Sync="TRUE"></ScopeCd></mdHrLv><mdHrLvName Sync="TRUE">dataset</mdHrLvName><refSysInfo><RefSystem><refSysID><identCode code="26917" Sync="TRUE"></identCode><idCodeSpace Sync="TRUE">EPSG</idCodeSpace><idVersion Sync="TRUE">6.13(3.0.1)</idVersion></refSysID></RefSystem></refSysInfo><spatRepInfo><VectSpatRep><geometObjs Name="Transit Windsor Bus Routes_UTM83"><geoObjTyp><GeoObjTypCd value="002" Sync="TRUE"></GeoObjTypCd></geoObjTyp><geoObjCnt Sync="TRUE">0</geoObjCnt></geometObjs><topLvl><TopoLevCd value="001" Sync="TRUE"></TopoLevCd></topLvl></VectSpatRep></spatRepInfo><spdoinfo><ptvctinf><esriterm Name="Transit Windsor Bus Routes_UTM83"><efeatyp Sync="TRUE">Simple</efeatyp><efeageom code="3" Sync="TRUE"></efeageom><esritopo Sync="TRUE">FALSE</esritopo><efeacnt Sync="TRUE">0</efeacnt><spindex Sync="TRUE">FALSE</spindex><linrefer Sync="TRUE">FALSE</linrefer></esriterm></ptvctinf></spdoinfo><eainfo><detailed Name="Transit Windsor Bus Routes_UTM83"><enttyp><enttypl Sync="TRUE">Transit Windsor Bus Routes_UTM83</enttypl><enttypt Sync="TRUE">Feature Class</enttypt><enttypc Sync="TRUE">0</enttypc></enttyp><attr><attrlabl Sync="TRUE">FID</attrlabl><attalias Sync="TRUE">FID</attalias><attrtype Sync="TRUE">OID</attrtype><attwidth Sync="TRUE">4</attwidth><atprecis Sync="TRUE">0</atprecis><attscale Sync="TRUE">0</attscale><attrdef Sync="TRUE">Internal feature number.</attrdef><attrdefs Sync="TRUE">Esri</attrdefs><attrdomv><udom Sync="TRUE">Sequential unique whole numbers that are automatically generated.</udom></attrdomv></attr><attr><attrlabl Sync="TRUE">Shape</attrlabl><attalias Sync="TRUE">Shape</attalias><attrtype Sync="TRUE">Geometry</attrtype><attwidth Sync="TRUE">0</attwidth><atprecis Sync="TRUE">0</atprecis><attscale Sync="TRUE">0</attscale><attrdef Sync="TRUE">Feature geometry.</attrdef><attrdefs Sync="TRUE">Esri</attrdefs><attrdomv><udom Sync="TRUE">Coordinates defining the features.</udom></attrdomv></attr><attr><attrlabl Sync="TRUE">NAME</attrlabl><attalias Sync="TRUE">NAME</attalias><attrtype Sync="TRUE">String</attrtype><attwidth Sync="TRUE">50</attwidth><atprecis Sync="TRUE">0</atprecis><attscale Sync="TRUE">0</attscale></attr><attr><attrlabl Sync="TRUE">SCH_LINK</attrlabl><attalias Sync="TRUE">SCH_LINK</attalias><attrtype Sync="TRUE">String</attrtype><attwidth Sync="TRUE">200</attwidth><atprecis Sync="TRUE">0</atprecis><attscale Sync="TRUE">0</attscale></attr><attr><attrlabl Sync="TRUE">MAP_LINK</attrlabl><attalias Sync="TRUE">MAP_LINK</attalias><attrtype Sync="TRUE">String</attrtype><attwidth Sync="TRUE">200</attwidth><atprecis Sync="TRUE">0</atprecis><attscale Sync="TRUE">0</attscale></attr><attr><attrlabl Sync="TRUE">DIRECTION</attrlabl><attalias Sync="TRUE">DIRECTION</attalias><attrtype Sync="TRUE">String</attrtype><attwidth Sync="TRUE">50</attwidth><atprecis Sync="TRUE">0</atprecis><attscale Sync="TRUE">0</attscale></attr><attr><attrlabl Sync="TRUE">NUMBER</attrlabl><attalias Sync="TRUE">NUMBER</attalias><attrtype Sync="TRUE">String</attrtype><attwidth Sync="TRUE">50</attwidth><atprecis Sync="TRUE">0</atprecis><attscale Sync="TRUE">0</attscale></attr><attr><attrlabl Sync="TRUE">SHAPE_Leng</attrlabl><attalias Sync="TRUE">SHAPE_Leng</attalias><attrtype Sync="TRUE">Double</attrtype><attwidth Sync="TRUE">19</attwidth><atprecis Sync="TRUE">0</atprecis><attscale Sync="TRUE">0</attscale></attr></detailed></eainfo><mdDateSt Sync="TRUE">20230216</mdDateSt></metadata>
