<metadata xml:lang="en"><Esri><CreaDate>20240531</CreaDate><CreaTime>17231800</CreaTime><ArcGISFormat>1.0</ArcGISFormat><SyncOnce>FALSE</SyncOnce><DataProperties><itemProps><itemLocation><linkage Sync="TRUE">file://\\SYSID17166\C$\Users\dayca\Desktop\Parcels_LL84\Parcels_LL84.shp</linkage><protocol Sync="TRUE">Local Area Network</protocol></itemLocation><itemName Sync="TRUE">Parcels_LL84</itemName><imsContentType Sync="TRUE">002</imsContentType><itemSize Sync="TRUE">0.000</itemSize></itemProps><lineage><Process ToolSource="c:\program files\arcgis\pro\Resources\ArcToolbox\toolboxes\Data Management Tools.tbx\ChangeVersion" Date="20241022" Time="091024">ChangeVersion parcel TRANSACTIONAL "WINDSOR\CARTIEJO".Parcel_JC_20241021 # INCLUDE</Process><Process ToolSource="c:\program files\arcgis\pro\Resources\ArcToolbox\toolboxes\Data Management Tools.tbx\ChangeVersion" Date="20241022" Time="094444">ChangeVersion parcel TRANSACTIONAL "WINDSOR\CARTIEJO".Parcel_JC_20241021 # INCLUDE</Process><Process ToolSource="c:\program files\arcgis\pro\Resources\ArcToolbox\toolboxes\Data Management Tools.tbx\ChangeVersion" Date="20241024" Time="155151">ChangeVersion parcel TRANSACTIONAL "WINDSOR\CARTIEJO".Parcel_JC_20241021 # INCLUDE</Process><Process ToolSource="c:\program files\arcgis\pro\Resources\ArcToolbox\toolboxes\Data Management Tools.tbx\ChangeVersion" Date="20241028" Time="111314">ChangeVersion parcel TRANSACTIONAL "WINDSOR\CARTIEJO".Parcel_JC_20241021 # INCLUDE</Process><Process ToolSource="c:\program files\arcgis\pro\Resources\ArcToolbox\toolboxes\Data Management Tools.tbx\ChangeVersion" Date="20241028" Time="160217">ChangeVersion parcel TRANSACTIONAL "WINDSOR\CARTIEJO".Parcel_JC_20241021 # INCLUDE</Process><Process ToolSource="c:\program files\arcgis\pro\Resources\ArcToolbox\toolboxes\Data Management Tools.tbx\ChangeVersion" Date="20241029" Time="113801">ChangeVersion parcel TRANSACTIONAL "WINDSOR\CARTIEJO".Parcel_JC_20241021 # INCLUDE</Process><Process ToolSource="c:\program files\arcgis\pro\Resources\ArcToolbox\toolboxes\Data Management Tools.tbx\ChangeVersion" Date="20241029" Time="114840">ChangeVersion parcel TRANSACTIONAL "WINDSOR\CARTIEJO".Parcel_JC_20241021 # INCLUDE</Process><Process ToolSource="c:\program files\arcgis\pro\Resources\ArcToolbox\toolboxes\Data Management Tools.tbx\ChangeVersion" Date="20241031" Time="131020">ChangeVersion parcel TRANSACTIONAL "WINDSOR\CARTIEJO".Parcel_JC_20241021 # INCLUDE</Process><Process ToolSource="c:\program files\arcgis\pro\Resources\ArcToolbox\toolboxes\Data Management Tools.tbx\ChangeVersion" Date="20241031" Time="131355">ChangeVersion parcel TRANSACTIONAL "WINDSOR\CARTIEJO".Parcel_JC_20241021 # INCLUDE</Process><Process ToolSource="c:\program files\arcgis\pro\Resources\ArcToolbox\toolboxes\Data Management Tools.tbx\ChangeVersion" Date="20241031" Time="131956">ChangeVersion parcel TRANSACTIONAL "WINDSOR\CARTIEJO".Parcel_JC_20241021 # INCLUDE</Process><Process ToolSource="c:\program files\arcgis\pro\Resources\ArcToolbox\toolboxes\Data Management Tools.tbx\ChangeVersion" Date="20241031" Time="132243">ChangeVersion parcel TRANSACTIONAL "WINDSOR\CARTIEJO".Parcel_JC_20241021 # INCLUDE</Process><Process ToolSource="c:\program files\arcgis\pro\Resources\ArcToolbox\toolboxes\Data Management Tools.tbx\GenerateDefinitionQueryFromSelection" Date="20241115" Time="160325">GenerateDefinitionQueryFromSelection Parcel MATCH_SELECTION # "Downtown Parcels" NON_INVERT NOT_APPEND NOT_OVERWRITE #</Process><Process ToolSource="c:\program files\arcgis\pro\Resources\ArcToolbox\Toolboxes\Data Management Tools.tbx\UpdateSchema" Date="20241217" Time="163018">UpdateSchema "CIMDATA=&lt;CIMFeatureDatasetDataConnection xsi:type='typens:CIMFeatureDatasetDataConnection' xmlns:xsi='http://www.w3.org/2001/XMLSchema-instance' xmlns:xs='http://www.w3.org/2001/XMLSchema' xmlns:typens='http://www.esri.com/schemas/ArcGIS/3.4.0'&gt;&lt;FeatureDataset&gt;GISO.Property&lt;/FeatureDataset&gt;&lt;WorkspaceConnectionString&gt;ENCRYPTED_PASSWORD_UTF8=00022e686d384c66696d65497854736e5144637830652f4a3676565075444353514e762f7a614d4476784a36694f383d2a00;ENCRYPTED_PASSWORD=00022e6872665465366d7234574b485766357651656d2b67365251504b59756e437a6a4d48744f7663572b757a4c6f3d2a00;SERVER=SCORSQL03;INSTANCE=sde:sqlserver:SCORSQL03\A;DBCLIENT=sqlserver;DB_CONNECTION_PROPERTIES=SCORSQL03\A;DATABASE=GEOSRC;USER=giso;VERSION=sde.DEFAULT;AUTHENTICATION_MODE=DBMS&lt;/WorkspaceConnectionString&gt;&lt;WorkspaceFactory&gt;SDE&lt;/WorkspaceFactory&gt;&lt;Dataset&gt;GISO.Parcel&lt;/Dataset&gt;&lt;DatasetType&gt;esriDTFeatureClass&lt;/DatasetType&gt;&lt;/CIMFeatureDatasetDataConnection&gt;" &lt;operationSequence&gt;&lt;workflow&gt;&lt;AddField&gt;&lt;field_name&gt;PRIMARY_ADDR&lt;/field_name&gt;&lt;field_type&gt;TEXT&lt;/field_type&gt;&lt;field_precision&gt;0&lt;/field_precision&gt;&lt;field_length&gt;255&lt;/field_length&gt;&lt;field_is_nullable&gt;True&lt;/field_is_nullable&gt;&lt;field_is_required&gt;False&lt;/field_is_required&gt;&lt;/AddField&gt;&lt;/workflow&gt;&lt;workflow&gt;&lt;AddField&gt;&lt;field_name&gt;ST_COMPKEY&lt;/field_name&gt;&lt;field_type&gt;LONG&lt;/field_type&gt;&lt;field_precision&gt;10&lt;/field_precision&gt;&lt;field_is_nullable&gt;True&lt;/field_is_nullable&gt;&lt;field_is_required&gt;False&lt;/field_is_required&gt;&lt;/AddField&gt;&lt;/workflow&gt;&lt;/operationSequence&gt;</Process><Process ToolSource="c:\program files\arcgis\pro\Resources\ArcToolbox\Toolboxes\Data Management Tools.tbx\UpdateSchema" Date="20241217" Time="163147">UpdateSchema "CIMDATA=&lt;CIMFeatureDatasetDataConnection xsi:type='typens:CIMFeatureDatasetDataConnection' xmlns:xsi='http://www.w3.org/2001/XMLSchema-instance' xmlns:xs='http://www.w3.org/2001/XMLSchema' xmlns:typens='http://www.esri.com/schemas/ArcGIS/3.4.0'&gt;&lt;FeatureDataset&gt;GISO.Property&lt;/FeatureDataset&gt;&lt;WorkspaceConnectionString&gt;ENCRYPTED_PASSWORD_UTF8=00022e686d384c66696d65497854736e5144637830652f4a3676565075444353514e762f7a614d4476784a36694f383d2a00;ENCRYPTED_PASSWORD=00022e6872665465366d7234574b485766357651656d2b67365251504b59756e437a6a4d48744f7663572b757a4c6f3d2a00;SERVER=SCORSQL03;INSTANCE=sde:sqlserver:SCORSQL03\A;DBCLIENT=sqlserver;DB_CONNECTION_PROPERTIES=SCORSQL03\A;DATABASE=GEOSRC;USER=giso;VERSION=sde.DEFAULT;AUTHENTICATION_MODE=DBMS&lt;/WorkspaceConnectionString&gt;&lt;WorkspaceFactory&gt;SDE&lt;/WorkspaceFactory&gt;&lt;Dataset&gt;GISO.Parcel&lt;/Dataset&gt;&lt;DatasetType&gt;esriDTFeatureClass&lt;/DatasetType&gt;&lt;/CIMFeatureDatasetDataConnection&gt;" &lt;operationSequence&gt;&lt;workflow&gt;&lt;AddField&gt;&lt;field_name&gt;ST_COMPKEY&lt;/field_name&gt;&lt;field_type&gt;TEXT&lt;/field_type&gt;&lt;field_precision&gt;0&lt;/field_precision&gt;&lt;field_length&gt;255&lt;/field_length&gt;&lt;field_is_nullable&gt;True&lt;/field_is_nullable&gt;&lt;field_is_required&gt;False&lt;/field_is_required&gt;&lt;/AddField&gt;&lt;/workflow&gt;&lt;workflow&gt;&lt;AddField&gt;&lt;field_name&gt;PRIMARY_ADDR&lt;/field_name&gt;&lt;field_type&gt;LONG&lt;/field_type&gt;&lt;field_precision&gt;10&lt;/field_precision&gt;&lt;field_is_nullable&gt;True&lt;/field_is_nullable&gt;&lt;field_is_required&gt;False&lt;/field_is_required&gt;&lt;/AddField&gt;&lt;/workflow&gt;&lt;/operationSequence&gt;</Process><Process ToolSource="c:\program files\arcgis\pro\Resources\ArcToolbox\toolboxes\Data Management Tools.tbx\Append" Date="20250130" Time="162158">Append PendingParcel Parcel NO_TEST "ADDR_NUMBER "Address Number" true true false 254 Text 0 0,First,#,PendingParcel,winPropertyPending.ADDR_NUM,0,19;ADDR_RANGE "Address Range" true true false 254 Text 0 0,First,#,PendingParcel,winPropertyPending.PROPERTY_ADDRESS,0,331;DIRECTION "DIRECTION" true true false 254 Text 0 0,First,#,PendingParcel,winPropertyPending.DIRECTION,0,1;LEGAL1 "LEGAL1" true true false 254 Text 0 0,First,#,PendingParcel,winPropertyPending.LEGALDESC,0,3999;LEGAL2 "LEGAL2" true true false 254 Text 0 0,First,#;LEGAL3 "LEGAL3" true true false 254 Text 0 0,First,#;PROP_CODE "Property Code" true true false 254 Text 0 0,First,#,PendingParcel,winPropertyPending.PROPCODE,0,11;PROP_ROLL "PROP_ROLL" true true false 254 Text 0 0,First,#,PendingParcel,winPropertyPending.ROLL_TEXT,0,39;ROLL_FIX "Parcel Roll Number" true true false 254 Text 0 0,First,#,PendingParcel,winPropertyPending.ROLL_FIX,0,17;STREET "STREET" true true false 254 Text 0 0,First,#,PendingParcel,winPropertyPending.STREET,0,39;SUFFIX "SUFFIX" true true false 254 Text 0 0,First,#,PendingParcel,winPropertyPending.SUFFIX,0,9;ZONING "ZONING" true true false 254 Text 0 0,First,#,PendingParcel,winPropertyPending.ZONING1,0,79;gisid_old "gisid_old" true true false 255 Text 0 0,First,#;YEARBUILT "YEARBUILT" true true false 255 Text 0 0,First,#;GlobalID "GlobalID" false false true 38 GlobalID 0 0,First,#;PROP_RSN "Property RSN" true true false 4 Long 0 0,First,#,PendingParcel,winPropertyPending.PROPERTYRSN_INT,-1,-1;ST_COMPKEY "Fronting Street Compkey" true true false 4 Long 0 0,First,#;GISID "Parcel RSN" true true false 4 Long 0 0,First,#,PendingParcel,winPropertyPending.PROPERTYRSN_INT,-1,-1;OWNERSHIP "Ownership" true true false 255 Text 0 0,First,#;STATUS "Status" true true false 255 Text 0 0,First,#;LOT_SIZE "Lot Size" true true false 8 Double 0 0,First,#,PendingParcel,winPropertyPending.AREA,-1,-1;FRONTAGE "Frontage" true true false 8 Double 0 0,First,#,PendingParcel,winPropertyPending.FRONTAGE,-1,-1;DEPTH "Depth" true true false 8 Double 0 0,First,#,PendingParcel,winPropertyPending.DEPTH,-1,-1" # # # NOT_UPDATE_GEOMETRY NO_ENFORCE_DOMAINS</Process><Process ToolSource="c:\program files\arcgis\pro\Resources\ArcToolbox\toolboxes\Data Management Tools.tbx\CalculateField" Date="20250130" Time="162713">CalculateField Parcel STATUS "Pending" PYTHON3 # TEXT NO_ENFORCE_DOMAINS</Process><Process ToolSource="c:\program files\arcgis\pro\Resources\ArcToolbox\toolboxes\Data Management Tools.tbx\CalculateField" Date="20250131" Time="092954">CalculateField Parcel ROLL_FIX !ROLL_FIX!.rstrip('-0000') PYTHON3 # TEXT NO_ENFORCE_DOMAINS</Process><Process ToolSource="c:\program files\arcgis\pro\Resources\ArcToolbox\toolboxes\Data Management Tools.tbx\CalculateField" Date="20250131" Time="114946">CalculateField Parcel PROP_ROLL !PROP_ROLL![4:] PYTHON3 # TEXT NO_ENFORCE_DOMAINS</Process><Process ToolSource="c:\program files\arcgis\pro\Resources\ArcToolbox\toolboxes\Data Management Tools.tbx\CalculateField" Date="20250203" Time="090531">CalculateField Parcel STATUS "PEND" PYTHON3 # TEXT NO_ENFORCE_DOMAINS</Process><Process ToolSource="c:\program files\arcgis\pro\Resources\ArcToolbox\toolboxes\Data Management Tools.tbx\Append" Date="20250203" Time="150825">Append ActiveinParcel_ExportFeatures "Active in Parcel" NO_TEST "ADDR_NUMBER "Address Number" true true false 254 Text 0 0,First,#,C:\ArcGIS Projects\PropertyAnalyst\PropertyAnalyst.gdb\ActiveinParcel_ExportFeatures,ADDR_NUMBER,0,253;ADDR_RANGE "Address Range" true true false 254 Text 0 0,First,#,C:\ArcGIS Projects\PropertyAnalyst\PropertyAnalyst.gdb\ActiveinParcel_ExportFeatures,ADDR_RANGE,0,253;DIRECTION "DIRECTION" true true false 254 Text 0 0,First,#,C:\ArcGIS Projects\PropertyAnalyst\PropertyAnalyst.gdb\ActiveinParcel_ExportFeatures,DIRECTION,0,253;LEGAL1 "LEGAL1" true true false 254 Text 0 0,First,#,C:\ArcGIS Projects\PropertyAnalyst\PropertyAnalyst.gdb\ActiveinParcel_ExportFeatures,LEGAL1,0,253;LEGAL2 "LEGAL2" true true false 254 Text 0 0,First,#,C:\ArcGIS Projects\PropertyAnalyst\PropertyAnalyst.gdb\ActiveinParcel_ExportFeatures,LEGAL2,0,253;LEGAL3 "LEGAL3" true true false 254 Text 0 0,First,#,C:\ArcGIS Projects\PropertyAnalyst\PropertyAnalyst.gdb\ActiveinParcel_ExportFeatures,LEGAL3,0,253;PROP_CODE "Property Code" true true false 254 Text 0 0,First,#,C:\ArcGIS Projects\PropertyAnalyst\PropertyAnalyst.gdb\ActiveinParcel_ExportFeatures,PROP_CODE,0,253;PROP_ROLL "PROP_ROLL" true true false 254 Text 0 0,First,#,C:\ArcGIS Projects\PropertyAnalyst\PropertyAnalyst.gdb\ActiveinParcel_ExportFeatures,PROP_ROLL,0,253;ROLL_FIX "Parcel Roll Number" true true false 254 Text 0 0,First,#,C:\ArcGIS Projects\PropertyAnalyst\PropertyAnalyst.gdb\ActiveinParcel_ExportFeatures,ROLL_FIX,0,253;STREET "STREET" true true false 254 Text 0 0,First,#,C:\ArcGIS Projects\PropertyAnalyst\PropertyAnalyst.gdb\ActiveinParcel_ExportFeatures,STREET,0,253;SUFFIX "SUFFIX" true true false 254 Text 0 0,First,#,C:\ArcGIS Projects\PropertyAnalyst\PropertyAnalyst.gdb\ActiveinParcel_ExportFeatures,SUFFIX,0,253;ZONING "ZONING" true true false 254 Text 0 0,First,#,C:\ArcGIS Projects\PropertyAnalyst\PropertyAnalyst.gdb\ActiveinParcel_ExportFeatures,ZONING,0,253;gisid_old "gisid_old" true true false 255 Text 0 0,First,#,C:\ArcGIS Projects\PropertyAnalyst\PropertyAnalyst.gdb\ActiveinParcel_ExportFeatures,gisid_old,0,254;YEARBUILT "YEARBUILT" true true false 255 Text 0 0,First,#,C:\ArcGIS Projects\PropertyAnalyst\PropertyAnalyst.gdb\ActiveinParcel_ExportFeatures,YEARBUILT,0,254;GlobalID "GlobalID" false false true 38 GlobalID 0 0,First,#,C:\ArcGIS Projects\PropertyAnalyst\PropertyAnalyst.gdb\ActiveinParcel_ExportFeatures,GlobalID,-1,-1;PROP_RSN "Property RSN" true true false 4 Long 0 10,First,#,C:\ArcGIS Projects\PropertyAnalyst\PropertyAnalyst.gdb\ActiveinParcel_ExportFeatures,PROP_RSN,-1,-1;ST_COMPKEY "Fronting Street Compkey" true true false 4 Long 0 10,First,#,C:\ArcGIS Projects\PropertyAnalyst\PropertyAnalyst.gdb\ActiveinParcel_ExportFeatures,ST_COMPKEY,-1,-1;GISID "Parcel RSN" true true false 4 Long 0 10,First,#,C:\ArcGIS Projects\PropertyAnalyst\PropertyAnalyst.gdb\ActiveinParcel_ExportFeatures,GISID,-1,-1;OWNERSHIP "Ownership" true true false 255 Text 0 0,First,#,C:\ArcGIS Projects\PropertyAnalyst\PropertyAnalyst.gdb\ActiveinParcel_ExportFeatures,OWNERSHIP,0,254;STATUS "Status" true true false 255 Text 0 0,First,#,C:\ArcGIS Projects\PropertyAnalyst\PropertyAnalyst.gdb\ActiveinParcel_ExportFeatures,STATUS,0,254;LOT_SIZE "Lot Size" true true false 8 Double 1 7,First,#,C:\ArcGIS Projects\PropertyAnalyst\PropertyAnalyst.gdb\ActiveinParcel_ExportFeatures,LOT_SIZE,-1,-1;FRONTAGE "Frontage" true true false 8 Double 1 7,First,#,C:\ArcGIS Projects\PropertyAnalyst\PropertyAnalyst.gdb\ActiveinParcel_ExportFeatures,FRONTAGE,-1,-1;DEPTH "Depth" true true false 8 Double 1 7,First,#,C:\ArcGIS Projects\PropertyAnalyst\PropertyAnalyst.gdb\ActiveinParcel_ExportFeatures,DEPTH,-1,-1" # # # NOT_UPDATE_GEOMETRY NO_ENFORCE_DOMAINS</Process><Process ToolSource="c:\program files\arcgis\pro\Resources\ArcToolbox\toolboxes\Data Management Tools.tbx\CalculateField" Date="20250203" Time="160613">CalculateField "Active in Parcel" STATUS "NODATA" PYTHON3 # TEXT NO_ENFORCE_DOMAINS</Process><Process ToolSource="c:\program files\arcgis\pro\Resources\ArcToolbox\toolboxes\Data Management Tools.tbx\CalculateField" Date="20250203" Time="160708">CalculateField "Historic in Parcel" STATUS "ACTIVE" PYTHON3 # TEXT NO_ENFORCE_DOMAINS</Process><Process ToolSource="c:\program files\arcgis\pro\Resources\ArcToolbox\toolboxes\Data Management Tools.tbx\CalculateField" Date="20250203" Time="161307">CalculateField "Pending in Parcel" STATUS "NODATA" PYTHON3 # TEXT NO_ENFORCE_DOMAINS</Process><Process ToolSource="c:\program files\arcgis\pro\Resources\ArcToolbox\toolboxes\Data Management Tools.tbx\CalculateField" Date="20250204" Time="091332">CalculateField "Pending in Parcel" STATUS "NODATA" PYTHON3 # TEXT NO_ENFORCE_DOMAINS</Process><Process ToolSource="c:\program files\arcgis\pro\Resources\ArcToolbox\toolboxes\Data Management Tools.tbx\CalculateField" Date="20250204" Time="091556">CalculateField "Pending in Parcel" STATUS "NODATA" PYTHON3 # TEXT NO_ENFORCE_DOMAINS</Process><Process ToolSource="c:\program files\arcgis\pro\Resources\ArcToolbox\toolboxes\Data Management Tools.tbx\CalculateField" Date="20250204" Time="092835">CalculateField "Pending in Parcel" STATUS "NODATA" PYTHON3 # TEXT NO_ENFORCE_DOMAINS</Process><Process ToolSource="c:\program files\arcgis\pro\Resources\ArcToolbox\toolboxes\Data Management Tools.tbx\CalculateField" Date="20250204" Time="122618">CalculateField "Active in Parcel" STATUS None PYTHON3 # TEXT NO_ENFORCE_DOMAINS</Process><Process ToolSource="c:\program files\arcgis\pro\Resources\ArcToolbox\toolboxes\Data Management Tools.tbx\CalculateField" Date="20250204" Time="122803">CalculateField "Active in Parcel" STATUS None PYTHON3 # TEXT NO_ENFORCE_DOMAINS</Process><Process ToolSource="c:\program files\arcgis\pro\Resources\ArcToolbox\toolboxes\Data Management Tools.tbx\CalculateField" Date="20250204" Time="145826">CalculateField "Active in Parcel" STATUS "NODATA" PYTHON3 # TEXT NO_ENFORCE_DOMAINS</Process><Process ToolSource="c:\program files\arcgis\pro\Resources\ArcToolbox\toolboxes\Data Management Tools.tbx\CalculateField" Date="20250206" Time="131103">CalculateField Parcel PROP_CODE 100 PYTHON3 # TEXT ENFORCE_DOMAINS</Process><Process ToolSource="c:\program files\arcgis\pro\Resources\ArcToolbox\Toolboxes\Data Management Tools.tbx\UpdateSchema" Date="20250208" Time="101842">UpdateSchema "CIMDATA=&lt;CIMFeatureDatasetDataConnection xsi:type='typens:CIMFeatureDatasetDataConnection' xmlns:xsi='http://www.w3.org/2001/XMLSchema-instance' xmlns:xs='http://www.w3.org/2001/XMLSchema' xmlns:typens='http://www.esri.com/schemas/ArcGIS/3.4.0'&gt;&lt;FeatureDataset&gt;GISO.Property&lt;/FeatureDataset&gt;&lt;WorkspaceConnectionString&gt;ENCRYPTED_PASSWORD_UTF8=00022e686a66734f56334877314f722b556b79642b776d5365304b4e6f714a4b644c3345383147725a3346494879413d2a00;ENCRYPTED_PASSWORD=00022e68546c4f396850395452786f4f436a3544586f3154314d70327172437145714748616253575a5a6f6e4d624d3d2a00;SERVER=SCORSQL03;INSTANCE=sde:sqlserver:SCORSQL03\A;DBCLIENT=sqlserver;DB_CONNECTION_PROPERTIES=SCORSQL03\A;DATABASE=GEOSRC;USER=giso;VERSION=sde.DEFAULT;AUTHENTICATION_MODE=DBMS&lt;/WorkspaceConnectionString&gt;&lt;WorkspaceFactory&gt;SDE&lt;/WorkspaceFactory&gt;&lt;Dataset&gt;GISO.Parcel&lt;/Dataset&gt;&lt;DatasetType&gt;esriDTFeatureClass&lt;/DatasetType&gt;&lt;/CIMFeatureDatasetDataConnection&gt;" &lt;operationSequence&gt;&lt;workflow&gt;&lt;AlterField&gt;&lt;field_name&gt;PROP_CODE&lt;/field_name&gt;&lt;new_field_name&gt;PROP_CODE_old&lt;/new_field_name&gt;&lt;field_type&gt;TEXT&lt;/field_type&gt;&lt;field_is_nullable&gt;True&lt;/field_is_nullable&gt;&lt;clear_field_alias&gt;False&lt;/clear_field_alias&gt;&lt;/AlterField&gt;&lt;/workflow&gt;&lt;workflow&gt;&lt;AddField&gt;&lt;field_name&gt;PLAN_NUM&lt;/field_name&gt;&lt;field_type&gt;TEXT&lt;/field_type&gt;&lt;field_precision&gt;0&lt;/field_precision&gt;&lt;field_length&gt;255&lt;/field_length&gt;&lt;field_is_nullable&gt;True&lt;/field_is_nullable&gt;&lt;field_is_required&gt;False&lt;/field_is_required&gt;&lt;/AddField&gt;&lt;/workflow&gt;&lt;/operationSequence&gt;</Process><Process ToolSource="c:\program files\arcgis\pro\Resources\ArcToolbox\Toolboxes\Data Management Tools.tbx\UpdateSchema" Date="20250208" Time="101927">UpdateSchema "CIMDATA=&lt;CIMFeatureDatasetDataConnection xsi:type='typens:CIMFeatureDatasetDataConnection' xmlns:xsi='http://www.w3.org/2001/XMLSchema-instance' xmlns:xs='http://www.w3.org/2001/XMLSchema' xmlns:typens='http://www.esri.com/schemas/ArcGIS/3.4.0'&gt;&lt;FeatureDataset&gt;GISO.Property&lt;/FeatureDataset&gt;&lt;WorkspaceConnectionString&gt;ENCRYPTED_PASSWORD_UTF8=00022e686a66734f56334877314f722b556b79642b776d5365304b4e6f714a4b644c3345383147725a3346494879413d2a00;ENCRYPTED_PASSWORD=00022e68546c4f396850395452786f4f436a3544586f3154314d70327172437145714748616253575a5a6f6e4d624d3d2a00;SERVER=SCORSQL03;INSTANCE=sde:sqlserver:SCORSQL03\A;DBCLIENT=sqlserver;DB_CONNECTION_PROPERTIES=SCORSQL03\A;DATABASE=GEOSRC;USER=giso;VERSION=sde.DEFAULT;AUTHENTICATION_MODE=DBMS&lt;/WorkspaceConnectionString&gt;&lt;WorkspaceFactory&gt;SDE&lt;/WorkspaceFactory&gt;&lt;Dataset&gt;GISO.Parcel&lt;/Dataset&gt;&lt;DatasetType&gt;esriDTFeatureClass&lt;/DatasetType&gt;&lt;/CIMFeatureDatasetDataConnection&gt;" &lt;operationSequence&gt;&lt;workflow&gt;&lt;AddField&gt;&lt;field_name&gt;PROP_CODE&lt;/field_name&gt;&lt;field_type&gt;LONG&lt;/field_type&gt;&lt;field_precision&gt;10&lt;/field_precision&gt;&lt;field_is_nullable&gt;True&lt;/field_is_nullable&gt;&lt;field_is_required&gt;False&lt;/field_is_required&gt;&lt;/AddField&gt;&lt;/workflow&gt;&lt;workflow&gt;&lt;AddField&gt;&lt;field_name&gt;PENDING_ADDR&lt;/field_name&gt;&lt;field_type&gt;TEXT&lt;/field_type&gt;&lt;field_precision&gt;0&lt;/field_precision&gt;&lt;field_length&gt;255&lt;/field_length&gt;&lt;field_is_nullable&gt;True&lt;/field_is_nullable&gt;&lt;field_is_required&gt;False&lt;/field_is_required&gt;&lt;/AddField&gt;&lt;/workflow&gt;&lt;/operationSequence&gt;</Process><Process ToolSource="c:\program files\arcgis\pro\Resources\ArcToolbox\toolboxes\Data Management Tools.tbx\CalculateField" Date="20250208" Time="111036">CalculateField Parcel PROP_CODE int(!PROP_CODE_old!) PYTHON3 # TEXT ENFORCE_DOMAINS</Process><Process ToolSource="c:\program files\arcgis\pro\Resources\ArcToolbox\toolboxes\Data Management Tools.tbx\UpdateSchema" Date="20250208" Time="113255">UpdateSchema "CIMDATA=&lt;CIMFeatureDatasetDataConnection xsi:type='typens:CIMFeatureDatasetDataConnection' xmlns:xsi='http://www.w3.org/2001/XMLSchema-instance' xmlns:xs='http://www.w3.org/2001/XMLSchema' xmlns:typens='http://www.esri.com/schemas/ArcGIS/3.4.0'&gt;&lt;FeatureDataset&gt;GISO.Property&lt;/FeatureDataset&gt;&lt;WorkspaceConnectionString&gt;ENCRYPTED_PASSWORD_UTF8=00022e68556856654749504a6e6737374945552b613663693871434b5654516d4a784279596974647a4134514f754d3d2a00;ENCRYPTED_PASSWORD=00022e682f775a70524161736953502b4f4362374466303837476d725864372b7156576a6e31532f3375436a7757453d2a00;SERVER=SCORSQL03;INSTANCE=sde:sqlserver:SCORSQL03\A;DBCLIENT=sqlserver;DB_CONNECTION_PROPERTIES=SCORSQL03\A;DATABASE=GEOSRC;USER=giso;VERSION=sde.DEFAULT;AUTHENTICATION_MODE=DBMS&lt;/WorkspaceConnectionString&gt;&lt;WorkspaceFactory&gt;SDE&lt;/WorkspaceFactory&gt;&lt;Dataset&gt;GISO.Parcel&lt;/Dataset&gt;&lt;DatasetType&gt;esriDTFeatureClass&lt;/DatasetType&gt;&lt;/CIMFeatureDatasetDataConnection&gt;" &lt;operationSequence&gt;&lt;workflow&gt;&lt;AssignDomainToField&gt;&lt;field_name&gt;PENDING_ADDR&lt;/field_name&gt;&lt;domain_name&gt;YesNo&lt;/domain_name&gt;&lt;/AssignDomainToField&gt;&lt;/workflow&gt;&lt;/operationSequence&gt;</Process><Process ToolSource="c:\program files\arcgis\pro\Resources\ArcToolbox\toolboxes\Data Management Tools.tbx\UpdateSchema" Date="20250208" Time="113307">UpdateSchema "CIMDATA=&lt;CIMFeatureDatasetDataConnection xsi:type='typens:CIMFeatureDatasetDataConnection' xmlns:xsi='http://www.w3.org/2001/XMLSchema-instance' xmlns:xs='http://www.w3.org/2001/XMLSchema' xmlns:typens='http://www.esri.com/schemas/ArcGIS/3.4.0'&gt;&lt;FeatureDataset&gt;GISO.Property&lt;/FeatureDataset&gt;&lt;WorkspaceConnectionString&gt;ENCRYPTED_PASSWORD_UTF8=00022e68556856654749504a6e6737374945552b613663693871434b5654516d4a784279596974647a4134514f754d3d2a00;ENCRYPTED_PASSWORD=00022e682f775a70524161736953502b4f4362374466303837476d725864372b7156576a6e31532f3375436a7757453d2a00;SERVER=SCORSQL03;INSTANCE=sde:sqlserver:SCORSQL03\A;DBCLIENT=sqlserver;DB_CONNECTION_PROPERTIES=SCORSQL03\A;DATABASE=GEOSRC;USER=giso;VERSION=sde.DEFAULT;AUTHENTICATION_MODE=DBMS&lt;/WorkspaceConnectionString&gt;&lt;WorkspaceFactory&gt;SDE&lt;/WorkspaceFactory&gt;&lt;Dataset&gt;GISO.Parcel&lt;/Dataset&gt;&lt;DatasetType&gt;esriDTFeatureClass&lt;/DatasetType&gt;&lt;/CIMFeatureDatasetDataConnection&gt;" &lt;operationSequence&gt;&lt;workflow&gt;&lt;AssignDomainToField&gt;&lt;field_name&gt;PROP_CODE&lt;/field_name&gt;&lt;domain_name&gt;PropertyCode&lt;/domain_name&gt;&lt;/AssignDomainToField&gt;&lt;/workflow&gt;&lt;/operationSequence&gt;</Process><Process ToolSource="c:\program files\arcgis\pro\Resources\ArcToolbox\toolboxes\Data Management Tools.tbx\CalculateField" Date="20250208" Time="125722">CalculateField Parcel STATUS 'ACTIVE' PYTHON3 # TEXT ENFORCE_DOMAINS</Process><Process ToolSource="c:\program files\arcgis\pro\Resources\ArcToolbox\toolboxes\Conversion Tools.tbx\ExportFeatures" Date="20250210" Time="092231">ExportFeatures Parcel C:\Users\dayca\Desktop\Parcels_LL84\Parcels_LL84.shp # USE_ALIAS "ADDR_NUMBER "Address Number" true true false 254 Text 0 0,First,#,Parcel,ADDR_NUMBER,0,253;ADDR_RANGE "Address Range" true true false 254 Text 0 0,First,#,Parcel,ADDR_RANGE,0,253;DIRECTION "DIRECTION" true true false 254 Text 0 0,First,#,Parcel,DIRECTION,0,253;LEGAL1 "LEGAL1" true true false 254 Text 0 0,First,#,Parcel,LEGAL1,0,253;PROP_ROLL "PROP_ROLL" true true false 254 Text 0 0,First,#,Parcel,PROP_ROLL,0,253;ROLL_FIX "Parcel Roll Number" true true false 254 Text 0 0,First,#,Parcel,ROLL_FIX,0,253;STREET "STREET" true true false 254 Text 0 0,First,#,Parcel,STREET,0,253;SUFFIX "SUFFIX" true true false 254 Text 0 0,First,#,Parcel,SUFFIX,0,253;ZONING "ZONING" true true false 254 Text 0 0,First,#,Parcel,ZONING,0,253;YEARBUILT "YEARBUILT" true true false 255 Text 0 0,First,#,Parcel,YEARBUILT,0,254;PROP_RSN "Property RSN" true true false 4 Long 0 0,First,#,Parcel,PROP_RSN,-1,-1;ST_COMPKEY "Fronting Street Compkey" true true false 4 Long 0 0,First,#,Parcel,ST_COMPKEY,-1,-1;GISID "Parcel RSN" true true false 4 Long 0 0,First,#,Parcel,GISID,-1,-1;OWNERSHIP "Ownership" true true false 255 Text 0 0,First,#,Parcel,OWNERSHIP,0,254;STATUS "Status" true true false 255 Text 0 0,First,#,Parcel,STATUS,0,254;LOT_SIZE "Lot Size" true true false 8 Double 0 0,First,#,Parcel,LOT_SIZE,-1,-1;FRONTAGE "Frontage" true true false 8 Double 0 0,First,#,Parcel,FRONTAGE,-1,-1;DEPTH "Depth" true true false 8 Double 0 0,First,#,Parcel,DEPTH,-1,-1" #</Process><Process ToolSource="c:\program files\arcgis\pro\Resources\ArcToolbox\toolboxes\Data Management Tools.tbx\DeleteField" Date="20250210" Time="092451">DeleteField Parcels_LL84 Ownership DELETE_FIELDS</Process></lineage><coordRef><type Sync="TRUE">Projected</type><geogcsn Sync="TRUE">GCS_North_American_1983</geogcsn><csUnits Sync="TRUE">Linear Unit: Meter (1.000000)</csUnits><projcsn Sync="TRUE">NAD_1983_UTM_Zone_17N</projcsn><peXml Sync="TRUE">&lt;ProjectedCoordinateSystem xsi:type='typens:ProjectedCoordinateSystem' xmlns:xsi='http://www.w3.org/2001/XMLSchema-instance' xmlns:xs='http://www.w3.org/2001/XMLSchema' xmlns:typens='http://www.esri.com/schemas/ArcGIS/3.4.0'&gt;&lt;WKT&gt;PROJCS[&amp;quot;NAD_1983_UTM_Zone_17N&amp;quot;,GEOGCS[&amp;quot;GCS_North_American_1983&amp;quot;,DATUM[&amp;quot;D_North_American_1983&amp;quot;,SPHEROID[&amp;quot;GRS_1980&amp;quot;,6378137.0,298.257222101]],PRIMEM[&amp;quot;Greenwich&amp;quot;,0.0],UNIT[&amp;quot;Degree&amp;quot;,0.0174532925199433]],PROJECTION[&amp;quot;Transverse_Mercator&amp;quot;],PARAMETER[&amp;quot;False_Easting&amp;quot;,500000.0],PARAMETER[&amp;quot;False_Northing&amp;quot;,0.0],PARAMETER[&amp;quot;Central_Meridian&amp;quot;,-81.0],PARAMETER[&amp;quot;Scale_Factor&amp;quot;,0.9996],PARAMETER[&amp;quot;Latitude_Of_Origin&amp;quot;,0.0],UNIT[&amp;quot;Meter&amp;quot;,1.0],AUTHORITY[&amp;quot;EPSG&amp;quot;,26917]]&lt;/WKT&gt;&lt;XOrigin&gt;-5120900&lt;/XOrigin&gt;&lt;YOrigin&gt;-9998100&lt;/YOrigin&gt;&lt;XYScale&gt;450445547.3910538&lt;/XYScale&gt;&lt;ZOrigin&gt;-100000&lt;/ZOrigin&gt;&lt;ZScale&gt;10000&lt;/ZScale&gt;&lt;MOrigin&gt;-100000&lt;/MOrigin&gt;&lt;MScale&gt;10000&lt;/MScale&gt;&lt;XYTolerance&gt;0.001&lt;/XYTolerance&gt;&lt;ZTolerance&gt;0.001&lt;/ZTolerance&gt;&lt;MTolerance&gt;0.001&lt;/MTolerance&gt;&lt;HighPrecision&gt;true&lt;/HighPrecision&gt;&lt;WKID&gt;26917&lt;/WKID&gt;&lt;LatestWKID&gt;26917&lt;/LatestWKID&gt;&lt;/ProjectedCoordinateSystem&gt;</peXml></coordRef></DataProperties><SyncDate>20250210</SyncDate><SyncTime>09222000</SyncTime><ModDate>20250210</ModDate><ModTime>09222000</ModTime></Esri><dataIdInfo><idCitation><resTitle>Parcels</resTitle><presForm><PresFormCd value="005" Sync="TRUE"></PresFormCd></presForm></idCitation><idPurp>Polygon feature defining property boundaries. </idPurp><idAbs>Services: PropertyLayersEIS
Scripts: None
Notes: The polygons are created and maintained by the Geomatics GIS team. The polygons represent land or property extents for each property in the City of Windsor. The layer is produced and updated by the Geomatics GIS team according to consolidations and severances received from MPAC and new land parcels created in the City according to Planning.

Primary key: PROP_RSN
Foreign key: nan</idAbs><idCredit>Owned by: SDE
Managed by: Geomatics</idCredit><envirDesc Sync="TRUE">Microsoft Windows 10 Version 10.0 (Build 19045) ; Esri ArcGIS 13.4.0.55405</envirDesc><dataLang><languageCode value="eng" Sync="TRUE"></languageCode><countryCode value="CAN" Sync="TRUE"></countryCode></dataLang><spatRpType><SpatRepTypCd value="001" Sync="TRUE"></SpatRepTypCd></spatRpType></dataIdInfo><mdLang><languageCode value="eng" Sync="TRUE"></languageCode><countryCode value="CAN" Sync="TRUE"></countryCode></mdLang><distInfo><distFormat><formatName Sync="TRUE">Shapefile</formatName></distFormat><distTranOps><transSize Sync="TRUE">0.000</transSize></distTranOps></distInfo><mdHrLv><ScopeCd value="005" Sync="TRUE"></ScopeCd></mdHrLv><mdHrLvName Sync="TRUE">dataset</mdHrLvName><refSysInfo><RefSystem><refSysID><identCode code="26917" Sync="TRUE"></identCode><idCodeSpace Sync="TRUE">EPSG</idCodeSpace><idVersion Sync="TRUE">6.11(3.0.1)</idVersion></refSysID></RefSystem></refSysInfo><spatRepInfo><VectSpatRep><geometObjs Name="Parcels_LL84"><geoObjTyp><GeoObjTypCd value="002" Sync="TRUE"></GeoObjTypCd></geoObjTyp><geoObjCnt Sync="TRUE">0</geoObjCnt></geometObjs><topLvl><TopoLevCd value="001" Sync="TRUE"></TopoLevCd></topLvl></VectSpatRep></spatRepInfo><spdoinfo><ptvctinf><esriterm Name="Parcels_LL84"><efeatyp Sync="TRUE">Simple</efeatyp><efeageom code="4" Sync="TRUE"></efeageom><esritopo Sync="TRUE">FALSE</esritopo><efeacnt Sync="TRUE">0</efeacnt><spindex Sync="TRUE">FALSE</spindex><linrefer Sync="TRUE">FALSE</linrefer></esriterm></ptvctinf></spdoinfo><eainfo><detailed Name="Parcels_LL84"><enttyp><enttypl Sync="TRUE">Parcels_LL84</enttypl><enttypt Sync="TRUE">Feature Class</enttypt><enttypc Sync="TRUE">0</enttypc></enttyp><attr><attrlabl Sync="TRUE">FID</attrlabl><attalias Sync="TRUE">FID</attalias><attrtype Sync="TRUE">OID</attrtype><attwidth Sync="TRUE">4</attwidth><atprecis Sync="TRUE">0</atprecis><attscale Sync="TRUE">0</attscale><attrdef Sync="TRUE">Internal feature number.</attrdef><attrdefs Sync="TRUE">Esri</attrdefs><attrdomv><udom Sync="TRUE">Sequential unique whole numbers that are automatically generated.</udom></attrdomv></attr><attr><attrlabl Sync="TRUE">Shape</attrlabl><attalias Sync="TRUE">Shape</attalias><attrtype Sync="TRUE">Geometry</attrtype><attwidth Sync="TRUE">0</attwidth><atprecis Sync="TRUE">0</atprecis><attscale Sync="TRUE">0</attscale><attrdef Sync="TRUE">Feature geometry.</attrdef><attrdefs Sync="TRUE">Esri</attrdefs><attrdomv><udom Sync="TRUE">Coordinates defining the features.</udom></attrdomv></attr><attr><attrlabl Sync="TRUE">Address_Nu</attrlabl><attalias Sync="TRUE">Address_Nu</attalias><attrtype Sync="TRUE">String</attrtype><attwidth Sync="TRUE">254</attwidth><atprecis Sync="TRUE">0</atprecis><attscale Sync="TRUE">0</attscale></attr><attr><attrlabl Sync="TRUE">Address_Ra</attrlabl><attalias Sync="TRUE">Address_Ra</attalias><attrtype Sync="TRUE">String</attrtype><attwidth Sync="TRUE">254</attwidth><atprecis Sync="TRUE">0</atprecis><attscale Sync="TRUE">0</attscale></attr><attr><attrlabl Sync="TRUE">DIRECTION</attrlabl><attalias Sync="TRUE">DIRECTION</attalias><attrtype Sync="TRUE">String</attrtype><attwidth Sync="TRUE">254</attwidth><atprecis Sync="TRUE">0</atprecis><attscale Sync="TRUE">0</attscale></attr><attr><attrlabl Sync="TRUE">LEGAL1</attrlabl><attalias Sync="TRUE">LEGAL1</attalias><attrtype Sync="TRUE">String</attrtype><attwidth Sync="TRUE">254</attwidth><atprecis Sync="TRUE">0</atprecis><attscale Sync="TRUE">0</attscale></attr><attr><attrlabl Sync="TRUE">PROP_ROLL</attrlabl><attalias Sync="TRUE">PROP_ROLL</attalias><attrtype Sync="TRUE">String</attrtype><attwidth Sync="TRUE">254</attwidth><atprecis Sync="TRUE">0</atprecis><attscale Sync="TRUE">0</attscale></attr><attr><attrlabl Sync="TRUE">Parcel_Rol</attrlabl><attalias Sync="TRUE">Parcel_Rol</attalias><attrtype Sync="TRUE">String</attrtype><attwidth Sync="TRUE">254</attwidth><atprecis Sync="TRUE">0</atprecis><attscale Sync="TRUE">0</attscale></attr><attr><attrlabl Sync="TRUE">STREET</attrlabl><attalias Sync="TRUE">STREET</attalias><attrtype Sync="TRUE">String</attrtype><attwidth Sync="TRUE">254</attwidth><atprecis Sync="TRUE">0</atprecis><attscale Sync="TRUE">0</attscale></attr><attr><attrlabl Sync="TRUE">SUFFIX</attrlabl><attalias Sync="TRUE">SUFFIX</attalias><attrtype Sync="TRUE">String</attrtype><attwidth Sync="TRUE">254</attwidth><atprecis Sync="TRUE">0</atprecis><attscale Sync="TRUE">0</attscale></attr><attr><attrlabl Sync="TRUE">ZONING</attrlabl><attalias Sync="TRUE">ZONING</attalias><attrtype Sync="TRUE">String</attrtype><attwidth Sync="TRUE">254</attwidth><atprecis Sync="TRUE">0</atprecis><attscale Sync="TRUE">0</attscale></attr><attr><attrlabl Sync="TRUE">YEARBUILT</attrlabl><attalias Sync="TRUE">YEARBUILT</attalias><attrtype Sync="TRUE">String</attrtype><attwidth Sync="TRUE">254</attwidth><atprecis Sync="TRUE">0</atprecis><attscale Sync="TRUE">0</attscale></attr><attr><attrlabl Sync="TRUE">Property_R</attrlabl><attalias Sync="TRUE">Property_R</attalias><attrtype Sync="TRUE">Integer</attrtype><attwidth Sync="TRUE">10</attwidth><atprecis Sync="TRUE">10</atprecis><attscale Sync="TRUE">0</attscale></attr><attr><attrlabl Sync="TRUE">Fronting_S</attrlabl><attalias Sync="TRUE">Fronting_S</attalias><attrtype Sync="TRUE">Integer</attrtype><attwidth Sync="TRUE">10</attwidth><atprecis Sync="TRUE">10</atprecis><attscale Sync="TRUE">0</attscale></attr><attr><attrlabl Sync="TRUE">Parcel_RSN</attrlabl><attalias Sync="TRUE">Parcel_RSN</attalias><attrtype Sync="TRUE">Integer</attrtype><attwidth Sync="TRUE">10</attwidth><atprecis Sync="TRUE">10</atprecis><attscale Sync="TRUE">0</attscale></attr><attr><attrlabl Sync="TRUE">Ownership</attrlabl><attalias Sync="TRUE">Ownership</attalias><attrtype Sync="TRUE">String</attrtype><attwidth Sync="TRUE">254</attwidth><atprecis Sync="TRUE">0</atprecis><attscale Sync="TRUE">0</attscale></attr><attr><attrlabl Sync="TRUE">Status</attrlabl><attalias Sync="TRUE">Status</attalias><attrtype Sync="TRUE">String</attrtype><attwidth Sync="TRUE">254</attwidth><atprecis Sync="TRUE">0</atprecis><attscale Sync="TRUE">0</attscale></attr><attr><attrlabl Sync="TRUE">Lot_Size</attrlabl><attalias Sync="TRUE">Lot_Size</attalias><attrtype Sync="TRUE">Double</attrtype><attwidth Sync="TRUE">19</attwidth><atprecis Sync="TRUE">0</atprecis><attscale Sync="TRUE">0</attscale></attr><attr><attrlabl Sync="TRUE">Frontage</attrlabl><attalias Sync="TRUE">Frontage</attalias><attrtype Sync="TRUE">Double</attrtype><attwidth Sync="TRUE">19</attwidth><atprecis Sync="TRUE">0</atprecis><attscale Sync="TRUE">0</attscale></attr><attr><attrlabl Sync="TRUE">Depth</attrlabl><attalias Sync="TRUE">Depth</attalias><attrtype Sync="TRUE">Double</attrtype><attwidth Sync="TRUE">19</attwidth><atprecis Sync="TRUE">0</atprecis><attscale Sync="TRUE">0</attscale></attr></detailed></eainfo><mdDateSt Sync="TRUE">20250210</mdDateSt></metadata>
