StartDateTime,EndDateTime
2024-08-01T13:21:31.717,2024-08-01T13:26:31.763
2024-12-29T15:36:37.340,2024-12-29T15:37:37.367
2025-04-03T00:58:58.383,2025-04-03T00:59:58.383
2025-04-03T01:14:58.477,2025-04-03T01:15:58.477
2025-04-04T17:35:12.630,2025-04-04T17:36:12.630
2024-09-10T10:01:26.140,2024-09-10T10:02:26.133
2025-03-05T06:38:43.150,2025-03-05T06:39:43.163
2025-04-03T01:01:58.397,2025-04-03T01:04:58.397
2025-04-03T01:16:58.477,2025-04-03T01:19:58.507
2024-12-29T15:33:37.313,2024-12-29T15:35:37.333
2025-04-03T00:53:58.383,2025-04-03T00:56:58.383
2025-04-03T01:11:58.477,2025-04-03T01:12:58.477
2025-04-04T16:19:12.130,2025-04-04T16:20:12.130
2024-09-10T10:03:26.137,2024-09-10T10:04:26.147
2025-04-03T00:49:58.350,2025-04-03T00:51:58.383
2025-04-03T01:05:58.413,2025-04-03T01:10:58.477
2025-04-03T01:28:58.553,2025-04-03T16:01:04.023
