<metadata xml:lang="en"><Esri><CreaDate>20220804</CreaDate><CreaTime>11390000</CreaTime><ArcGISFormat>1.0</ArcGISFormat><SyncOnce>FALSE</SyncOnce><DataProperties><lineage><Process Name="Join Field" ToolSource="c:\program files (x86)\arcgis\desktop10.2\ArcToolbox\Toolboxes\Data Management Tools.tbx\JoinField" Date="20190409" Time="110332">JoinField "K:\GIS Files\Street Centreline files for applications\StreetCentreline.shp" COMPKEY "K:\GIS Files\Street Centreline files for applications\StreetCentrelineFromIMS.mdb\Sheet1" COMPKEY BUSROUTE;COMPKEY;NOLANES;SPEEDLIMIT;ONEWAY;SERVSTAT;TRUCKROUTE</Process><Process ToolSource="c:\program files (x86)\arcgis\desktop10.2\ArcToolbox\Toolboxes\Data Management Tools.tbx\JoinField" Date="20190417" Time="092604">JoinField "K:\GIS Files\Street Centreline files for applications\StreetCentreline.shp" COMPKEY "K:/GIS Files/Street Centreline files for applications/StreetCenrelineTables.gdb\IMS_Table_20190417" COMPKEY BUSROUTE;COMPKEY;NOLANES;SPEEDLIMIT;ONEWAY;SERVSTAT;TRUCKROUTE</Process><Process ToolSource="c:\program files (x86)\arcgis\desktop10.2\ArcToolbox\Toolboxes\Data Management Tools.tbx\JoinField" Date="20190417" Time="102240">JoinField "K:\GIS Files\Street Centreline files for applications\StreetCentreline.shp" COMPKEY "K:/GIS Files/Street Centreline files for applications/StreetCenrelineTables.gdb\IMS_Table_20190417" COMPKEY BUSROUTE;COMPKEY;NOLANES;SPEEDLIMIT;ONEWAY;SERVSTAT;TRUCKROUTE</Process><Process ToolSource="c:\program files (x86)\arcgis\desktop10.2\ArcToolbox\Toolboxes\Data Management Tools.tbx\JoinField" Date="20190417" Time="103008">JoinField "K:\GIS Files\Street Centreline files for applications\StreetCentreline.shp" COMPKEY "K:/GIS Files/Street Centreline files for applications/StreetCenrelineTables.gdb\IMS_Table_20190417" COMPKEY BUSROUTE;COMPKEY;NOLANES;SPEEDLIMIT;ONEWAY;SERVSTAT;TRUCKROUTE</Process><Process ToolSource="c:\program files (x86)\arcgis\desktop10.2\ArcToolbox\Toolboxes\Data Management Tools.tbx\JoinField" Date="20190417" Time="104231">JoinField "K:\GIS Files\Street Centreline files for applications\StreetCentreline.shp" COMPKEY "K:/GIS Files/Street Centreline files for applications/StreetCenrelineTables.gdb\IMS_Table_20190417" COMPKEY BUSROUTE;COMPKEY;NOLANES;SPEEDLIMIT;ONEWAY;SERVSTAT;TRUCKROUTE</Process><Process ToolSource="c:\program files (x86)\arcgis\desktop10.2\ArcToolbox\Toolboxes\Data Management Tools.tbx\JoinField" Date="20190417" Time="104558">JoinField "K:\GIS Files\Street Centreline files for applications\StreetCentreline.shp" COMPKEY "K:/GIS Files/Street Centreline files for applications/StreetCenrelineTables.gdb\IMS_Table_20190417" COMPKEY BUSROUTE;COMPKEY;NOLANES;SPEEDLIMIT;ONEWAY;SERVSTAT;TRUCKROUTE</Process><Process ToolSource="c:\program files (x86)\arcgis\desktop10.2\ArcToolbox\Toolboxes\Data Management Tools.tbx\JoinField" Date="20190417" Time="104912">JoinField "K:\GIS Files\Street Centreline files for applications\StreetCentreline.shp" COMPKEY "K:/GIS Files/Street Centreline files for applications/StreetCenrelineTables.gdb\IMS_Table_20190417" COMPKEY BUSROUTE;COMPKEY;NOLANES;SPEEDLIMIT;ONEWAY;SERVSTAT;TRUCKROUTE</Process><Process ToolSource="c:\program files (x86)\arcgis\desktop10.2\ArcToolbox\Toolboxes\Data Management Tools.tbx\JoinField" Date="20190417" Time="135135">JoinField "K:\GIS Files\Street Centreline files for applications\StreetCentreline.shp" COMPKEY "K:/GIS Files/Street Centreline files for applications/StreetCenrelineTables.gdb\IMS_Table_20190417" COMPKEY BUSROUTE;COMPKEY;NOLANES;SPEEDLIMIT;ONEWAY;SERVSTAT;TRUCKROUTE</Process><Process ToolSource="c:\program files (x86)\arcgis\desktop10.2\ArcToolbox\Toolboxes\Data Management Tools.tbx\JoinField" Date="20190417" Time="145957">JoinField "K:\GIS Files\Street Centreline files for applications\StreetCentreline.shp" COMPKEY "K:/GIS Files/Street Centreline files for applications/StreetCenrelineTables.gdb\IMS_Table_20190417" COMPKEY BUSROUTE;COMPKEY;NOLANES;SPEEDLIMIT;ONEWAY;SERVSTAT;TRUCKROUTE</Process><Process ToolSource="c:\program files (x86)\arcgis\desktop10.2\ArcToolbox\Toolboxes\Data Management Tools.tbx\JoinField" Date="20190424" Time="161458">JoinField "K:\GIS Files\Street Centreline files for applications\StreetCentreline.shp" COMPKEY "K:/GIS Files/Street Centreline files for applications/StreetCenrelineTables.gdb\IMS_Table_20190424" COMPKEY BUSROUTE;COMPKEY;NOLANES;SPEEDLIMIT;ONEWAY;SERVSTAT;TRUCKROUTE</Process><Process ToolSource="c:\program files (x86)\arcgis\desktop10.2\ArcToolbox\Toolboxes\Data Management Tools.tbx\JoinField" Date="20190430" Time="134505">JoinField "K:\GIS Files\Street Centreline files for applications\StreetCentreline.shp" COMPKEY "K:/GIS Files/Street Centreline files for applications/StreetCenrelineTables.gdb\IMS_Table_20190430" COMPKEY BUSROUTE;COMPKEY;NOLANES;SPEEDLIMIT;ONEWAY;SERVSTAT;TRUCKROUTE</Process><Process ToolSource="c:\program files (x86)\arcgis\desktop10.2\ArcToolbox\Toolboxes\Data Management Tools.tbx\JoinField" Date="20190502" Time="094225">JoinField "K:\GIS Files\Street Centreline files for applications\StreetCentreline.shp" COMPKEY "K:/GIS Files/Street Centreline files for applications/StreetCenrelineTables.gdb\IMS_Table_20190502" COMPKEY BUSROUTE;COMPKEY;NOLANES;SPEEDLIMIT;ONEWAY;SERVSTAT;TRUCKROUTE</Process><Process ToolSource="c:\program files (x86)\arcgis\desktop10.2\ArcToolbox\Toolboxes\Data Management Tools.tbx\JoinField" Date="20190522" Time="134353">JoinField "K:\GIS Files\Street Centreline files for applications\StreetCentreline.shp" COMPKEY "K:/GIS Files/Street Centreline files for applications/StreetCenrelineTables.gdb\IMS_Table_20190522" COMPKEY BUSROUTE;COMPKEY;NOLANES;SPEEDLIMIT;ONEWAY;SERVSTAT;TRUCKROUTE</Process><Process ToolSource="c:\program files (x86)\arcgis\desktop10.2\ArcToolbox\Toolboxes\Data Management Tools.tbx\JoinField" Date="20190522" Time="143852">JoinField "K:\GIS Files\Street Centreline files for applications\StreetCentreline.shp" COMPKEY "K:/GIS Files/Street Centreline files for applications/StreetCenrelineTables.gdb\IMS_Table_20190522" COMPKEY BUSROUTE;COMPKEY;NOLANES;SPEEDLIMIT;ONEWAY;SERVSTAT;TRUCKROUTE</Process><Process ToolSource="c:\program files (x86)\arcgis\desktop10.2\ArcToolbox\Toolboxes\Data Management Tools.tbx\JoinField" Date="20190523" Time="113850">JoinField "K:\GIS Files\Street Centreline files for applications\StreetCentreline.shp" COMPKEY "K:/GIS Files/Street Centreline files for applications/StreetCenrelineTables.gdb\IMS_Table_20190523" COMPKEY BUSROUTE;COMPKEY;NOLANES;SPEEDLIMIT;ONEWAY;SERVSTAT;TRUCKROUTE</Process><Process ToolSource="c:\program files (x86)\arcgis\desktop10.2\ArcToolbox\Toolboxes\Data Management Tools.tbx\JoinField" Date="20190523" Time="115046">JoinField "K:\GIS Files\Street Centreline files for applications\StreetCentreline.shp" COMPKEY "K:/GIS Files/Street Centreline files for applications/StreetCenrelineTables.gdb\IMS_Table_20190523" COMPKEY BUSROUTE;COMPKEY;NOLANES;SPEEDLIMIT;ONEWAY;SERVSTAT;TRUCKROUTE</Process><Process ToolSource="c:\program files (x86)\arcgis\desktop10.2\ArcToolbox\Toolboxes\Data Management Tools.tbx\JoinField" Date="20190523" Time="132049">JoinField "K:\GIS Files\Street Centreline files for applications\StreetCentreline.shp" COMPKEY "K:/GIS Files/Street Centreline files for applications/StreetCenrelineTables.gdb\IMS_Table_20190523" COMPKEY BUSROUTE;COMPKEY;NOLANES;SPEEDLIMIT;ONEWAY;SERVSTAT;TRUCKROUTE</Process><Process ToolSource="c:\program files (x86)\arcgis\desktop10.2\ArcToolbox\Toolboxes\Data Management Tools.tbx\JoinField" Date="20190523" Time="132256">JoinField "K:\GIS Files\Street Centreline files for applications\StreetCentreline.shp" COMPKEY "K:/GIS Files/Street Centreline files for applications/StreetCenrelineTables.gdb\IMS_Table_20190523" COMPKEY BUSROUTE;COMPKEY;NOLANES;SPEEDLIMIT;ONEWAY;SERVSTAT;TRUCKROUTE</Process><Process ToolSource="c:\program files (x86)\arcgis\desktop10.2\ArcToolbox\Toolboxes\Data Management Tools.tbx\JoinField" Date="20190607" Time="090954">JoinField "K:\GIS Files\Street Centreline files for applications\StreetCentreline.shp" COMPKEY "K:/GIS Files/Street Centreline files for applications/StreetCenrelineTables.gdb\IMS_Table_20190607" COMPKEY BUSROUTE;COMPKEY;NOLANES;SPEEDLIMIT;ONEWAY;SERVSTAT;TRUCKROUTE</Process><Process ToolSource="c:\program files (x86)\arcgis\desktop10.2\ArcToolbox\Toolboxes\Data Management Tools.tbx\JoinField" Date="20190607" Time="101114">JoinField "K:\GIS Files\Street Centreline files for applications\StreetCentreline.shp" COMPKEY "K:/GIS Files/Street Centreline files for applications/StreetCenrelineTables.gdb\IMS_Table_20190607" COMPKEY BUSROUTE;COMPKEY;NOLANES;SPEEDLIMIT;ONEWAY;SERVSTAT;TRUCKROUTE</Process><Process ToolSource="c:\program files (x86)\arcgis\desktop10.2\ArcToolbox\Toolboxes\Data Management Tools.tbx\JoinField" Date="20190607" Time="101317">JoinField "K:\GIS Files\Street Centreline files for applications\StreetCentreline.shp" COMPKEY "K:/GIS Files/Street Centreline files for applications/StreetCenrelineTables.gdb\IMS_Table_20190607" COMPKEY BUSROUTE;COMPKEY;NOLANES;SPEEDLIMIT;ONEWAY;SERVSTAT;TRUCKROUTE</Process><Process ToolSource="c:\program files (x86)\arcgis\desktop10.2\ArcToolbox\Toolboxes\Data Management Tools.tbx\JoinField" Date="20190618" Time="160023">JoinField "K:\GIS Files\Street Centreline files for applications\StreetCentreline.shp" COMPKEY "K:/GIS Files/Street Centreline files for applications/StreetCenrelineTables.gdb\IMS_Table_20190618" COMPKEY BUSROUTE;COMPKEY;NOLANES;SPEEDLIMIT;ONEWAY;SERVSTAT;TRUCKROUTE</Process><Process ToolSource="c:\program files (x86)\arcgis\desktop10.2\ArcToolbox\Toolboxes\Data Management Tools.tbx\JoinField" Date="20190618" Time="162535">JoinField "K:\GIS Files\Street Centreline files for applications\StreetCentreline.shp" COMPKEY "K:/GIS Files/Street Centreline files for applications/StreetCenrelineTables.gdb\IMS_Table_20190618" COMPKEY BUSROUTE;COMPKEY;NOLANES;SPEEDLIMIT;ONEWAY;SERVSTAT;TRUCKROUTE</Process><Process ToolSource="c:\program files (x86)\arcgis\desktop10.2\ArcToolbox\Toolboxes\Data Management Tools.tbx\JoinField" Date="20190628" Time="090834">JoinField "K:\GIS Files\Street Centreline files for applications\StreetCentreline.shp" COMPKEY "K:/GIS Files/Street Centreline files for applications/StreetCenrelineTables.gdb\IMS_Table_20190628" COMPKEY BUSROUTE;COMPKEY;NOLANES;SPEEDLIMIT;ONEWAY;SERVSTAT;TRUCKROUTE</Process><Process ToolSource="c:\program files (x86)\arcgis\desktop10.2\ArcToolbox\Toolboxes\Data Management Tools.tbx\JoinField" Date="20190628" Time="091331">JoinField "K:\GIS Files\Street Centreline files for applications\StreetCentreline.shp" COMPKEY "K:/GIS Files/Street Centreline files for applications/StreetCenrelineTables.gdb\IMS_Table_20190628" COMPKEY BUSROUTE;COMPKEY;NOLANES;SPEEDLIMIT;ONEWAY;SERVSTAT;TRUCKROUTE</Process><Process ToolSource="c:\program files (x86)\arcgis\desktop10.6\ArcToolbox\Toolboxes\Data Management Tools.tbx\JoinField" Date="20200213" Time="154604">JoinField "K:\GIS Files\Street Centreline files for applications\StreetCentreline.shp" COMPKEY "K:/GIS Files/Street Centreline files for applications/StreetCenrelineTables.gdb\IMS_Table_20200213" COMPKEY BUSROUTE;COMPKEY;NOLANES;SPEEDLIMIT;ONEWAY;SERVSTAT;TRUCKROUTE</Process><Process ToolSource="c:\program files (x86)\arcgis\desktop10.6\ArcToolbox\Toolboxes\Data Management Tools.tbx\JoinField" Date="20200420" Time="154234">JoinField "K:\GIS Files\Street Centreline files for applications\StreetCentreline.shp" COMPKEY "K:/GIS Files/Street Centreline files for applications/StreetCenrelineTables.gdb\IMS_Table_20200420" COMPKEY BUSROUTE;COMPKEY;NOLANES;SPEEDLIMIT;ONEWAY;SERVSTAT;TRUCKROUTE</Process><Process ToolSource="c:\program files (x86)\arcgis\desktop10.6\ArcToolbox\Toolboxes\Data Management Tools.tbx\JoinField" Date="20200421" Time="142628">JoinField "K:\GIS Files\Street Centreline files for applications\StreetCentreline.shp" COMPKEY "K:/GIS Files/Street Centreline files for applications/StreetCenrelineTables.gdb\IMS_Table_20200421" COMPKEY BUSROUTE;COMPKEY;NOLANES;SPEEDLIMIT;ONEWAY;SERVSTAT;TRUCKROUTE</Process><Process ToolSource="c:\program files (x86)\arcgis\desktop10.6\ArcToolbox\Toolboxes\Data Management Tools.tbx\JoinField" Date="20200422" Time="161127">JoinField "K:\GIS Files\Street Centreline files for applications\StreetCentreline.shp" COMPKEY "K:/GIS Files/Street Centreline files for applications/StreetCenrelineTables.gdb\IMS_Table_20200422" COMPKEY BUSROUTE;COMPKEY;NOLANES;SPEEDLIMIT;ONEWAY;SERVSTAT;TRUCKROUTE</Process><Process ToolSource="c:\program files (x86)\arcgis\desktop10.6\ArcToolbox\Toolboxes\Data Management Tools.tbx\JoinField" Date="20200506" Time="112013">JoinField "K:\GIS Files\Street Centreline files for applications\StreetCentreline.shp" COMPKEY "K:/GIS Files/Street Centreline files for applications/StreetCenrelineTables.gdb\IMS_Table_20200506" COMPKEY BUSROUTE;COMPKEY;NOLANES;SPEEDLIMIT;ONEWAY;SERVSTAT;TRUCKROUTE</Process><Process ToolSource="c:\program files (x86)\arcgis\desktop10.6\ArcToolbox\Toolboxes\Data Management Tools.tbx\JoinField" Date="20200707" Time="141732">JoinField "K:\GIS Files\Street Centreline files for applications\StreetCentreline.shp" COMPKEY "K:/GIS Files/Street Centreline files for applications/StreetCenrelineTables.gdb\IMS_Table_20200707" COMPKEY BUSROUTE;COMPKEY;NOLANES;SPEEDLIMIT;ONEWAY;SERVSTAT;TRUCKROUTE</Process><Process ToolSource="c:\program files (x86)\arcgis\desktop10.6\ArcToolbox\Toolboxes\Data Management Tools.tbx\JoinField" Date="20200716" Time="135541">JoinField "K:\GIS Files\Street Centreline files for applications\StreetCentreline.shp" COMPKEY "K:/GIS Files/Street Centreline files for applications/StreetCenrelineTables.gdb\IMS_Table_20200716" COMPKEY BUSROUTE;COMPKEY;NOLANES;SPEEDLIMIT;ONEWAY;SERVSTAT;TRUCKROUTE</Process><Process ToolSource="c:\program files (x86)\arcgis\desktop10.6\ArcToolbox\Toolboxes\Data Management Tools.tbx\JoinField" Date="20200908" Time="154100">JoinField "K:\GIS Files\Street Centreline files for applications\StreetCentreline.shp" COMPKEY "K:/GIS Files/Street Centreline files for applications/StreetCenrelineTables.gdb\IMS_Table_20200908" COMPKEY BUSROUTE;COMPKEY;NOLANES;SPEEDLIMIT;ONEWAY;SERVSTAT;TRUCKROUTE</Process><Process ToolSource="c:\program files (x86)\arcgis\desktop10.6\ArcToolbox\Toolboxes\Data Management Tools.tbx\JoinField" Date="20200925" Time="131809">JoinField "K:\GIS Files\Street Centreline files for applications\StreetCentreline.shp" COMPKEY "K:/GIS Files/Street Centreline files for applications/StreetCenrelineTables.gdb\IMS_Table_20200925" COMPKEY BUSROUTE;COMPKEY;NOLANES;SPEEDLIMIT;ONEWAY;SERVSTAT;TRUCKROUTE</Process><Process ToolSource="c:\program files (x86)\arcgis\desktop10.6\ArcToolbox\Toolboxes\Data Management Tools.tbx\JoinField" Date="20201104" Time="134701">JoinField "K:\GIS Files\Street Centreline files for applications\StreetCentreline.shp" COMPKEY "K:/GIS Files/Street Centreline files for applications/StreetCenrelineTables.gdb\IMS_Table_20201104" COMPKEY BUSROUTE;COMPKEY;NOLANES;SPEEDLIMIT;ONEWAY;SERVSTAT;TRUCKROUTE</Process><Process ToolSource="c:\program files (x86)\arcgis\desktop10.6\ArcToolbox\Toolboxes\Data Management Tools.tbx\JoinField" Date="20201118" Time="160549">JoinField "K:\GIS Files\Street Centreline files for applications\StreetCentreline.shp" COMPKEY "K:/GIS Files/Street Centreline files for applications/StreetCenrelineTables.gdb\IMS_Table_20201118" COMPKEY BUSROUTE;COMPKEY;NOLANES;SPEEDLIMIT;ONEWAY;SERVSTAT;TRUCKROUTE</Process><Process ToolSource="c:\program files (x86)\arcgis\desktop10.6\ArcToolbox\Toolboxes\Data Management Tools.tbx\JoinField" Date="20210210" Time="154742">JoinField "K:\GIS Files\Street Centreline files for applications\StreetCentreline.shp" COMPKEY "K:/GIS Files/Street Centreline files for applications/StreetCenrelineTables.gdb\IMS_Table_20210210" COMPKEY BUSROUTE;COMPKEY;NOLANES;SPEEDLIMIT;ONEWAY;SERVSTAT;TRUCKROUTE</Process><Process ToolSource="c:\program files (x86)\arcgis\desktop10.6\ArcToolbox\Toolboxes\Data Management Tools.tbx\JoinField" Date="20210210" Time="162146">JoinField "K:\GIS Files\Street Centreline files for applications\StreetCentreline.shp" COMPKEY "K:/GIS Files/Street Centreline files for applications/StreetCenrelineTables.gdb\IMS_Table_20210210" COMPKEY BUSROUTE;COMPKEY;NOLANES;SPEEDLIMIT;ONEWAY;SERVSTAT;TRUCKROUTE</Process><Process ToolSource="c:\program files (x86)\arcgis\desktop10.6\ArcToolbox\Toolboxes\Data Management Tools.tbx\JoinField" Date="20210210" Time="162700">JoinField "K:\GIS Files\Street Centreline files for applications\StreetCentreline.shp" COMPKEY "K:/GIS Files/Street Centreline files for applications/StreetCenrelineTables.gdb\IMS_Table_20210210" COMPKEY BUSROUTE;COMPKEY;NOLANES;SPEEDLIMIT;ONEWAY;SERVSTAT;TRUCKROUTE</Process><Process ToolSource="c:\program files (x86)\arcgis\desktop10.6\ArcToolbox\Toolboxes\Data Management Tools.tbx\JoinField" Date="20210212" Time="154351">JoinField "K:\GIS Files\Street Centreline files for applications\StreetCentreline.shp" COMPKEY "K:/GIS Files/Street Centreline files for applications/StreetCenrelineTables.gdb\IMS_Table_20210212" COMPKEY BUSROUTE;COMPKEY;NOLANES;SPEEDLIMIT;ONEWAY;SERVSTAT;TRUCKROUTE</Process><Process ToolSource="c:\program files (x86)\arcgis\desktop10.6\ArcToolbox\Toolboxes\Data Management Tools.tbx\JoinField" Date="20210309" Time="133235">JoinField "K:\GIS Files\Street Centreline files for applications\StreetCentreline.shp" COMPKEY "K:/GIS Files/Street Centreline files for applications/StreetCenrelineTables.gdb\IMS_Table_20210309" COMPKEY BUSROUTE;COMPKEY;NOLANES;SPEEDLIMIT;ONEWAY;SERVSTAT;TRUCKROUTE;TO_STREET;FROM_STREET;RD_CLASS</Process><Process ToolSource="c:\program files (x86)\arcgis\desktop10.6\ArcToolbox\Toolboxes\Data Management Tools.tbx\JoinField" Date="20210309" Time="142414">JoinField "K:\GIS Files\Street Centreline files for applications\StreetCentreline.shp" COMPKEY "K:/GIS Files/Street Centreline files for applications/StreetCenrelineTables.gdb\IMS_Table_20210309" COMPKEY BUSROUTE;COMPKEY;NOLANES;SPEEDLIMIT;ONEWAY;SERVSTAT;TRUCKROUTE;TO_STREET;FROM_STREET;RD_CLASS</Process><Process ToolSource="c:\program files (x86)\arcgis\desktop10.6\ArcToolbox\Toolboxes\Data Management Tools.tbx\JoinField" Date="20210309" Time="144217">JoinField "K:\GIS Files\Street Centreline files for applications\StreetCentreline.shp" COMPKEY "K:/GIS Files/Street Centreline files for applications/StreetCenrelineTables.gdb\IMS_Table_20210309" COMPKEY BUSROUTE;COMPKEY;NOLANES;SPEEDLIMIT;ONEWAY;SERVSTAT;TRUCKROUTE;TO_STREET;FROM_STREET;RD_CLASS</Process><Process ToolSource="c:\program files (x86)\arcgis\desktop10.6\ArcToolbox\Toolboxes\Data Management Tools.tbx\JoinField" Date="20210309" Time="151345">JoinField "K:\GIS Files\Street Centreline files for applications\StreetCentreline.shp" COMPKEY "K:/GIS Files/Street Centreline files for applications/StreetCenrelineTables.gdb\IMS_Table_20210309" COMPKEY BUSROUTE;COMPKEY;NOLANES;SPEEDLIMIT;ONEWAY;SERVSTAT;TRUCKROUTE;TO_STREET;FROM_STREET;RD_CLASS</Process><Process ToolSource="c:\program files (x86)\arcgis\desktop10.6\ArcToolbox\Toolboxes\Data Management Tools.tbx\JoinField" Date="20210309" Time="152215">JoinField "K:\GIS Files\Street Centreline files for applications\StreetCentreline.shp" COMPKEY "K:/GIS Files/Street Centreline files for applications/StreetCenrelineTables.gdb\IMS_Table_20210309" COMPKEY BUSROUTE;COMPKEY;NOLANES;SPEEDLIMIT;ONEWAY;SERVSTAT;TRUCKROUTE;TO_STREET;FROM_STREET;RD_CLASS</Process><Process ToolSource="c:\program files (x86)\arcgis\desktop10.6\ArcToolbox\Toolboxes\Data Management Tools.tbx\JoinField" Date="20210309" Time="153848">JoinField "K:\GIS Files\Street Centreline files for applications\StreetCentreline.shp" COMPKEY "K:/GIS Files/Street Centreline files for applications/StreetCenrelineTables.gdb\IMS_Table_20210309" COMPKEY BUSROUTE;COMPKEY;NOLANES;SPEEDLIMIT;ONEWAY;SERVSTAT;TRUCKROUTE;TO_STREET;FROM_STREET;RD_CLASS_T</Process><Process ToolSource="c:\program files (x86)\arcgis\desktop10.6\ArcToolbox\Toolboxes\Data Management Tools.tbx\JoinField" Date="20210310" Time="095248">JoinField "K:\GIS Files\Street Centreline files for applications\StreetCentreline.shp" COMPKEY "K:/GIS Files/Street Centreline files for applications/StreetCenrelineTables.gdb\IMS_Table_20210310" COMPKEY BUSROUTE;COMPKEY;NOLANES;SPEEDLIMIT;ONEWAY;SERVSTAT;TRUCKROUTE;TO_STREET;FROM_STREET;RD_CLASS_T</Process><Process ToolSource="c:\program files (x86)\arcgis\desktop10.6\ArcToolbox\Toolboxes\Data Management Tools.tbx\JoinField" Date="20210310" Time="112317">JoinField "K:\GIS Files\Street Centreline files for applications\StreetCentreline.shp" COMPKEY "K:/GIS Files/Street Centreline files for applications/StreetCenrelineTables.gdb\IMS_Table_20210310" COMPKEY BUSROUTE;COMPKEY;NOLANES;SPEEDLIMIT;ONEWAY;SERVSTAT;TRUCKROUTE;TO_STREET;FROM_STREET;RD_CLASS_T</Process><Process ToolSource="c:\program files (x86)\arcgis\desktop10.6\ArcToolbox\Toolboxes\Data Management Tools.tbx\JoinField" Date="20210310" Time="114605">JoinField "K:\GIS Files\Street Centreline files for applications\StreetCentreline.shp" COMPKEY "K:/GIS Files/Street Centreline files for applications/StreetCenrelineTables.gdb\IMS_Table_20210310" COMPKEY BUSROUTE;COMPKEY;NOLANES;SPEEDLIMIT;ONEWAY;SERVSTAT;TRUCKROUTE;TO_STREET;FROM_STREET;RD_CLASS_T</Process><Process ToolSource="c:\program files (x86)\arcgis\desktop10.6\ArcToolbox\Toolboxes\Data Management Tools.tbx\JoinField" Date="20210310" Time="115712">JoinField "K:\GIS Files\Street Centreline files for applications\StreetCentreline.shp" COMPKEY "K:/GIS Files/Street Centreline files for applications/StreetCenrelineTables.gdb\IMS_Table_20210310" COMPKEY BUSROUTE;COMPKEY;NOLANES;SPEEDLIMIT;ONEWAY;SERVSTAT;TRUCKROUTE;TO_STREET;FROM_STREET;RD_CLASS_T</Process><Process ToolSource="c:\program files (x86)\arcgis\desktop10.6\ArcToolbox\Toolboxes\Data Management Tools.tbx\JoinField" Date="20210310" Time="120133">JoinField "K:\GIS Files\Street Centreline files for applications\StreetCentreline.shp" COMPKEY "K:/GIS Files/Street Centreline files for applications/StreetCenrelineTables.gdb\IMS_Table_20210310" COMPKEY BUSROUTE;COMPKEY;NOLANES;SPEEDLIMIT;ONEWAY;SERVSTAT;TRUCKROUTE;TO_STREET;FROM_STREET;RD_CLASS_T</Process><Process ToolSource="c:\program files (x86)\arcgis\desktop10.6\ArcToolbox\Toolboxes\Data Management Tools.tbx\JoinField" Date="20210310" Time="133435">JoinField "K:\GIS Files\Street Centreline files for applications\StreetCentreline.shp" COMPKEY "K:/GIS Files/Street Centreline files for applications/StreetCenrelineTables.gdb\IMS_Table_20210310" COMPKEY BUSROUTE;COMPKEY;NOLANES;SPEEDLIMIT;ONEWAY;SERVSTAT;TRUCKROUTE;TO_STREET;FROM_STREET;RD_CLASS_T</Process><Process ToolSource="c:\program files (x86)\arcgis\desktop10.6\ArcToolbox\Toolboxes\Data Management Tools.tbx\JoinField" Date="20210310" Time="134104">JoinField "K:\GIS Files\Street Centreline files for applications\StreetCentreline.shp" COMPKEY "K:/GIS Files/Street Centreline files for applications/StreetCenrelineTables.gdb\IMS_Table_20210310" COMPKEY BUSROUTE;COMPKEY;NOLANES;SPEEDLIMIT;ONEWAY;SERVSTAT;TRUCKROUTE;TO_STREET;FROM_STREET;RD_CLASS_T</Process><Process ToolSource="c:\program files (x86)\arcgis\desktop10.6\ArcToolbox\Toolboxes\Data Management Tools.tbx\JoinField" Date="20210310" Time="141023">JoinField "K:\GIS Files\Street Centreline files for applications\StreetCentreline.shp" COMPKEY "K:/GIS Files/Street Centreline files for applications/StreetCenrelineTables.gdb\IMS_Table_20210310" COMPKEY BUSROUTE;COMPKEY;NOLANES;SPEEDLIMIT;ONEWAY;SERVSTAT;TRUCKROUTE;TO_STREET;FROM_STREET;RD_CLASS_T</Process><Process ToolSource="c:\program files (x86)\arcgis\desktop10.6\ArcToolbox\Toolboxes\Data Management Tools.tbx\JoinField" Date="20210312" Time="104929">JoinField "K:\GIS Files\Street Centreline files for applications\StreetCentreline.shp" COMPKEY "K:/GIS Files/Street Centreline files for applications/StreetCenrelineTables.gdb\IMS_Table_20210312" COMPKEY BUSROUTE;COMPKEY;NOLANES;SPEEDLIMIT;ONEWAY;SERVSTAT;TRUCKROUTE;TO_STREET;FROM_STREET;RD_CLASS_T</Process><Process ToolSource="c:\program files (x86)\arcgis\desktop10.6\ArcToolbox\Toolboxes\Data Management Tools.tbx\JoinField" Date="20210415" Time="155300">JoinField "K:\GIS Files\Street Centreline files for applications\StreetCentreline.shp" COMPKEY "K:/GIS Files/Street Centreline files for applications/StreetCenrelineTables.gdb\IMS_Table_20210415" COMPKEY BUSROUTE;COMPKEY;NOLANES;SPEEDLIMIT;ONEWAY;SERVSTAT;TRUCKROUTE;TO_STREET;FROM_STREET;RD_CLASS_T</Process><Process ToolSource="c:\program files (x86)\arcgis\desktop10.6\ArcToolbox\Toolboxes\Data Management Tools.tbx\JoinField" Date="20210419" Time="171810">JoinField "K:\GIS Files\Street Centreline files for applications\StreetCentreline.shp" COMPKEY "K:/GIS Files/Street Centreline files for applications/StreetCenrelineTables.gdb\IMS_Table_20210419" COMPKEY BUSROUTE;COMPKEY;NOLANES;SPEEDLIMIT;ONEWAY;SERVSTAT;TRUCKROUTE;TO_STREET;FROM_STREET;RD_CLASS_T</Process><Process ToolSource="c:\program files (x86)\arcgis\desktop10.6\ArcToolbox\Toolboxes\Data Management Tools.tbx\JoinField" Date="20210510" Time="151039">JoinField "K:\GIS Files\Street Centreline files for applications\StreetCentreline.shp" COMPKEY "K:/GIS Files/Street Centreline files for applications/StreetCenrelineTables.gdb\IMS_Table_20210510" COMPKEY BUSROUTE;COMPKEY;NOLANES;SPEEDLIMIT;ONEWAY;SERVSTAT;TRUCKROUTE;TO_STREET;FROM_STREET;RD_CLASS_T</Process><Process ToolSource="c:\program files (x86)\arcgis\desktop10.6\ArcToolbox\Toolboxes\Data Management Tools.tbx\JoinField" Date="20210604" Time="111632">JoinField "K:\GIS Files\Street Centreline files for applications\StreetCentreline.shp" COMPKEY "K:/GIS Files/Street Centreline files for applications/StreetCenrelineTables.gdb\IMS_Table_20210604" COMPKEY BUSROUTE;COMPKEY;NOLANES;SPEEDLIMIT;ONEWAY;SERVSTAT;TRUCKROUTE;TO_STREET;FROM_STREET;RD_CLASS_T</Process><Process ToolSource="c:\program files (x86)\arcgis\desktop10.6\ArcToolbox\Toolboxes\Data Management Tools.tbx\JoinField" Date="20210625" Time="102325">JoinField "K:\GIS Files\Street Centreline files for applications\StreetCentreline.shp" COMPKEY "K:/GIS Files/Street Centreline files for applications/StreetCenrelineTables.gdb\IMS_Table_20210625" COMPKEY BUSROUTE;COMPKEY;NOLANES;SPEEDLIMIT;ONEWAY;SERVSTAT;TRUCKROUTE;TO_STREET;FROM_STREET;RD_CLASS_T</Process><Process ToolSource="c:\program files (x86)\arcgis\desktop10.6\ArcToolbox\Toolboxes\Data Management Tools.tbx\JoinField" Date="20210727" Time="091521">JoinField "K:\GIS Files\Street Centreline files for applications\StreetCentreline.shp" COMPKEY "K:/GIS Files/Street Centreline files for applications/StreetCenrelineTables.gdb\IMS_Table_20210727" COMPKEY BUSROUTE;COMPKEY;NOLANES;SPEEDLIMIT;ONEWAY;SERVSTAT;TRUCKROUTE;TO_STREET;FROM_STREET;RD_CLASS_T</Process><Process ToolSource="c:\program files (x86)\arcgis\desktop10.6\ArcToolbox\Toolboxes\Data Management Tools.tbx\JoinField" Date="20210728" Time="115434">JoinField "K:\GIS Files\Street Centreline files for applications\StreetCentreline.shp" COMPKEY "K:/GIS Files/Street Centreline files for applications/StreetCenrelineTables.gdb\IMS_Table_20210728" COMPKEY BUSROUTE;COMPKEY;NOLANES;SPEEDLIMIT;ONEWAY;SERVSTAT;TRUCKROUTE;TO_STREET;FROM_STREET;RD_CLASS_T</Process><Process ToolSource="c:\program files (x86)\arcgis\desktop10.6\ArcToolbox\Toolboxes\Data Management Tools.tbx\JoinField" Date="20210831" Time="105707">JoinField "K:\GIS Files\Street Centreline files for applications\StreetCentreline.shp" COMPKEY "K:/GIS Files/Street Centreline files for applications/StreetCenrelineTables.gdb\IMS_Table_20210831" COMPKEY BUSROUTE;COMPKEY;NOLANES;SPEEDLIMIT;ONEWAY;SERVSTAT;TRUCKROUTE;TO_STREET;FROM_STREET;RD_CLASS_T</Process><Process ToolSource="c:\program files (x86)\arcgis\desktop10.6\ArcToolbox\Toolboxes\Data Management Tools.tbx\JoinField" Date="20210910" Time="095919">JoinField "K:\GIS Files\Street Centreline files for applications\StreetCentreline.shp" COMPKEY "K:/GIS Files/Street Centreline files for applications/StreetCenrelineTables.gdb\IMS_Table_20210910" COMPKEY BUSROUTE;COMPKEY;NOLANES;SPEEDLIMIT;ONEWAY;SERVSTAT;TRUCKROUTE;TO_STREET;FROM_STREET;RD_CLASS_T</Process><Process ToolSource="c:\program files (x86)\arcgis\desktop10.6\ArcToolbox\Toolboxes\Data Management Tools.tbx\JoinField" Date="20210928" Time="095255">JoinField "K:\GIS Files\Street Centreline files for applications\StreetCentreline.shp" COMPKEY "K:/GIS Files/Street Centreline files for applications/StreetCenrelineTables.gdb\IMS_Table_20210928" COMPKEY BUSROUTE;COMPKEY;NOLANES;SPEEDLIMIT;ONEWAY;SERVSTAT;TRUCKROUTE;TO_STREET;FROM_STREET;RD_CLASS_T</Process><Process ToolSource="c:\program files (x86)\arcgis\desktop10.6\ArcToolbox\Toolboxes\Data Management Tools.tbx\JoinField" Date="20211007" Time="092625">JoinField "K:\GIS Files\Street Centreline files for applications\StreetCentreline.shp" COMPKEY "K:/GIS Files/Street Centreline files for applications/StreetCenrelineTables.gdb\IMS_Table_20211007" COMPKEY BUSROUTE;COMPKEY;NOLANES;SPEEDLIMIT;ONEWAY;SERVSTAT;TRUCKROUTE;TO_STREET;FROM_STREET;RD_CLASS_T</Process><Process ToolSource="c:\program files (x86)\arcgis\desktop10.6\ArcToolbox\Toolboxes\Data Management Tools.tbx\JoinField" Date="20211007" Time="111346">JoinField "K:\GIS Files\Street Centreline files for applications\StreetCentreline.shp" COMPKEY "K:/GIS Files/Street Centreline files for applications/StreetCenrelineTables.gdb\IMS_Table_20211007" COMPKEY BUSROUTE;COMPKEY;NOLANES;SPEEDLIMIT;ONEWAY;SERVSTAT;TRUCKROUTE;TO_STREET;FROM_STREET;RD_CLASS_T</Process><Process ToolSource="c:\program files (x86)\arcgis\desktop10.6\ArcToolbox\Toolboxes\Data Management Tools.tbx\JoinField" Date="20211007" Time="112950">JoinField "K:\GIS Files\Street Centreline files for applications\StreetCentreline.shp" COMPKEY "K:/GIS Files/Street Centreline files for applications/StreetCenrelineTables.gdb\IMS_Table_20211007" COMPKEY BUSROUTE;COMPKEY;NOLANES;SPEEDLIMIT;ONEWAY;SERVSTAT;TRUCKROUTE;TO_STREET;FROM_STREET;RD_CLASS_T</Process><Process ToolSource="c:\program files (x86)\arcgis\desktop10.6\ArcToolbox\Toolboxes\Data Management Tools.tbx\JoinField" Date="20211007" Time="120253">JoinField "K:\GIS Files\Street Centreline files for applications\StreetCentreline.shp" COMPKEY "K:/GIS Files/Street Centreline files for applications/StreetCenrelineTables.gdb\IMS_Table_20211007" COMPKEY BUSROUTE;COMPKEY;NOLANES;SPEEDLIMIT;ONEWAY;SERVSTAT;TRUCKROUTE;TO_STREET;FROM_STREET;RD_CLASS_T</Process><Process ToolSource="c:\program files (x86)\arcgis\desktop10.6\ArcToolbox\Toolboxes\Data Management Tools.tbx\JoinField" Date="20211008" Time="144902">JoinField "K:\GIS Files\Street Centreline files for applications\StreetCentreline.shp" COMPKEY "K:/GIS Files/Street Centreline files for applications/StreetCenrelineTables.gdb\IMS_Table_20211008" COMPKEY BUSROUTE;COMPKEY;NOLANES;SPEEDLIMIT;ONEWAY;SERVSTAT;TRUCKROUTE;TO_STREET;FROM_STREET;RD_CLASS_T</Process><Process ToolSource="c:\program files (x86)\arcgis\desktop10.6\ArcToolbox\Toolboxes\Data Management Tools.tbx\JoinField" Date="20211207" Time="141535">JoinField "K:\GIS Files\Street Centreline files for applications\StreetCentreline.shp" COMPKEY "K:/GIS Files/Street Centreline files for applications/StreetCenrelineTables.gdb\IMS_Table_20211207" COMPKEY BUSROUTE;COMPKEY;NOLANES;SPEEDLIMIT;ONEWAY;SERVSTAT;TRUCKROUTE;TO_STREET;FROM_STREET;RD_CLASS_T</Process><Process ToolSource="c:\program files (x86)\arcgis\desktop10.6\ArcToolbox\Toolboxes\Data Management Tools.tbx\JoinField" Date="20211229" Time="151004">JoinField "K:\GIS Files\Street Centreline files for applications\StreetCentreline.shp" COMPKEY "K:/GIS Files/Street Centreline files for applications/StreetCenrelineTables.gdb\IMS_Table_20211229" COMPKEY BUSROUTE;COMPKEY;NOLANES;SPEEDLIMIT;ONEWAY;SERVSTAT;TRUCKROUTE;TO_STREET;FROM_STREET;RD_CLASS_T</Process><Process ToolSource="c:\program files (x86)\arcgis\desktop10.6\ArcToolbox\Toolboxes\Data Management Tools.tbx\JoinField" Date="20220112" Time="091018">JoinField "K:\GIS Files\Street Centreline files for applications\StreetCentreline.shp" COMPKEY "K:/GIS Files/Street Centreline files for applications/StreetCenrelineTables.gdb\IMS_Table_20220112" COMPKEY BUSROUTE;COMPKEY;NOLANES;SPEEDLIMIT;ONEWAY;SERVSTAT;TRUCKROUTE;TO_STREET;FROM_STREET;RD_CLASS_T</Process><Process ToolSource="c:\program files (x86)\arcgis\desktop10.6\ArcToolbox\Toolboxes\Data Management Tools.tbx\JoinField" Date="20220214" Time="151200">JoinField "K:\GIS Files\Street Centreline files for applications\StreetCentreline.shp" COMPKEY "K:/GIS Files/Street Centreline files for applications/StreetCenrelineTables.gdb\IMS_Table_20220214" COMPKEY BUSROUTE;COMPKEY;NOLANES;SPEEDLIMIT;ONEWAY;SERVSTAT;TRUCKROUTE;TO_STREET;FROM_STREET;RD_CLASS_T</Process><Process ToolSource="c:\program files (x86)\arcgis\desktop10.6\ArcToolbox\Toolboxes\Data Management Tools.tbx\JoinField" Date="20220302" Time="100006">JoinField "K:\GIS Files\Street Centreline files for applications\StreetCentreline.shp" COMPKEY "K:/GIS Files/Street Centreline files for applications/StreetCenrelineTables.gdb\IMS_Table_20220302" COMPKEY BUSROUTE;COMPKEY;NOLANES;SPEEDLIMIT;ONEWAY;SERVSTAT;TRUCKROUTE;TO_STREET;FROM_STREET;RD_CLASS_T</Process><Process ToolSource="c:\program files (x86)\arcgis\desktop10.6\ArcToolbox\Toolboxes\Data Management Tools.tbx\JoinField" Date="20220309" Time="112729">JoinField "K:\GIS Files\Street Centreline files for applications\StreetCentreline.shp" COMPKEY "K:/GIS Files/Street Centreline files for applications/StreetCenrelineTables.gdb\IMS_Table_20220309" COMPKEY BUSROUTE;COMPKEY;NOLANES;SPEEDLIMIT;ONEWAY;SERVSTAT;TRUCKROUTE;TO_STREET;FROM_STREET;RD_CLASS_T</Process><Process ToolSource="c:\program files (x86)\arcgis\desktop10.6\ArcToolbox\Toolboxes\Data Management Tools.tbx\JoinField" Date="20220309" Time="140312">JoinField "K:\GIS Files\Street Centreline files for applications\StreetCentreline.shp" COMPKEY "K:/GIS Files/Street Centreline files for applications/StreetCenrelineTables.gdb\IMS_Table_20220309" COMPKEY BUSROUTE;COMPKEY;NOLANES;SPEEDLIMIT;ONEWAY;SERVSTAT;TRUCKROUTE;TO_STREET;FROM_STREET;RD_CLASS_T</Process><Process ToolSource="c:\program files (x86)\arcgis\desktop10.6\ArcToolbox\Toolboxes\Data Management Tools.tbx\JoinField" Date="20220311" Time="133735">JoinField "K:\GIS Files\Street Centreline files for applications\StreetCentreline.shp" COMPKEY "K:/GIS Files/Street Centreline files for applications/StreetCenrelineTables.gdb\IMS_Table_20220311" COMPKEY BUSROUTE;COMPKEY;NOLANES;SPEEDLIMIT;ONEWAY;SERVSTAT;TRUCKROUTE;TO_STREET;FROM_STREET;RD_CLASS_T</Process><Process ToolSource="c:\program files (x86)\arcgis\desktop10.6\ArcToolbox\Toolboxes\Data Management Tools.tbx\JoinField" Date="20220329" Time="145021">JoinField "K:\GIS Files\Street Centreline files for applications\StreetCentreline.shp" COMPKEY "K:/GIS Files/Street Centreline files for applications/StreetCenrelineTables.gdb\IMS_Table_20220329" COMPKEY BUSROUTE;COMPKEY;NOLANES;SPEEDLIMIT;ONEWAY;SERVSTAT;TRUCKROUTE;TO_STREET;FROM_STREET;RD_CLASS_T</Process><Process ToolSource="c:\program files (x86)\arcgis\desktop10.6\ArcToolbox\Toolboxes\Data Management Tools.tbx\JoinField" Date="20220426" Time="160544">JoinField "K:\GIS Files\Street Centreline files for applications\StreetCentreline.shp" COMPKEY "K:/GIS Files/Street Centreline files for applications/StreetCenrelineTables.gdb\IMS_Table_20220426" COMPKEY BUSROUTE;COMPKEY;NOLANES;SPEEDLIMIT;ONEWAY;SERVSTAT;TRUCKROUTE;TO_STREET;FROM_STREET;RD_CLASS_T</Process><Process ToolSource="c:\program files (x86)\arcgis\desktop10.6\ArcToolbox\Toolboxes\Data Management Tools.tbx\JoinField" Date="20220504" Time="094025">JoinField "K:\GIS Files\Street Centreline files for applications\StreetCentreline.shp" COMPKEY "K:/GIS Files/Street Centreline files for applications/StreetCenrelineTables.gdb\IMS_Table_20220504" COMPKEY BUSROUTE;COMPKEY;NOLANES;SPEEDLIMIT;ONEWAY;SERVSTAT;TRUCKROUTE;TO_STREET;FROM_STREET;RD_CLASS_T</Process><Process ToolSource="c:\program files (x86)\arcgis\desktop10.6\ArcToolbox\Toolboxes\Data Management Tools.tbx\JoinField" Date="20220531" Time="085305">JoinField "K:\GIS Files\Street Centreline files for applications\StreetCentreline.shp" COMPKEY "K:/GIS Files/Street Centreline files for applications/StreetCenrelineTables.gdb\IMS_Table_20220531" COMPKEY BUSROUTE;COMPKEY;NOLANES;SPEEDLIMIT;ONEWAY;SERVSTAT;TRUCKROUTE;TO_STREET;FROM_STREET;RD_CLASS_T</Process><Process ToolSource="c:\program files (x86)\arcgis\desktop10.6\ArcToolbox\Toolboxes\Data Management Tools.tbx\JoinField" Date="20220719" Time="105029">JoinField "K:\GIS Files\Street Centreline files for applications\StreetCentreline.shp" COMPKEY "K:/GIS Files/Street Centreline files for applications/StreetCenrelineTables.gdb\IMS_Table_20220719" COMPKEY BUSROUTE;COMPKEY;NOLANES;SPEEDLIMIT;ONEWAY;SERVSTAT;TRUCKROUTE;TO_STREET;FROM_STREET;RD_CLASS_T</Process><Process ToolSource="c:\program files (x86)\arcgis\desktop10.6\ArcToolbox\Toolboxes\Conversion Tools.tbx\FeatureClassToFeatureClass" Date="20220719" Time="105032">FeatureClassToFeatureClass "K:\GIS Files\Street Centreline files for applications\StreetCentreline.shp" "K:\GIS Files\Street Centreline files for applications" Street_Centreline_Table_Join.shp # "CITY "CITY" true true false 254 Text 0 0 ,First,#,K:\GIS Files\Street Centreline files for applications\StreetCentreline.shp,CITY,-1,-1;COMPKEY "COMPKEY" true true false 28 Double 15 27 ,First,#,K:\GIS Files\Street Centreline files for applications\StreetCentreline.shp,COMPKEY,-1,-1;DIRECTION "DIRECTION" true true false 28 Double 15 27 ,First,#,K:\GIS Files\Street Centreline files for applications\StreetCentreline.shp,DIRECTION,-1,-1;END_NODE "END_NODE" true true false 28 Double 15 27 ,First,#,K:\GIS Files\Street Centreline files for applications\StreetCentreline.shp,END_NODE,-1,-1;ID "ID" true true false 28 Double 15 27 ,First,#,K:\GIS Files\Street Centreline files for applications\StreetCentreline.shp,ID,-1,-1;L_ADD_FROM "L_ADD_FROM" true true false 28 Double 15 27 ,First,#,K:\GIS Files\Street Centreline files for applications\StreetCentreline.shp,L_ADD_FROM,-1,-1;L_ADD_TO "L_ADD_TO" true true false 28 Double 15 27 ,First,#,K:\GIS Files\Street Centreline files for applications\StreetCentreline.shp,L_ADD_TO,-1,-1;OBJECTID "OBJECTID" true true false 28 Double 15 27 ,First,#,K:\GIS Files\Street Centreline files for applications\StreetCentreline.shp,OBJECTID,-1,-1;RD_CLASS_D "RD_CLASS_D" true true false 254 Text 0 0 ,First,#,K:\GIS Files\Street Centreline files for applications\StreetCentreline.shp,RD_CLASS,-1,-1;ROADSEG_ID "ROADSEG_ID" true true false 254 Text 0 0 ,First,#,K:\GIS Files\Street Centreline files for applications\StreetCentreline.shp,ROADSEG_ID,-1,-1;R_ADD_FROM "R_ADD_FROM" true true false 28 Double 15 27 ,First,#,K:\GIS Files\Street Centreline files for applications\StreetCentreline.shp,R_ADD_FROM,-1,-1;R_ADD_TO "R_ADD_TO" true true false 28 Double 15 27 ,First,#,K:\GIS Files\Street Centreline files for applications\StreetCentreline.shp,R_ADD_TO,-1,-1;SHAPE_LENG "SHAPE_LENG" true true false 28 Double 15 27 ,First,#,K:\GIS Files\Street Centreline files for applications\StreetCentreline.shp,SHAPE_LENG,-1,-1;START_NODE "START_NODE" true true false 28 Double 15 27 ,First,#,K:\GIS Files\Street Centreline files for applications\StreetCentreline.shp,START_NODE,-1,-1;STNAME "STNAME" true true false 254 Text 0 0 ,First,#,K:\GIS Files\Street Centreline files for applications\StreetCentreline.shp,STNAME,-1,-1;ST_DIR_SUF "ST_DIR_SUF" true true false 254 Text 0 0 ,First,#,K:\GIS Files\Street Centreline files for applications\StreetCentreline.shp,ST_DIR_SUF,-1,-1;ST_NAME "ST_NAME" true true false 254 Text 0 0 ,First,#,K:\GIS Files\Street Centreline files for applications\StreetCentreline.shp,ST_NAME,-1,-1;ST_SUFFIX "ST_SUFFIX" true true false 254 Text 0 0 ,First,#,K:\GIS Files\Street Centreline files for applications\StreetCentreline.shp,ST_SUFFIX,-1,-1;GISStat "GISStat" true true false 254 Text 0 0 ,First,#,K:\GIS Files\Street Centreline files for applications\StreetCentreline.shp,GISStat,-1,-1;BUSROUTE "BUSROUTE" true true false 255 Text 0 0 ,First,#,K:\GIS Files\Street Centreline files for applications\StreetCentreline.shp,BUSROUTE,-1,-1;NOLANES "NOLANES" true true false 8 Double 0 0 ,First,#,K:\GIS Files\Street Centreline files for applications\StreetCentreline.shp,NOLANES,-1,-1;SPEEDLIMIT "SPEEDLIMIT" true true false 8 Double 0 0 ,First,#,K:\GIS Files\Street Centreline files for applications\StreetCentreline.shp,SPEEDLIMIT,-1,-1;ONEWAY "ONEWAY" true true false 255 Text 0 0 ,First,#,K:\GIS Files\Street Centreline files for applications\StreetCentreline.shp,ONEWAY,-1,-1;SERVSTAT "SERVSTAT" true true false 255 Text 0 0 ,First,#,K:\GIS Files\Street Centreline files for applications\StreetCentreline.shp,SERVSTAT,-1,-1;TRUCKROUTE "TRUCKROUTE" true true false 255 Text 0 0 ,First,#,K:\GIS Files\Street Centreline files for applications\StreetCentreline.shp,TRUCKROUTE,-1,-1;ToSt "ToSt" true true false 255 Text 0 0 ,First,#,K:\GIS Files\Street Centreline files for applications\StreetCentreline.shp,TO_STREET,-1,-1;FromSt "FromSt" true true false 255 Text 0 0 ,First,#,K:\GIS Files\Street Centreline files for applications\StreetCentreline.shp,FROM_STREE,-1,-1;RD_CLASS_T "RD_CLASS_T" true true false 255 Text 0 0 ,First,#,K:\GIS Files\Street Centreline files for applications\StreetCentreline.shp,RD_CLASS_T,-1,-1" #</Process><Process ToolSource="c:\program files (x86)\arcgis\desktop10.6\ArcToolbox\Toolboxes\Data Management Tools.tbx\AddField" Date="20220719" Time="105034">AddField "K:\GIS Files\Street Centreline files for applications\Street_Centreline_Table_Join.shp" L_ADDRANGE TEXT # # 254 # NULLABLE NON_REQUIRED #</Process><Process ToolSource="c:\program files (x86)\arcgis\desktop10.6\ArcToolbox\Toolboxes\Data Management Tools.tbx\AddField" Date="20220719" Time="105037">AddField "K:\GIS Files\Street Centreline files for applications\Street_Centreline_Table_Join.shp" R_ADDRANGE TEXT # # 254 # NULLABLE NON_REQUIRED #</Process><Process ToolSource="c:\program files (x86)\arcgis\desktop10.6\ArcToolbox\Toolboxes\Data Management Tools.tbx\AddField" Date="20220719" Time="105039">AddField "K:\GIS Files\Street Centreline files for applications\Street_Centreline_Table_Join.shp" CLASSIFCTN TEXT # # 254 # NULLABLE NON_REQUIRED #</Process><Process ToolSource="c:\program files (x86)\arcgis\desktop10.6\ArcToolbox\Toolboxes\Data Management Tools.tbx\AddField" Date="20220719" Time="105041">AddField "K:\GIS Files\Street Centreline files for applications\Street_Centreline_Table_Join.shp" GISID TEXT # # 254 # NULLABLE NON_REQUIRED #</Process><Process ToolSource="c:\program files (x86)\arcgis\desktop10.6\ArcToolbox\Toolboxes\Data Management Tools.tbx\AddField" Date="20220719" Time="105044">AddField "K:\GIS Files\Street Centreline files for applications\Street_Centreline_Table_Join.shp" RD_CLASS TEXT # # 254 # NULLABLE NON_REQUIRED #</Process><Process ToolSource="c:\program files (x86)\arcgis\desktop10.6\ArcToolbox\Toolboxes\Analysis Tools.tbx\Select" Date="20220719" Time="105049">Select "K:\GIS Files\Street Centreline files for applications\Street_Centreline_Table_Join.shp" "K:\GIS Files\Street Centreline files for applications\Street_Centreline_Apps_Open_Data.shp" ""GISStat" &lt;&gt; 'Planned'"</Process><Process ToolSource="c:\program files (x86)\arcgis\desktop10.6\ArcToolbox\Toolboxes\Data Management Tools.tbx\DeleteField" Date="20220719" Time="105306">DeleteField "K:\GIS Files\Street Centreline files for applications\Street_Centreline_Apps_Open_Data.shp" COMPKEY_1;SERVSTAT;GISStat;CITY;DIRECTION;END_NODE;ID;OBJECTID;ROADSEG_ID;SHAPE_LENG;START_NODE;RD_CLASS_T;RD_CLASS_D</Process><Process ToolSource="c:\program files (x86)\arcgis\desktop10.6\ArcToolbox\Toolboxes\Conversion Tools.tbx\FeatureClassToFeatureClass" Date="20220719" Time="132046">FeatureClassToFeatureClass "K:\GIS Files\Street Centreline files for applications\Street_Centreline_Apps_Open_Data.shp" "\\smapdv01\arcgisserver\City of Windsor GDB\GDBCityofWindsor.gdb\\Transportation" Street_Centreline_Apps_Open_Data # "COMPKEY "COMPKEY" true true false 19 Double 0 0 ,First,#,K:\GIS Files\Street Centreline files for applications\Street_Centreline_Apps_Open_Data.shp,COMPKEY,-1,-1;L_ADD_FROM "L_ADD_FROM" true true false 19 Double 0 0 ,First,#,K:\GIS Files\Street Centreline files for applications\Street_Centreline_Apps_Open_Data.shp,L_ADD_FROM,-1,-1;L_ADD_TO "L_ADD_TO" true true false 19 Double 0 0 ,First,#,K:\GIS Files\Street Centreline files for applications\Street_Centreline_Apps_Open_Data.shp,L_ADD_TO,-1,-1;R_ADD_FROM "R_ADD_FROM" true true false 19 Double 0 0 ,First,#,K:\GIS Files\Street Centreline files for applications\Street_Centreline_Apps_Open_Data.shp,R_ADD_FROM,-1,-1;R_ADD_TO "R_ADD_TO" true true false 19 Double 0 0 ,First,#,K:\GIS Files\Street Centreline files for applications\Street_Centreline_Apps_Open_Data.shp,R_ADD_TO,-1,-1;STNAME "STNAME" true true false 254 Text 0 0 ,First,#,K:\GIS Files\Street Centreline files for applications\Street_Centreline_Apps_Open_Data.shp,STNAME,-1,-1;ST_DIR_SUF "ST_DIR_SUF" true true false 254 Text 0 0 ,First,#,K:\GIS Files\Street Centreline files for applications\Street_Centreline_Apps_Open_Data.shp,ST_DIR_SUF,-1,-1;ST_NAME "ST_NAME" true true false 254 Text 0 0 ,First,#,K:\GIS Files\Street Centreline files for applications\Street_Centreline_Apps_Open_Data.shp,ST_NAME,-1,-1;ST_SUFFIX "ST_SUFFIX" true true false 254 Text 0 0 ,First,#,K:\GIS Files\Street Centreline files for applications\Street_Centreline_Apps_Open_Data.shp,ST_SUFFIX,-1,-1;BUSROUTE "BUSROUTE" true true false 254 Text 0 0 ,First,#,K:\GIS Files\Street Centreline files for applications\Street_Centreline_Apps_Open_Data.shp,BUSROUTE,-1,-1;NOLANES "NOLANES" true true false 19 Double 0 0 ,First,#,K:\GIS Files\Street Centreline files for applications\Street_Centreline_Apps_Open_Data.shp,NOLANES,-1,-1;SPEEDLIMIT "SPEEDLIMIT" true true false 19 Double 0 0 ,First,#,K:\GIS Files\Street Centreline files for applications\Street_Centreline_Apps_Open_Data.shp,SPEEDLIMIT,-1,-1;ONEWAY "ONEWAY" true true false 254 Text 0 0 ,First,#,K:\GIS Files\Street Centreline files for applications\Street_Centreline_Apps_Open_Data.shp,ONEWAY,-1,-1;TRUCKROUTE "TRUCKROUTE" true true false 254 Text 0 0 ,First,#,K:\GIS Files\Street Centreline files for applications\Street_Centreline_Apps_Open_Data.shp,TRUCKROUTE,-1,-1;ToSt "ToSt" true true false 254 Text 0 0 ,First,#,K:\GIS Files\Street Centreline files for applications\Street_Centreline_Apps_Open_Data.shp,ToSt,-1,-1;FromSt "FromSt" true true false 254 Text 0 0 ,First,#,K:\GIS Files\Street Centreline files for applications\Street_Centreline_Apps_Open_Data.shp,FromSt,-1,-1;L_ADDRANGE "L_ADDRANGE" true true false 254 Text 0 0 ,First,#,K:\GIS Files\Street Centreline files for applications\Street_Centreline_Apps_Open_Data.shp,L_ADDRANGE,-1,-1;R_ADDRANGE "R_ADDRANGE" true true false 254 Text 0 0 ,First,#,K:\GIS Files\Street Centreline files for applications\Street_Centreline_Apps_Open_Data.shp,R_ADDRANGE,-1,-1;CLASSIFCTN "CLASSIFCTN" true true false 254 Text 0 0 ,First,#,K:\GIS Files\Street Centreline files for applications\Street_Centreline_Apps_Open_Data.shp,CLASSIFCTN,-1,-1;GISID "GISID" true true false 254 Text 0 0 ,First,#,K:\GIS Files\Street Centreline files for applications\Street_Centreline_Apps_Open_Data.shp,GISID,-1,-1;RD_CLASS "RD_CLASS" true true false 254 Text 0 0 ,First,#,K:\GIS Files\Street Centreline files for applications\Street_Centreline_Apps_Open_Data.shp,RD_CLASS,-1,-1" #</Process><Process ToolSource="c:\program files\arcgis\pro\Resources\ArcToolbox\toolboxes\Data Management Tools.tbx\DeleteRows" Date="20221103" Time="135731">DeleteRows GEODB.GISO.Street_Centreline_Apps_Open_Data</Process><Process ToolSource="c:\program files\arcgis\pro\Resources\ArcToolbox\toolboxes\Data Management Tools.tbx\Append" Date="20221103" Time="135856">Append GEODB.GISO.WIP_Street_Centreline_Apps_Open_Data_NB GEODB.GISO.Street_Centreline_Apps_Open_Data "Input fields must match target fields" # # #</Process><Process ToolSource="c:\program files\arcgis\pro\Resources\ArcToolbox\toolboxes\Data Management Tools.tbx\CalculateField" Date="20221215" Time="141939">CalculateField GEODB.GISO.Street_Centreline_Apps_Open_Data TRUCKROUTE "Yes" "Python 3" # Text NO_ENFORCE_DOMAINS</Process><Process ToolSource="c:\program files\arcgis\pro\Resources\ArcToolbox\toolboxes\Data Management Tools.tbx\DeleteRows" Date="20230210" Time="133457">DeleteRows GEODB.GISO.Street_Centreline_Apps_Open_Data</Process><Process ToolSource="c:\program files\arcgis\pro\Resources\ArcToolbox\toolboxes\Data Management Tools.tbx\Append" Date="20230210" Time="133553">Append GEODB.GISO.WIP_Street_Centerline_Apps_Open_Data_NB GEODB.GISO.Street_Centreline_Apps_Open_Data "Input fields must match target fields" # # #</Process><Process ToolSource="c:\program files\arcgis\pro\Resources\ArcToolbox\toolboxes\Data Management Tools.tbx\CalculateField" Date="20230215" Time="161411">CalculateField GEODB.GISO.Street_Centreline_Apps_Open_Data STNAME "MATCHETT RD" "Python 3" # Text NO_ENFORCE_DOMAINS</Process><Process ToolSource="c:\program files\arcgis\pro\Resources\ArcToolbox\toolboxes\Data Management Tools.tbx\CalculateField" Date="20230215" Time="161438">CalculateField GEODB.GISO.Street_Centreline_Apps_Open_Data ST_NAME "MATCHETT" "Python 3" # Text NO_ENFORCE_DOMAINS</Process><Process ToolSource="c:\program files\arcgis\pro\Resources\ArcToolbox\toolboxes\Data Management Tools.tbx\CalculateField" Date="20230215" Time="161551">CalculateField GEODB.GISO.Street_Centreline_Apps_Open_Data ToSt "MATCHETT RD" "Python 3" # Text NO_ENFORCE_DOMAINS</Process><Process ToolSource="c:\program files\arcgis\pro\Resources\ArcToolbox\toolboxes\Data Management Tools.tbx\CalculateField" Date="20230215" Time="161637">CalculateField GEODB.GISO.Street_Centreline_Apps_Open_Data FromSt "MATCHETT RD" "Python 3" # Text NO_ENFORCE_DOMAINS</Process><Process ToolSource="c:\program files\arcgis\pro\Resources\ArcToolbox\toolboxes\Data Management Tools.tbx\DeleteRows" Date="20230510" Time="134543">DeleteRows GEODB.GISO.Street_Centreline_Apps_Open_Data</Process><Process ToolSource="c:\program files\arcgis\pro\Resources\ArcToolbox\toolboxes\Data Management Tools.tbx\Append" Date="20230510" Time="134946">Append GEODB.GISO.WIP_Street_Centreline_Apps_Open_Data_NB GEODB.GISO.Street_Centreline_Apps_Open_Data "Use the field map to reconcile field differences" "COMPKEY "COMPKEY" true true false 8 Double 8 38,First,#,K:\Users\Neil Blair\GISCADTECH_August2020_PRESENT\GDB_Updates\GDB_Update\SCORSQL03.sde\GEODB.GISO.WIP_Street_Centreline_Apps_Open_Data_NB,COMPKEY,-1,-1;L_ADD_FROM "L_ADD_FROM" true true false 8 Double 8 38,First,#,K:\Users\Neil Blair\GISCADTECH_August2020_PRESENT\GDB_Updates\GDB_Update\SCORSQL03.sde\GEODB.GISO.WIP_Street_Centreline_Apps_Open_Data_NB,L_ADD_FROM,-1,-1;L_ADD_TO "L_ADD_TO" true true false 8 Double 8 38,First,#,K:\Users\Neil Blair\GISCADTECH_August2020_PRESENT\GDB_Updates\GDB_Update\SCORSQL03.sde\GEODB.GISO.WIP_Street_Centreline_Apps_Open_Data_NB,L_ADD_TO,-1,-1;R_ADD_FROM "R_ADD_FROM" true true false 8 Double 8 38,First,#,K:\Users\Neil Blair\GISCADTECH_August2020_PRESENT\GDB_Updates\GDB_Update\SCORSQL03.sde\GEODB.GISO.WIP_Street_Centreline_Apps_Open_Data_NB,R_ADD_FROM,-1,-1;R_ADD_TO "R_ADD_TO" true true false 8 Double 8 38,First,#,K:\Users\Neil Blair\GISCADTECH_August2020_PRESENT\GDB_Updates\GDB_Update\SCORSQL03.sde\GEODB.GISO.WIP_Street_Centreline_Apps_Open_Data_NB,R_ADD_TO,-1,-1;STNAME "STNAME" true true false 254 Text 0 0,First,#,K:\Users\Neil Blair\GISCADTECH_August2020_PRESENT\GDB_Updates\GDB_Update\SCORSQL03.sde\GEODB.GISO.WIP_Street_Centreline_Apps_Open_Data_NB,STNAME,0,254;ST_DIR_SUF "ST_DIR_SUF" true true false 254 Text 0 0,First,#,K:\Users\Neil Blair\GISCADTECH_August2020_PRESENT\GDB_Updates\GDB_Update\SCORSQL03.sde\GEODB.GISO.WIP_Street_Centreline_Apps_Open_Data_NB,ST_DIR_SUF,0,254;ST_NAME "ST_NAME" true true false 254 Text 0 0,First,#,K:\Users\Neil Blair\GISCADTECH_August2020_PRESENT\GDB_Updates\GDB_Update\SCORSQL03.sde\GEODB.GISO.WIP_Street_Centreline_Apps_Open_Data_NB,ST_NAME,0,254;ST_SUFFIX "ST_SUFFIX" true true false 254 Text 0 0,First,#,K:\Users\Neil Blair\GISCADTECH_August2020_PRESENT\GDB_Updates\GDB_Update\SCORSQL03.sde\GEODB.GISO.WIP_Street_Centreline_Apps_Open_Data_NB,ST_SUFFIX,0,254;BUSROUTE "BUSROUTE" true true false 254 Text 0 0,First,#,K:\Users\Neil Blair\GISCADTECH_August2020_PRESENT\GDB_Updates\GDB_Update\SCORSQL03.sde\GEODB.GISO.WIP_Street_Centreline_Apps_Open_Data_NB,BUSROUTE,0,254;NOLANES "NOLANES" true true false 8 Double 8 38,First,#,K:\Users\Neil Blair\GISCADTECH_August2020_PRESENT\GDB_Updates\GDB_Update\SCORSQL03.sde\GEODB.GISO.WIP_Street_Centreline_Apps_Open_Data_NB,NOLANES,-1,-1;SPEEDLIMIT "SPEEDLIMIT" true true false 8 Double 8 38,First,#,K:\Users\Neil Blair\GISCADTECH_August2020_PRESENT\GDB_Updates\GDB_Update\SCORSQL03.sde\GEODB.GISO.WIP_Street_Centreline_Apps_Open_Data_NB,SPEEDLIMIT,-1,-1;ONEWAY "ONEWAY" true true false 254 Text 0 0,First,#,K:\Users\Neil Blair\GISCADTECH_August2020_PRESENT\GDB_Updates\GDB_Update\SCORSQL03.sde\GEODB.GISO.WIP_Street_Centreline_Apps_Open_Data_NB,ONEWAY,0,254;TRUCKROUTE "TRUCKROUTE" true true false 254 Text 0 0,First,#,K:\Users\Neil Blair\GISCADTECH_August2020_PRESENT\GDB_Updates\GDB_Update\SCORSQL03.sde\GEODB.GISO.WIP_Street_Centreline_Apps_Open_Data_NB,TRUCKROUTE,0,254;ToSt "ToSt" true true false 254 Text 0 0,First,#,K:\Users\Neil Blair\GISCADTECH_August2020_PRESENT\GDB_Updates\GDB_Update\SCORSQL03.sde\GEODB.GISO.WIP_Street_Centreline_Apps_Open_Data_NB,ToSt,0,254;FromSt "FromSt" true true false 254 Text 0 0,First,#,K:\Users\Neil Blair\GISCADTECH_August2020_PRESENT\GDB_Updates\GDB_Update\SCORSQL03.sde\GEODB.GISO.WIP_Street_Centreline_Apps_Open_Data_NB,FromSt,0,254;L_ADDRANGE "L_ADDRANGE" true true false 254 Text 0 0,First,#,K:\Users\Neil Blair\GISCADTECH_August2020_PRESENT\GDB_Updates\GDB_Update\SCORSQL03.sde\GEODB.GISO.WIP_Street_Centreline_Apps_Open_Data_NB,L_ADDRANGE,0,254;R_ADDRANGE "R_ADDRANGE" true true false 254 Text 0 0,First,#,K:\Users\Neil Blair\GISCADTECH_August2020_PRESENT\GDB_Updates\GDB_Update\SCORSQL03.sde\GEODB.GISO.WIP_Street_Centreline_Apps_Open_Data_NB,R_ADDRANGE,0,254;CLASSIFCTN "CLASSIFCTN" true true false 254 Text 0 0,First,#,K:\Users\Neil Blair\GISCADTECH_August2020_PRESENT\GDB_Updates\GDB_Update\SCORSQL03.sde\GEODB.GISO.WIP_Street_Centreline_Apps_Open_Data_NB,CLASSIFCTN,0,254;GISID "GISID" true true false 254 Text 0 0,First,#,K:\Users\Neil Blair\GISCADTECH_August2020_PRESENT\GDB_Updates\GDB_Update\SCORSQL03.sde\GEODB.GISO.WIP_Street_Centreline_Apps_Open_Data_NB,GISID,0,254;RD_CLASS "RD_CLASS" true true false 254 Text 0 0,First,#,K:\Users\Neil Blair\GISCADTECH_August2020_PRESENT\GDB_Updates\GDB_Update\SCORSQL03.sde\GEODB.GISO.WIP_Street_Centreline_Apps_Open_Data_NB,RD_CLASS,0,254" # # # NOT_UPDATE_GEOMETRY</Process><Process ToolSource="c:\program files\arcgis\pro\Resources\ArcToolbox\toolboxes\Conversion Tools.tbx\ExportFeatures" Date="20230908" Time="153954">ExportFeatures "K:\Users\Neil Blair\GISCADTECH_August2020_PRESENT\GDB_Updates\GDB_Update\SCORSQL03.sde\GEODB.GISO.Transportation\GEODB.GISO.Street_Centreline_Apps_Open_Data" "Y:\City of Windsor GDB\GDBCityofWindsor.gdb\Transportation\Street_Centreline_Apps_Open_Data" # NOT_USE_ALIAS "COMPKEY "COMPKEY" true true false 8 Double 8 38,First,#,K:\Users\Neil Blair\GISCADTECH_August2020_PRESENT\GDB_Updates\GDB_Update\SCORSQL03.sde\GEODB.GISO.Transportation\GEODB.GISO.Street_Centreline_Apps_Open_Data,COMPKEY,-1,-1;L_ADD_FROM "L_ADD_FROM" true true false 8 Double 8 38,First,#,K:\Users\Neil Blair\GISCADTECH_August2020_PRESENT\GDB_Updates\GDB_Update\SCORSQL03.sde\GEODB.GISO.Transportation\GEODB.GISO.Street_Centreline_Apps_Open_Data,L_ADD_FROM,-1,-1;L_ADD_TO "L_ADD_TO" true true false 8 Double 8 38,First,#,K:\Users\Neil Blair\GISCADTECH_August2020_PRESENT\GDB_Updates\GDB_Update\SCORSQL03.sde\GEODB.GISO.Transportation\GEODB.GISO.Street_Centreline_Apps_Open_Data,L_ADD_TO,-1,-1;R_ADD_FROM "R_ADD_FROM" true true false 8 Double 8 38,First,#,K:\Users\Neil Blair\GISCADTECH_August2020_PRESENT\GDB_Updates\GDB_Update\SCORSQL03.sde\GEODB.GISO.Transportation\GEODB.GISO.Street_Centreline_Apps_Open_Data,R_ADD_FROM,-1,-1;R_ADD_TO "R_ADD_TO" true true false 8 Double 8 38,First,#,K:\Users\Neil Blair\GISCADTECH_August2020_PRESENT\GDB_Updates\GDB_Update\SCORSQL03.sde\GEODB.GISO.Transportation\GEODB.GISO.Street_Centreline_Apps_Open_Data,R_ADD_TO,-1,-1;STNAME "STNAME" true true false 254 Text 0 0,First,#,K:\Users\Neil Blair\GISCADTECH_August2020_PRESENT\GDB_Updates\GDB_Update\SCORSQL03.sde\GEODB.GISO.Transportation\GEODB.GISO.Street_Centreline_Apps_Open_Data,STNAME,0,254;ST_DIR_SUF "ST_DIR_SUF" true true false 254 Text 0 0,First,#,K:\Users\Neil Blair\GISCADTECH_August2020_PRESENT\GDB_Updates\GDB_Update\SCORSQL03.sde\GEODB.GISO.Transportation\GEODB.GISO.Street_Centreline_Apps_Open_Data,ST_DIR_SUF,0,254;ST_NAME "ST_NAME" true true false 254 Text 0 0,First,#,K:\Users\Neil Blair\GISCADTECH_August2020_PRESENT\GDB_Updates\GDB_Update\SCORSQL03.sde\GEODB.GISO.Transportation\GEODB.GISO.Street_Centreline_Apps_Open_Data,ST_NAME,0,254;ST_SUFFIX "ST_SUFFIX" true true false 254 Text 0 0,First,#,K:\Users\Neil Blair\GISCADTECH_August2020_PRESENT\GDB_Updates\GDB_Update\SCORSQL03.sde\GEODB.GISO.Transportation\GEODB.GISO.Street_Centreline_Apps_Open_Data,ST_SUFFIX,0,254;BUSROUTE "BUSROUTE" true true false 254 Text 0 0,First,#,K:\Users\Neil Blair\GISCADTECH_August2020_PRESENT\GDB_Updates\GDB_Update\SCORSQL03.sde\GEODB.GISO.Transportation\GEODB.GISO.Street_Centreline_Apps_Open_Data,BUSROUTE,0,254;NOLANES "NOLANES" true true false 8 Double 8 38,First,#,K:\Users\Neil Blair\GISCADTECH_August2020_PRESENT\GDB_Updates\GDB_Update\SCORSQL03.sde\GEODB.GISO.Transportation\GEODB.GISO.Street_Centreline_Apps_Open_Data,NOLANES,-1,-1;SPEEDLIMIT "SPEEDLIMIT" true true false 8 Double 8 38,First,#,K:\Users\Neil Blair\GISCADTECH_August2020_PRESENT\GDB_Updates\GDB_Update\SCORSQL03.sde\GEODB.GISO.Transportation\GEODB.GISO.Street_Centreline_Apps_Open_Data,SPEEDLIMIT,-1,-1;ONEWAY "ONEWAY" true true false 254 Text 0 0,First,#,K:\Users\Neil Blair\GISCADTECH_August2020_PRESENT\GDB_Updates\GDB_Update\SCORSQL03.sde\GEODB.GISO.Transportation\GEODB.GISO.Street_Centreline_Apps_Open_Data,ONEWAY,0,254;TRUCKROUTE "TRUCKROUTE" true true false 254 Text 0 0,First,#,K:\Users\Neil Blair\GISCADTECH_August2020_PRESENT\GDB_Updates\GDB_Update\SCORSQL03.sde\GEODB.GISO.Transportation\GEODB.GISO.Street_Centreline_Apps_Open_Data,TRUCKROUTE,0,254;ToSt "ToSt" true true false 254 Text 0 0,First,#,K:\Users\Neil Blair\GISCADTECH_August2020_PRESENT\GDB_Updates\GDB_Update\SCORSQL03.sde\GEODB.GISO.Transportation\GEODB.GISO.Street_Centreline_Apps_Open_Data,ToSt,0,254;FromSt "FromSt" true true false 254 Text 0 0,First,#,K:\Users\Neil Blair\GISCADTECH_August2020_PRESENT\GDB_Updates\GDB_Update\SCORSQL03.sde\GEODB.GISO.Transportation\GEODB.GISO.Street_Centreline_Apps_Open_Data,FromSt,0,254;L_ADDRANGE "L_ADDRANGE" true true false 254 Text 0 0,First,#,K:\Users\Neil Blair\GISCADTECH_August2020_PRESENT\GDB_Updates\GDB_Update\SCORSQL03.sde\GEODB.GISO.Transportation\GEODB.GISO.Street_Centreline_Apps_Open_Data,L_ADDRANGE,0,254;R_ADDRANGE "R_ADDRANGE" true true false 254 Text 0 0,First,#,K:\Users\Neil Blair\GISCADTECH_August2020_PRESENT\GDB_Updates\GDB_Update\SCORSQL03.sde\GEODB.GISO.Transportation\GEODB.GISO.Street_Centreline_Apps_Open_Data,R_ADDRANGE,0,254;CLASSIFCTN "CLASSIFCTN" true true false 254 Text 0 0,First,#,K:\Users\Neil Blair\GISCADTECH_August2020_PRESENT\GDB_Updates\GDB_Update\SCORSQL03.sde\GEODB.GISO.Transportation\GEODB.GISO.Street_Centreline_Apps_Open_Data,CLASSIFCTN,0,254;GISID "GISID" true true false 254 Text 0 0,First,#,K:\Users\Neil Blair\GISCADTECH_August2020_PRESENT\GDB_Updates\GDB_Update\SCORSQL03.sde\GEODB.GISO.Transportation\GEODB.GISO.Street_Centreline_Apps_Open_Data,GISID,0,254;RD_CLASS "RD_CLASS" true true false 254 Text 0 0,First,#,K:\Users\Neil Blair\GISCADTECH_August2020_PRESENT\GDB_Updates\GDB_Update\SCORSQL03.sde\GEODB.GISO.Transportation\GEODB.GISO.Street_Centreline_Apps_Open_Data,RD_CLASS,0,254;created_user "created_user" false true false 255 Text 0 0,First,#,K:\Users\Neil Blair\GISCADTECH_August2020_PRESENT\GDB_Updates\GDB_Update\SCORSQL03.sde\GEODB.GISO.Transportation\GEODB.GISO.Street_Centreline_Apps_Open_Data,created_user,0,255;created_date "created_date" false true false 8 Date 0 0,First,#,K:\Users\Neil Blair\GISCADTECH_August2020_PRESENT\GDB_Updates\GDB_Update\SCORSQL03.sde\GEODB.GISO.Transportation\GEODB.GISO.Street_Centreline_Apps_Open_Data,created_date,-1,-1;last_edited_user "last_edited_user" false true false 255 Text 0 0,First,#,K:\Users\Neil Blair\GISCADTECH_August2020_PRESENT\GDB_Updates\GDB_Update\SCORSQL03.sde\GEODB.GISO.Transportation\GEODB.GISO.Street_Centreline_Apps_Open_Data,last_edited_user,0,255;last_edited_date "last_edited_date" false true false 8 Date 0 0,First,#,K:\Users\Neil Blair\GISCADTECH_August2020_PRESENT\GDB_Updates\GDB_Update\SCORSQL03.sde\GEODB.GISO.Transportation\GEODB.GISO.Street_Centreline_Apps_Open_Data,last_edited_date,-1,-1" #</Process><Process ToolSource="c:\program files (x86)\arcgis\desktop10.6\ArcToolbox\Toolboxes\Conversion Tools.tbx\FeatureClassToFeatureClass" Date="20230908" Time="161747">FeatureClassToFeatureClass "\\smapdv01\arcgisserver\City of Windsor GDB\GDBCityofWindsor.gdb\Street_Centreline_Apps_Open_Data" "K:\Open Data Files\Open Data 2023\September\Street Centreline\RATSRATSRATS" "Street Centreline" # "COMPKEY "COMPKEY" true true false 8 Double 0 0 ,First,#,\\smapdv01\arcgisserver\City of Windsor GDB\GDBCityofWindsor.gdb/Transportation/Street_Centreline_Apps_Open_Data,COMPKEY,-1,-1;L_ADD_FROM "L_ADD_FROM" true true false 8 Double 0 0 ,First,#,\\smapdv01\arcgisserver\City of Windsor GDB\GDBCityofWindsor.gdb/Transportation/Street_Centreline_Apps_Open_Data,L_ADD_FROM,-1,-1;L_ADD_TO "L_ADD_TO" true true false 8 Double 0 0 ,First,#,\\smapdv01\arcgisserver\City of Windsor GDB\GDBCityofWindsor.gdb/Transportation/Street_Centreline_Apps_Open_Data,L_ADD_TO,-1,-1;R_ADD_FROM "R_ADD_FROM" true true false 8 Double 0 0 ,First,#,\\smapdv01\arcgisserver\City of Windsor GDB\GDBCityofWindsor.gdb/Transportation/Street_Centreline_Apps_Open_Data,R_ADD_FROM,-1,-1;R_ADD_TO "R_ADD_TO" true true false 8 Double 0 0 ,First,#,\\smapdv01\arcgisserver\City of Windsor GDB\GDBCityofWindsor.gdb/Transportation/Street_Centreline_Apps_Open_Data,R_ADD_TO,-1,-1;STNAME "STNAME" true true false 254 Text 0 0 ,First,#,\\smapdv01\arcgisserver\City of Windsor GDB\GDBCityofWindsor.gdb/Transportation/Street_Centreline_Apps_Open_Data,STNAME,-1,-1;ST_DIR_SUF "ST_DIR_SUF" true true false 254 Text 0 0 ,First,#,\\smapdv01\arcgisserver\City of Windsor GDB\GDBCityofWindsor.gdb/Transportation/Street_Centreline_Apps_Open_Data,ST_DIR_SUF,-1,-1;ST_NAME "ST_NAME" true true false 254 Text 0 0 ,First,#,\\smapdv01\arcgisserver\City of Windsor GDB\GDBCityofWindsor.gdb/Transportation/Street_Centreline_Apps_Open_Data,ST_NAME,-1,-1;ST_SUFFIX "ST_SUFFIX" true true false 254 Text 0 0 ,First,#,\\smapdv01\arcgisserver\City of Windsor GDB\GDBCityofWindsor.gdb/Transportation/Street_Centreline_Apps_Open_Data,ST_SUFFIX,-1,-1;TRCK_RTE "TRCK_RTE" true true false 254 Text 0 0 ,First,#,\\smapdv01\arcgisserver\City of Windsor GDB\GDBCityofWindsor.gdb/Transportation/Street_Centreline_Apps_Open_Data,TRUCKROUTE,-1,-1;BUSROUTE "BUSROUTE" true true false 254 Text 0 0 ,First,#,\\smapdv01\arcgisserver\City of Windsor GDB\GDBCityofWindsor.gdb/Transportation/Street_Centreline_Apps_Open_Data,BUSROUTE,-1,-1;NOLANES "NOLANES" true true false 8 Double 0 0 ,First,#,\\smapdv01\arcgisserver\City of Windsor GDB\GDBCityofWindsor.gdb/Transportation/Street_Centreline_Apps_Open_Data,NOLANES,-1,-1;SPEEDLIMIT "SPEEDLIMIT" true true false 8 Double 0 0 ,First,#,\\smapdv01\arcgisserver\City of Windsor GDB\GDBCityofWindsor.gdb/Transportation/Street_Centreline_Apps_Open_Data,SPEEDLIMIT,-1,-1;ONEWAY "ONEWAY" true true false 254 Text 0 0 ,First,#,\\smapdv01\arcgisserver\City of Windsor GDB\GDBCityofWindsor.gdb/Transportation/Street_Centreline_Apps_Open_Data,ONEWAY,-1,-1;L_ADDRANGE "L_ADDRANGE" true true false 254 Text 0 0 ,First,#,\\smapdv01\arcgisserver\City of Windsor GDB\GDBCityofWindsor.gdb/Transportation/Street_Centreline_Apps_Open_Data,L_ADDRANGE,-1,-1;R_ADDRANGE "R_ADDRANGE" true true false 254 Text 0 0 ,First,#,\\smapdv01\arcgisserver\City of Windsor GDB\GDBCityofWindsor.gdb/Transportation/Street_Centreline_Apps_Open_Data,R_ADDRANGE,-1,-1;CLASSIFCTN "CLASSIFCTN" true true false 254 Text 0 0 ,First,#,\\smapdv01\arcgisserver\City of Windsor GDB\GDBCityofWindsor.gdb/Transportation/Street_Centreline_Apps_Open_Data,CLASSIFCTN,-1,-1;Shape_Leng "Shape_Leng" false true true 8 Double 0 0 ,First,#,\\smapdv01\arcgisserver\City of Windsor GDB\GDBCityofWindsor.gdb/Transportation/Street_Centreline_Apps_Open_Data,Shape_Length,-1,-1" #</Process><Process ToolSource="c:\program files (x86)\arcgis\desktop10.6\ArcToolbox\Toolboxes\Conversion Tools.tbx\FeatureClassToFeatureClass" Date="20230908" Time="162025">FeatureClassToFeatureClass "K:\Open Data Files\Open Data 2023\September\Street Centreline\RATSRATSRATS\Street Centreline.shp" "K:\Open Data Files\Open Data 2023\September\Street Centreline\RATSRATSRATS_UTM83" "Street Centreline_UTM83" # "COMPKEY "COMPKEY" true true false 19 Double 0 0 ,First,#,K:\Open Data Files\Open Data 2023\September\Street Centreline\RATSRATSRATS\Street Centreline.shp,COMPKEY,-1,-1;L_ADD_FROM "L_ADD_FROM" true true false 19 Double 0 0 ,First,#,K:\Open Data Files\Open Data 2023\September\Street Centreline\RATSRATSRATS\Street Centreline.shp,L_ADD_FROM,-1,-1;L_ADD_TO "L_ADD_TO" true true false 19 Double 0 0 ,First,#,K:\Open Data Files\Open Data 2023\September\Street Centreline\RATSRATSRATS\Street Centreline.shp,L_ADD_TO,-1,-1;R_ADD_FROM "R_ADD_FROM" true true false 19 Double 0 0 ,First,#,K:\Open Data Files\Open Data 2023\September\Street Centreline\RATSRATSRATS\Street Centreline.shp,R_ADD_FROM,-1,-1;R_ADD_TO "R_ADD_TO" true true false 19 Double 0 0 ,First,#,K:\Open Data Files\Open Data 2023\September\Street Centreline\RATSRATSRATS\Street Centreline.shp,R_ADD_TO,-1,-1;STNAME "STNAME" true true false 254 Text 0 0 ,First,#,K:\Open Data Files\Open Data 2023\September\Street Centreline\RATSRATSRATS\Street Centreline.shp,STNAME,-1,-1;ST_DIR_SUF "ST_DIR_SUF" true true false 254 Text 0 0 ,First,#,K:\Open Data Files\Open Data 2023\September\Street Centreline\RATSRATSRATS\Street Centreline.shp,ST_DIR_SUF,-1,-1;ST_NAME "ST_NAME" true true false 254 Text 0 0 ,First,#,K:\Open Data Files\Open Data 2023\September\Street Centreline\RATSRATSRATS\Street Centreline.shp,ST_NAME,-1,-1;ST_SUFFIX "ST_SUFFIX" true true false 254 Text 0 0 ,First,#,K:\Open Data Files\Open Data 2023\September\Street Centreline\RATSRATSRATS\Street Centreline.shp,ST_SUFFIX,-1,-1;TRCK_RTE "TRCK_RTE" true true false 254 Text 0 0 ,First,#,K:\Open Data Files\Open Data 2023\September\Street Centreline\RATSRATSRATS\Street Centreline.shp,TRCK_RTE,-1,-1;BUSROUTE "BUSROUTE" true true false 254 Text 0 0 ,First,#,K:\Open Data Files\Open Data 2023\September\Street Centreline\RATSRATSRATS\Street Centreline.shp,BUSROUTE,-1,-1;NOLANES "NOLANES" true true false 19 Double 0 0 ,First,#,K:\Open Data Files\Open Data 2023\September\Street Centreline\RATSRATSRATS\Street Centreline.shp,NOLANES,-1,-1;SPEEDLIMIT "SPEEDLIMIT" true true false 19 Double 0 0 ,First,#,K:\Open Data Files\Open Data 2023\September\Street Centreline\RATSRATSRATS\Street Centreline.shp,SPEEDLIMIT,-1,-1;ONEWAY "ONEWAY" true true false 254 Text 0 0 ,First,#,K:\Open Data Files\Open Data 2023\September\Street Centreline\RATSRATSRATS\Street Centreline.shp,ONEWAY,-1,-1;L_ADDRANGE "L_ADDRANGE" true true false 254 Text 0 0 ,First,#,K:\Open Data Files\Open Data 2023\September\Street Centreline\RATSRATSRATS\Street Centreline.shp,L_ADDRANGE,-1,-1;R_ADDRANGE "R_ADDRANGE" true true false 254 Text 0 0 ,First,#,K:\Open Data Files\Open Data 2023\September\Street Centreline\RATSRATSRATS\Street Centreline.shp,R_ADDRANGE,-1,-1;CLASSIFCTN "CLASSIFCTN" true true false 254 Text 0 0 ,First,#,K:\Open Data Files\Open Data 2023\September\Street Centreline\RATSRATSRATS\Street Centreline.shp,CLASSIFCTN,-1,-1;Shape_Leng "Shape_Leng" true true false 19 Double 0 0 ,First,#,K:\Open Data Files\Open Data 2023\September\Street Centreline\RATSRATSRATS\Street Centreline.shp,Shape_Leng,-1,-1" #</Process></lineage><itemProps><itemName Sync="TRUE">Street Centreline_UTM83</itemName><imsContentType Sync="TRUE">002</imsContentType><itemSize Sync="TRUE">0.000</itemSize><itemLocation><linkage Sync="TRUE">file://\\corp.windsor\GIS\Current\Open Data Files\Open Data 2023\September\Street Centreline\RATSRATSRATS_UTM83\Street Centreline_UTM83.shp</linkage><protocol Sync="TRUE">Local Area Network</protocol></itemLocation></itemProps><coordRef><type Sync="TRUE">Projected</type><geogcsn Sync="TRUE">GCS_North_American_1983</geogcsn><csUnits Sync="TRUE">Linear Unit: Meter (1.000000)</csUnits><projcsn Sync="TRUE">NAD_1983_UTM_Zone_17N</projcsn><peXml Sync="TRUE">&lt;ProjectedCoordinateSystem xsi:type='typens:ProjectedCoordinateSystem' xmlns:xsi='http://www.w3.org/2001/XMLSchema-instance' xmlns:xs='http://www.w3.org/2001/XMLSchema' xmlns:typens='http://www.esri.com/schemas/ArcGIS/10.6'&gt;&lt;WKT&gt;PROJCS[&amp;quot;NAD_1983_UTM_Zone_17N&amp;quot;,GEOGCS[&amp;quot;GCS_North_American_1983&amp;quot;,DATUM[&amp;quot;D_North_American_1983&amp;quot;,SPHEROID[&amp;quot;GRS_1980&amp;quot;,6378137.0,298.257222101]],PRIMEM[&amp;quot;Greenwich&amp;quot;,0.0],UNIT[&amp;quot;Degree&amp;quot;,0.0174532925199433]],PROJECTION[&amp;quot;Transverse_Mercator&amp;quot;],PARAMETER[&amp;quot;False_Easting&amp;quot;,500000.0],PARAMETER[&amp;quot;False_Northing&amp;quot;,0.0],PARAMETER[&amp;quot;Central_Meridian&amp;quot;,-81.0],PARAMETER[&amp;quot;Scale_Factor&amp;quot;,0.9996],PARAMETER[&amp;quot;Latitude_Of_Origin&amp;quot;,0.0],UNIT[&amp;quot;Meter&amp;quot;,1.0],AUTHORITY[&amp;quot;EPSG&amp;quot;,26917]]&lt;/WKT&gt;&lt;XOrigin&gt;-5120900&lt;/XOrigin&gt;&lt;YOrigin&gt;-9998100&lt;/YOrigin&gt;&lt;XYScale&gt;450445547.3910538&lt;/XYScale&gt;&lt;ZOrigin&gt;-100000&lt;/ZOrigin&gt;&lt;ZScale&gt;10000&lt;/ZScale&gt;&lt;MOrigin&gt;-100000&lt;/MOrigin&gt;&lt;MScale&gt;10000&lt;/MScale&gt;&lt;XYTolerance&gt;0.001&lt;/XYTolerance&gt;&lt;ZTolerance&gt;0.001&lt;/ZTolerance&gt;&lt;MTolerance&gt;0.001&lt;/MTolerance&gt;&lt;HighPrecision&gt;true&lt;/HighPrecision&gt;&lt;WKID&gt;26917&lt;/WKID&gt;&lt;LatestWKID&gt;26917&lt;/LatestWKID&gt;&lt;/ProjectedCoordinateSystem&gt;</peXml></coordRef></DataProperties><SyncDate>20230908</SyncDate><SyncTime>16201800</SyncTime><ModDate>20230908</ModDate><ModTime>16201800</ModTime></Esri><dataIdInfo><envirDesc Sync="TRUE"> Version 6.2 (Build 9200) ; Esri ArcGIS 10.6.0.8321</envirDesc><dataLang><languageCode value="eng" Sync="TRUE"/><countryCode value="CAN" Sync="TRUE"/></dataLang><idCitation><resTitle Sync="TRUE">Street Centreline_UTM83</resTitle><presForm><PresFormCd value="005" Sync="TRUE"/></presForm></idCitation><spatRpType><SpatRepTypCd value="001" Sync="TRUE"/></spatRpType></dataIdInfo><mdLang><languageCode value="eng" Sync="TRUE"/><countryCode value="CAN" Sync="TRUE"/></mdLang><mdChar><CharSetCd value="004" Sync="TRUE"/></mdChar><distInfo><distFormat><formatName Sync="TRUE">Shapefile</formatName></distFormat><distTranOps><transSize Sync="TRUE">0.000</transSize></distTranOps></distInfo><mdHrLv><ScopeCd value="005" Sync="TRUE"/></mdHrLv><mdHrLvName Sync="TRUE">dataset</mdHrLvName><refSysInfo><RefSystem><refSysID><identCode code="26917" Sync="TRUE"/><idCodeSpace Sync="TRUE">EPSG</idCodeSpace><idVersion Sync="TRUE">6.13(3.0.1)</idVersion></refSysID></RefSystem></refSysInfo><spatRepInfo><VectSpatRep><geometObjs Name="Street Centreline_UTM83"><geoObjTyp><GeoObjTypCd value="002" Sync="TRUE"></GeoObjTypCd></geoObjTyp><geoObjCnt Sync="TRUE">0</geoObjCnt></geometObjs><topLvl><TopoLevCd value="001" Sync="TRUE"></TopoLevCd></topLvl></VectSpatRep></spatRepInfo><spdoinfo><ptvctinf><esriterm Name="Street Centreline_UTM83"><efeatyp Sync="TRUE">Simple</efeatyp><efeageom code="3" Sync="TRUE"></efeageom><esritopo Sync="TRUE">FALSE</esritopo><efeacnt Sync="TRUE">0</efeacnt><spindex Sync="TRUE">FALSE</spindex><linrefer Sync="TRUE">FALSE</linrefer></esriterm></ptvctinf></spdoinfo><eainfo><detailed Name="Street Centreline_UTM83"><enttyp><enttypl Sync="TRUE">Street Centreline_UTM83</enttypl><enttypt Sync="TRUE">Feature Class</enttypt><enttypc Sync="TRUE">0</enttypc></enttyp><attr><attrlabl Sync="TRUE">FID</attrlabl><attalias Sync="TRUE">FID</attalias><attrtype Sync="TRUE">OID</attrtype><attwidth Sync="TRUE">4</attwidth><atprecis Sync="TRUE">0</atprecis><attscale Sync="TRUE">0</attscale><attrdef Sync="TRUE">Internal feature number.</attrdef><attrdefs Sync="TRUE">Esri</attrdefs><attrdomv><udom Sync="TRUE">Sequential unique whole numbers that are automatically generated.</udom></attrdomv></attr><attr><attrlabl Sync="TRUE">Shape</attrlabl><attalias Sync="TRUE">Shape</attalias><attrtype Sync="TRUE">Geometry</attrtype><attwidth Sync="TRUE">0</attwidth><atprecis Sync="TRUE">0</atprecis><attscale Sync="TRUE">0</attscale><attrdef Sync="TRUE">Feature geometry.</attrdef><attrdefs Sync="TRUE">Esri</attrdefs><attrdomv><udom Sync="TRUE">Coordinates defining the features.</udom></attrdomv></attr><attr><attrlabl Sync="TRUE">COMPKEY</attrlabl><attalias Sync="TRUE">COMPKEY</attalias><attrtype Sync="TRUE">Double</attrtype><attwidth Sync="TRUE">19</attwidth><atprecis Sync="TRUE">0</atprecis><attscale Sync="TRUE">0</attscale></attr><attr><attrlabl Sync="TRUE">L_ADD_FROM</attrlabl><attalias Sync="TRUE">L_ADD_FROM</attalias><attrtype Sync="TRUE">Double</attrtype><attwidth Sync="TRUE">19</attwidth><atprecis Sync="TRUE">0</atprecis><attscale Sync="TRUE">0</attscale></attr><attr><attrlabl Sync="TRUE">L_ADD_TO</attrlabl><attalias Sync="TRUE">L_ADD_TO</attalias><attrtype Sync="TRUE">Double</attrtype><attwidth Sync="TRUE">19</attwidth><atprecis Sync="TRUE">0</atprecis><attscale Sync="TRUE">0</attscale></attr><attr><attrlabl Sync="TRUE">R_ADD_FROM</attrlabl><attalias Sync="TRUE">R_ADD_FROM</attalias><attrtype Sync="TRUE">Double</attrtype><attwidth Sync="TRUE">19</attwidth><atprecis Sync="TRUE">0</atprecis><attscale Sync="TRUE">0</attscale></attr><attr><attrlabl Sync="TRUE">R_ADD_TO</attrlabl><attalias Sync="TRUE">R_ADD_TO</attalias><attrtype Sync="TRUE">Double</attrtype><attwidth Sync="TRUE">19</attwidth><atprecis Sync="TRUE">0</atprecis><attscale Sync="TRUE">0</attscale></attr><attr><attrlabl Sync="TRUE">STNAME</attrlabl><attalias Sync="TRUE">STNAME</attalias><attrtype Sync="TRUE">String</attrtype><attwidth Sync="TRUE">254</attwidth><atprecis Sync="TRUE">0</atprecis><attscale Sync="TRUE">0</attscale></attr><attr><attrlabl Sync="TRUE">ST_DIR_SUF</attrlabl><attalias Sync="TRUE">ST_DIR_SUF</attalias><attrtype Sync="TRUE">String</attrtype><attwidth Sync="TRUE">254</attwidth><atprecis Sync="TRUE">0</atprecis><attscale Sync="TRUE">0</attscale></attr><attr><attrlabl Sync="TRUE">ST_NAME</attrlabl><attalias Sync="TRUE">ST_NAME</attalias><attrtype Sync="TRUE">String</attrtype><attwidth Sync="TRUE">254</attwidth><atprecis Sync="TRUE">0</atprecis><attscale Sync="TRUE">0</attscale></attr><attr><attrlabl Sync="TRUE">ST_SUFFIX</attrlabl><attalias Sync="TRUE">ST_SUFFIX</attalias><attrtype Sync="TRUE">String</attrtype><attwidth Sync="TRUE">254</attwidth><atprecis Sync="TRUE">0</atprecis><attscale Sync="TRUE">0</attscale></attr><attr><attrlabl Sync="TRUE">TRCK_RTE</attrlabl><attalias Sync="TRUE">TRCK_RTE</attalias><attrtype Sync="TRUE">String</attrtype><attwidth Sync="TRUE">254</attwidth><atprecis Sync="TRUE">0</atprecis><attscale Sync="TRUE">0</attscale></attr><attr><attrlabl Sync="TRUE">BUSROUTE</attrlabl><attalias Sync="TRUE">BUSROUTE</attalias><attrtype Sync="TRUE">String</attrtype><attwidth Sync="TRUE">254</attwidth><atprecis Sync="TRUE">0</atprecis><attscale Sync="TRUE">0</attscale></attr><attr><attrlabl Sync="TRUE">NOLANES</attrlabl><attalias Sync="TRUE">NOLANES</attalias><attrtype Sync="TRUE">Double</attrtype><attwidth Sync="TRUE">19</attwidth><atprecis Sync="TRUE">0</atprecis><attscale Sync="TRUE">0</attscale></attr><attr><attrlabl Sync="TRUE">SPEEDLIMIT</attrlabl><attalias Sync="TRUE">SPEEDLIMIT</attalias><attrtype Sync="TRUE">Double</attrtype><attwidth Sync="TRUE">19</attwidth><atprecis Sync="TRUE">0</atprecis><attscale Sync="TRUE">0</attscale></attr><attr><attrlabl Sync="TRUE">ONEWAY</attrlabl><attalias Sync="TRUE">ONEWAY</attalias><attrtype Sync="TRUE">String</attrtype><attwidth Sync="TRUE">254</attwidth><atprecis Sync="TRUE">0</atprecis><attscale Sync="TRUE">0</attscale></attr><attr><attrlabl Sync="TRUE">L_ADDRANGE</attrlabl><attalias Sync="TRUE">L_ADDRANGE</attalias><attrtype Sync="TRUE">String</attrtype><attwidth Sync="TRUE">254</attwidth><atprecis Sync="TRUE">0</atprecis><attscale Sync="TRUE">0</attscale></attr><attr><attrlabl Sync="TRUE">R_ADDRANGE</attrlabl><attalias Sync="TRUE">R_ADDRANGE</attalias><attrtype Sync="TRUE">String</attrtype><attwidth Sync="TRUE">254</attwidth><atprecis Sync="TRUE">0</atprecis><attscale Sync="TRUE">0</attscale></attr><attr><attrlabl Sync="TRUE">CLASSIFCTN</attrlabl><attalias Sync="TRUE">CLASSIFCTN</attalias><attrtype Sync="TRUE">String</attrtype><attwidth Sync="TRUE">254</attwidth><atprecis Sync="TRUE">0</atprecis><attscale Sync="TRUE">0</attscale></attr><attr><attrlabl Sync="TRUE">Shape_Leng</attrlabl><attalias Sync="TRUE">Shape_Leng</attalias><attrtype Sync="TRUE">Double</attrtype><attwidth Sync="TRUE">19</attwidth><atprecis Sync="TRUE">0</atprecis><attscale Sync="TRUE">0</attscale></attr></detailed></eainfo><mdDateSt Sync="TRUE">20230908</mdDateSt></metadata>
