<metadata xml:lang="en"><Esri><CreaDate>20220825</CreaDate><CreaTime>11280900</CreaTime><ArcGISFormat>1.0</ArcGISFormat><SyncOnce>FALSE</SyncOnce><DataProperties><lineage><Process ToolSource="c:\program files\arcgis\pro\Resources\ArcToolbox\toolboxes\Data Management Tools.tbx\UpdateSchema" Date="20220825" Time="112809">UpdateSchema "CIMDATA=&lt;CIMStandardDataConnection xsi:type='typens:CIMStandardDataConnection' xmlns:xsi='http://www.w3.org/2001/XMLSchema-instance' xmlns:xs='http://www.w3.org/2001/XMLSchema' xmlns:typens='http://www.esri.com/schemas/ArcGIS/2.9.0'&gt;&lt;WorkspaceConnectionString&gt;DATABASE=K:\Users\Felix Tang\Sidewalks&lt;/WorkspaceConnectionString&gt;&lt;WorkspaceFactory&gt;Shapefile&lt;/WorkspaceFactory&gt;&lt;Dataset&gt;Sidewalks_Linework_08_24.shp&lt;/Dataset&gt;&lt;DatasetType&gt;esriDTFeatureClass&lt;/DatasetType&gt;&lt;/CIMStandardDataConnection&gt;" &lt;operationSequence&gt;&lt;workflow&gt;&lt;AddField&gt;&lt;field_name&gt;UNITID_T&lt;/field_name&gt;&lt;field_type&gt;TEXT&lt;/field_type&gt;&lt;field_length&gt;255&lt;/field_length&gt;&lt;field_is_nullable&gt;False&lt;/field_is_nullable&gt;&lt;field_is_required&gt;False&lt;/field_is_required&gt;&lt;/AddField&gt;&lt;/workflow&gt;&lt;/operationSequence&gt;</Process><Process ToolSource="c:\program files\arcgis\pro\Resources\ArcToolbox\toolboxes\Data Management Tools.tbx\CalculateField" Date="20220825" Time="112908">CalculateField Sidewalks_Linework_08_24 UNITID_T !UNITID! "Python 3" # Text NO_ENFORCE_DOMAINS</Process><Process ToolSource="c:\program files\arcgis\pro\Resources\ArcToolbox\toolboxes\Data Management Tools.tbx\UpdateSchema" Date="20220825" Time="121817">UpdateSchema "CIMDATA=&lt;CIMStandardDataConnection xsi:type='typens:CIMStandardDataConnection' xmlns:xsi='http://www.w3.org/2001/XMLSchema-instance' xmlns:xs='http://www.w3.org/2001/XMLSchema' xmlns:typens='http://www.esri.com/schemas/ArcGIS/3.0.0'&gt;&lt;WorkspaceConnectionString&gt;DATABASE=K:\Users\Felix Tang\Sidewalks&lt;/WorkspaceConnectionString&gt;&lt;WorkspaceFactory&gt;Shapefile&lt;/WorkspaceFactory&gt;&lt;Dataset&gt;Sidewalks_Linework_08_24&lt;/Dataset&gt;&lt;DatasetType&gt;esriDTFeatureClass&lt;/DatasetType&gt;&lt;/CIMStandardDataConnection&gt;" &lt;operationSequence&gt;&lt;workflow&gt;&lt;AddField&gt;&lt;field_name&gt;UNITID_No&lt;/field_name&gt;&lt;field_type&gt;LONG&lt;/field_type&gt;&lt;field_is_nullable&gt;False&lt;/field_is_nullable&gt;&lt;field_is_required&gt;False&lt;/field_is_required&gt;&lt;/AddField&gt;&lt;/workflow&gt;&lt;/operationSequence&gt;</Process><Process ToolSource="c:\program files\arcgis\pro\Resources\ArcToolbox\toolboxes\Data Management Tools.tbx\CalculateField" Date="20220825" Time="122124">CalculateField Sidewalks_Linework_08_24 UNITID_No !UNITID! "Python 3" # Text NO_ENFORCE_DOMAINS</Process><Process ToolSource="c:\program files\arcgis\pro\Resources\ArcToolbox\toolboxes\Conversion Tools.tbx\ExportFeatures" Date="20220825" Time="122539">ExportFeatures Sidewalks_Linework_08_24 "K:\Users\Joe Cartier\Sidewalk\Sidewalks_Linework_08_24_JOIN1.shp" # NOT_USE_ALIAS "LAYER "LAYER" true true false 254 Text 0 0,First,#,Sidewalks_Linework_08_24,Sidewalks_Linework_08_24.LAYER,0,254;UNITID "UNITID" true true false 254 Text 0 0,First,#,Sidewalks_Linework_08_24,Sidewalks_Linework_08_24.UNITID,0,254;UNITID_T "UNITID_T" true true false 254 Text 0 0,First,#,Sidewalks_Linework_08_24,Sidewalks_Linework_08_24.UNITID_T,0,254;UNITID_No "UNITID_No" true true false 10 Long 0 10,First,#,Sidewalks_Linework_08_24,Sidewalks_Linework_08_24.UNITID_No,-1,-1;SidewalkKey "SidewalkKey" true true false 4 Long 0 0,First,#,Sidewalks_Linework_08_24,Sidewalk_Inventory_08242022.csv.SidewalkKey,-1,-1;COMPKEY "COMPKEY" true true false 4 Long 0 0,First,#,Sidewalks_Linework_08_24,Sidewalk_Inventory_08242022.csv.COMPKEY,-1,-1;Description "Description" true true false 8000 Text 0 0,First,#,Sidewalks_Linework_08_24,Sidewalk_Inventory_08242022.csv.Description,0,8000;StreetNo "StreetNo" true true false 8000 Text 0 0,First,#,Sidewalks_Linework_08_24,Sidewalk_Inventory_08242022.csv.StreetNo,0,8000;StreetName "StreetName" true true false 8000 Text 0 0,First,#,Sidewalks_Linework_08_24,Sidewalk_Inventory_08242022.csv.StreetName,0,8000;Suffix "Suffix" true true false 8000 Text 0 0,First,#,Sidewalks_Linework_08_24,Sidewalk_Inventory_08242022.csv.Suffix,0,8000;Dir "Dir" true true false 8000 Text 0 0,First,#,Sidewalks_Linework_08_24,Sidewalk_Inventory_08242022.csv.Dir,0,8000;FromSt "FromSt" true true false 8000 Text 0 0,First,#,Sidewalks_Linework_08_24,Sidewalk_Inventory_08242022.csv.FromSt,0,8000;ToSt "ToSt" true true false 8000 Text 0 0,First,#,Sidewalks_Linework_08_24,Sidewalk_Inventory_08242022.csv.ToSt,0,8000;IMS_Area "IMS_Area" true true false 8000 Text 0 0,First,#,Sidewalks_Linework_08_24,Sidewalk_Inventory_08242022.csv.IMS_Area,0,8000;Side "Side" true true false 8000 Text 0 0,First,#,Sidewalks_Linework_08_24,Sidewalk_Inventory_08242022.csv.Side,0,8000;Traffic "Traffic" true true false 8000 Text 0 0,First,#,Sidewalks_Linework_08_24,Sidewalk_Inventory_08242022.csv.Traffic,0,8000;Rating "Rating" true true false 8000 Text 0 0,First,#,Sidewalks_Linework_08_24,Sidewalk_Inventory_08242022.csv.Rating,0,8000;Status "Status" true true false 8000 Text 0 0,First,#,Sidewalks_Linework_08_24,Sidewalk_Inventory_08242022.csv.Status,0,8000;NextInspYear "NextInspYear" true true false 8000 Text 0 0,First,#,Sidewalks_Linework_08_24,Sidewalk_Inventory_08242022.csv.NextInspYear,0,8000;SurfaceType "SurfaceType" true true false 8000 Text 0 0,First,#,Sidewalks_Linework_08_24,Sidewalk_Inventory_08242022.csv.SurfaceType,0,8000;SidewalkType "SidewalkType" true true false 8000 Text 0 0,First,#,Sidewalks_Linework_08_24,Sidewalk_Inventory_08242022.csv.SidewalkType,0,8000;Installed "Installed" true true false 8 Date 0 0,First,#,Sidewalks_Linework_08_24,Sidewalk_Inventory_08242022.csv.Installed,-1,-1;ByLawNo "ByLawNo" true true false 8000 Text 0 0,First,#,Sidewalks_Linework_08_24,Sidewalk_Inventory_08242022.csv.ByLawNo,0,8000;DrawingNo "DrawingNo" true true false 8000 Text 0 0,First,#,Sidewalks_Linework_08_24,Sidewalk_Inventory_08242022.csv.DrawingNo,0,8000;PolWard "PolWard" true true false 8000 Text 0 0,First,#,Sidewalks_Linework_08_24,Sidewalk_Inventory_08242022.csv.PolWard,0,8000;Location "Location" true true false 8000 Text 0 0,First,#,Sidewalks_Linework_08_24,Sidewalk_Inventory_08242022.csv.Location,0,8000;WCMapNo "WCMapNo" true true false 8000 Text 0 0,First,#,Sidewalks_Linework_08_24,Sidewalk_Inventory_08242022.csv.WCMapNo,0,8000;MaintArea "MaintArea" true true false 8000 Text 0 0,First,#,Sidewalks_Linework_08_24,Sidewalk_Inventory_08242022.csv.MaintArea,0,8000;GISID "GISID" true true false 8000 Text 0 0,First,#,Sidewalks_Linework_08_24,Sidewalk_Inventory_08242022.csv.GISID,0,8000" #</Process><Process ToolSource="c:\program files\arcgis\pro\Resources\ArcToolbox\toolboxes\Conversion Tools.tbx\FeatureClassToFeatureClass" Date="20220825" Time="144750">FeatureClassToFeatureClass Sidewalks_Linework_08_24_JOIN1 "K:\Users\Felix Tang\Sidewalks" Sidewalks_New.shp # "LAYER "LAYER" true true false 254 Text 0 0,First,#,Sidewalks_Linework_08_24_JOIN1,LAYER,0,254;UNITID "UNITID" true true false 254 Text 0 0,First,#,Sidewalks_Linework_08_24_JOIN1,UNITID,0,254;UNITID_T "UNITID_T" true true false 254 Text 0 0,First,#,Sidewalks_Linework_08_24_JOIN1,UNITID_T,0,254;UNITID_No "UNITID_No" true true false 10 Long 0 10,First,#,Sidewalks_Linework_08_24_JOIN1,UNITID_No,-1,-1;SidewalkKe "SidewalkKe" true true false 10 Long 0 10,First,#,Sidewalks_Linework_08_24_JOIN1,SidewalkKe,-1,-1;COMPKEY "COMPKEY" true true false 10 Long 0 10,First,#,Sidewalks_Linework_08_24_JOIN1,COMPKEY,-1,-1;Descriptio "Descriptio" true true false 254 Text 0 0,First,#,Sidewalks_Linework_08_24_JOIN1,Descriptio,0,254;StreetNo "StreetNo" true true false 254 Text 0 0,First,#,Sidewalks_Linework_08_24_JOIN1,StreetNo,0,254;StreetName "StreetName" true true false 254 Text 0 0,First,#,Sidewalks_Linework_08_24_JOIN1,StreetName,0,254;Suffix "Suffix" true true false 254 Text 0 0,First,#,Sidewalks_Linework_08_24_JOIN1,Suffix,0,254;Dir "Dir" true true false 254 Text 0 0,First,#,Sidewalks_Linework_08_24_JOIN1,Dir,0,254;FromSt "FromSt" true true false 254 Text 0 0,First,#,Sidewalks_Linework_08_24_JOIN1,FromSt,0,254;ToSt "ToSt" true true false 254 Text 0 0,First,#,Sidewalks_Linework_08_24_JOIN1,ToSt,0,254;IMS_Area "IMS_Area" true true false 254 Text 0 0,First,#,Sidewalks_Linework_08_24_JOIN1,IMS_Area,0,254;Side "Side" true true false 254 Text 0 0,First,#,Sidewalks_Linework_08_24_JOIN1,Side,0,254;Traffic "Traffic" true true false 254 Text 0 0,First,#,Sidewalks_Linework_08_24_JOIN1,Traffic,0,254;Rating "Rating" true true false 254 Text 0 0,First,#,Sidewalks_Linework_08_24_JOIN1,Rating,0,254;Status "Status" true true false 254 Text 0 0,First,#,Sidewalks_Linework_08_24_JOIN1,Status,0,254;NextInspYe "NextInspYe" true true false 254 Text 0 0,First,#,Sidewalks_Linework_08_24_JOIN1,NextInspYe,0,254;SurfaceTyp "SurfaceTyp" true true false 254 Text 0 0,First,#,Sidewalks_Linework_08_24_JOIN1,SurfaceTyp,0,254;SidewalkTy "SidewalkTy" true true false 254 Text 0 0,First,#,Sidewalks_Linework_08_24_JOIN1,SidewalkTy,0,254;Installed "Installed" true true false 8 Date 0 0,First,#,Sidewalks_Linework_08_24_JOIN1,Installed,-1,-1;ByLawNo "ByLawNo" true true false 254 Text 0 0,First,#,Sidewalks_Linework_08_24_JOIN1,ByLawNo,0,254;DrawingNo "DrawingNo" true true false 254 Text 0 0,First,#,Sidewalks_Linework_08_24_JOIN1,DrawingNo,0,254;PolWard "PolWard" true true false 254 Text 0 0,First,#,Sidewalks_Linework_08_24_JOIN1,PolWard,0,254;Location "Location" true true false 254 Text 0 0,First,#,Sidewalks_Linework_08_24_JOIN1,Location,0,254;WCMapNo "WCMapNo" true true false 254 Text 0 0,First,#,Sidewalks_Linework_08_24_JOIN1,WCMapNo,0,254;MaintArea "MaintArea" true true false 254 Text 0 0,First,#,Sidewalks_Linework_08_24_JOIN1,MaintArea,0,254;GISID "GISID" true true false 254 Text 0 0,First,#,Sidewalks_Linework_08_24_JOIN1,GISID,0,254" #</Process><Process ToolSource="c:\program files\arcgis\pro\Resources\ArcToolbox\toolboxes\Conversion Tools.tbx\FeatureClassToFeatureClass" Date="20220825" Time="145036">FeatureClassToFeatureClass "K:\Users\Felix Tang\Sidewalks\Sidewalks_New.shp" "\\smapdv01\arcgisserver\City of Windsor GDB\GDBCityofWindsor.gdb\Transportation" Sidewalks # "LAYER "LAYER" true true false 254 Text 0 0,First,#,K:\Users\Felix Tang\Sidewalks\Sidewalks_New.shp,LAYER,0,254;UNITID "UNITID" true true false 254 Text 0 0,First,#,K:\Users\Felix Tang\Sidewalks\Sidewalks_New.shp,UNITID,0,254;UNITID_T "UNITID_T" true true false 254 Text 0 0,First,#,K:\Users\Felix Tang\Sidewalks\Sidewalks_New.shp,UNITID_T,0,254;UNITID_No "UNITID_No" true true false 10 Long 0 10,First,#,K:\Users\Felix Tang\Sidewalks\Sidewalks_New.shp,UNITID_No,-1,-1;SidewalkKe "SidewalkKe" true true false 10 Long 0 10,First,#,K:\Users\Felix Tang\Sidewalks\Sidewalks_New.shp,SidewalkKe,-1,-1;COMPKEY "COMPKEY" true true false 10 Long 0 10,First,#,K:\Users\Felix Tang\Sidewalks\Sidewalks_New.shp,COMPKEY,-1,-1;Descriptio "Descriptio" true true false 254 Text 0 0,First,#,K:\Users\Felix Tang\Sidewalks\Sidewalks_New.shp,Descriptio,0,254;StreetNo "StreetNo" true true false 254 Text 0 0,First,#,K:\Users\Felix Tang\Sidewalks\Sidewalks_New.shp,StreetNo,0,254;StreetName "StreetName" true true false 254 Text 0 0,First,#,K:\Users\Felix Tang\Sidewalks\Sidewalks_New.shp,StreetName,0,254;Suffix "Suffix" true true false 254 Text 0 0,First,#,K:\Users\Felix Tang\Sidewalks\Sidewalks_New.shp,Suffix,0,254;Dir "Dir" true true false 254 Text 0 0,First,#,K:\Users\Felix Tang\Sidewalks\Sidewalks_New.shp,Dir,0,254;FromSt "FromSt" true true false 254 Text 0 0,First,#,K:\Users\Felix Tang\Sidewalks\Sidewalks_New.shp,FromSt,0,254;ToSt "ToSt" true true false 254 Text 0 0,First,#,K:\Users\Felix Tang\Sidewalks\Sidewalks_New.shp,ToSt,0,254;IMS_Area "IMS_Area" true true false 254 Text 0 0,First,#,K:\Users\Felix Tang\Sidewalks\Sidewalks_New.shp,IMS_Area,0,254;Side "Side" true true false 254 Text 0 0,First,#,K:\Users\Felix Tang\Sidewalks\Sidewalks_New.shp,Side,0,254;Traffic "Traffic" true true false 254 Text 0 0,First,#,K:\Users\Felix Tang\Sidewalks\Sidewalks_New.shp,Traffic,0,254;Rating "Rating" true true false 254 Text 0 0,First,#,K:\Users\Felix Tang\Sidewalks\Sidewalks_New.shp,Rating,0,254;Status "Status" true true false 254 Text 0 0,First,#,K:\Users\Felix Tang\Sidewalks\Sidewalks_New.shp,Status,0,254;NextInspYe "NextInspYe" true true false 254 Text 0 0,First,#,K:\Users\Felix Tang\Sidewalks\Sidewalks_New.shp,NextInspYe,0,254;SurfaceTyp "SurfaceTyp" true true false 254 Text 0 0,First,#,K:\Users\Felix Tang\Sidewalks\Sidewalks_New.shp,SurfaceTyp,0,254;SidewalkTy "SidewalkTy" true true false 254 Text 0 0,First,#,K:\Users\Felix Tang\Sidewalks\Sidewalks_New.shp,SidewalkTy,0,254;Installed "Installed" true true false 8 Date 0 0,First,#,K:\Users\Felix Tang\Sidewalks\Sidewalks_New.shp,Installed,-1,-1;ByLawNo "ByLawNo" true true false 254 Text 0 0,First,#,K:\Users\Felix Tang\Sidewalks\Sidewalks_New.shp,ByLawNo,0,254;DrawingNo "DrawingNo" true true false 254 Text 0 0,First,#,K:\Users\Felix Tang\Sidewalks\Sidewalks_New.shp,DrawingNo,0,254;PolWard "PolWard" true true false 254 Text 0 0,First,#,K:\Users\Felix Tang\Sidewalks\Sidewalks_New.shp,PolWard,0,254;Location "Location" true true false 254 Text 0 0,First,#,K:\Users\Felix Tang\Sidewalks\Sidewalks_New.shp,Location,0,254;WCMapNo "WCMapNo" true true false 254 Text 0 0,First,#,K:\Users\Felix Tang\Sidewalks\Sidewalks_New.shp,WCMapNo,0,254;MaintArea "MaintArea" true true false 254 Text 0 0,First,#,K:\Users\Felix Tang\Sidewalks\Sidewalks_New.shp,MaintArea,0,254;GISID "GISID" true true false 254 Text 0 0,First,#,K:\Users\Felix Tang\Sidewalks\Sidewalks_New.shp,GISID,0,254" #</Process><Process ToolSource="c:\program files (x86)\arcgis\desktop10.6\ArcToolbox\Toolboxes\Data Management Tools.tbx\CalculateField" Date="20221006" Time="160852">CalculateField Sidewalks comps [COMPKEY] VB #</Process><Process ToolSource="c:\program files (x86)\arcgis\desktop10.6\ArcToolbox\Toolboxes\Data Management Tools.tbx\CalculateField" Date="20221006" Time="161015">CalculateField Sidewalks Compkey [comps] VB #</Process><Process ToolSource="c:\program files\arcgis\pro\Resources\ArcToolbox\toolboxes\Data Management Tools.tbx\CopyFeatures" Date="20221007" Time="083044">CopyFeatures "\\smapdv01\arcgisserver\City of Windsor GDB\GDBCityofWindsor.gdb\Transportation\Sidewalks" C:\Users\dayca\Documents\ArcGIS\Projects\GISO_EIS\SCORSQL03.sde\GEODB.GISO.Transportation\GEODB.GISO.Sidewalks # # # #</Process><Process ToolSource="c:\program files\arcgis\pro\Resources\ArcToolbox\toolboxes\Data Management Tools.tbx\CalculateField" Date="20221011" Time="155714">CalculateField GEODB.GISO.Sidewalks Compkey !SidewalkKe! "Python 3" # Text NO_ENFORCE_DOMAINS</Process><Process ToolSource="c:\program files\arcgis\pro\Resources\ArcToolbox\Toolboxes\Data Management Tools.tbx\UpdateSchema" Date="20221121" Time="163433">UpdateSchema "CIMDATA=&lt;CIMFeatureDatasetDataConnection xsi:type='typens:CIMFeatureDatasetDataConnection' xmlns:xsi='http://www.w3.org/2001/XMLSchema-instance' xmlns:xs='http://www.w3.org/2001/XMLSchema' xmlns:typens='http://www.esri.com/schemas/ArcGIS/3.0.0'&gt;&lt;FeatureDataset&gt;GEODB.GISO.Transportation&lt;/FeatureDataset&gt;&lt;WorkspaceConnectionString&gt;ENCRYPTED_PASSWORD_UTF8=00022e6852384c4f4d2f726757697a71716f7349776a3273565034476e4d6259537a7670795336466a6a55637268633d2a00;ENCRYPTED_PASSWORD=00022e6850526c50486672666a674e53686e4b45566674482f2b2f725a7766526a48654356774a59385a72416246493d2a00;SERVER=SCORSQL03;INSTANCE=sde:sqlserver:SCORSQL03\A;DBCLIENT=sqlserver;DB_CONNECTION_PROPERTIES=SCORSQL03\A;DATABASE=GEODB;USER=giso;VERSION=sde.DEFAULT;AUTHENTICATION_MODE=DBMS&lt;/WorkspaceConnectionString&gt;&lt;WorkspaceFactory&gt;SDE&lt;/WorkspaceFactory&gt;&lt;Dataset&gt;GEODB.GISO.Sidewalks&lt;/Dataset&gt;&lt;DatasetType&gt;esriDTFeatureClass&lt;/DatasetType&gt;&lt;/CIMFeatureDatasetDataConnection&gt;" "&lt;operationSequence&gt;&lt;workflow&gt;&lt;AddField&gt;&lt;field_name&gt;Sidewalk_Length&lt;/field_name&gt;&lt;field_type&gt;DOUBLE&lt;/field_type&gt;&lt;field_precision&gt;7&lt;/field_precision&gt;&lt;field_scale&gt;1&lt;/field_scale&gt;&lt;field_alias&gt;Sidewalk Length&lt;/field_alias&gt;&lt;field_is_nullable&gt;True&lt;/field_is_nullable&gt;&lt;field_is_required&gt;False&lt;/field_is_required&gt;&lt;/AddField&gt;&lt;/workflow&gt;&lt;workflow&gt;&lt;AddField&gt;&lt;field_name&gt;Sidewalk_Width&lt;/field_name&gt;&lt;field_type&gt;DOUBLE&lt;/field_type&gt;&lt;field_precision&gt;7&lt;/field_precision&gt;&lt;field_scale&gt;1&lt;/field_scale&gt;&lt;field_alias&gt;Sidewalk Width&lt;/field_alias&gt;&lt;field_is_nullable&gt;True&lt;/field_is_nullable&gt;&lt;field_is_required&gt;False&lt;/field_is_required&gt;&lt;/AddField&gt;&lt;/workflow&gt;&lt;/operationSequence&gt;"</Process><Process ToolSource="c:\program files\arcgis\pro\Resources\ArcToolbox\toolboxes\Data Management Tools.tbx\DeleteRows" Date="20221122" Time="090734">DeleteRows GEODB.GISO.Sidewalks</Process><Process ToolSource="c:\program files\arcgis\pro\Resources\ArcToolbox\toolboxes\Data Management Tools.tbx\Append" Date="20221122" Time="090827">Append DONE_Sidewalks_NB GEODB.GISO.Sidewalks "Use the field map to reconcile field differences" "LAYER "LAYER" true true false 254 Text 0 0,First,#,C:\Users\dayca\Documents\ArcGIS\Projects\GISO_PROD\GISO_PRODUCTION.sde\GEODB.GISO.DONE_Sidewalks_NB,LAYER,0,254;UNITID "UNITID" true true false 254 Text 0 0,First,#,C:\Users\dayca\Documents\ArcGIS\Projects\GISO_PROD\GISO_PRODUCTION.sde\GEODB.GISO.DONE_Sidewalks_NB,UNITID,0,254;UNITID_T "UNITID_T" true true false 254 Text 0 0,First,#,C:\Users\dayca\Documents\ArcGIS\Projects\GISO_PROD\GISO_PRODUCTION.sde\GEODB.GISO.DONE_Sidewalks_NB,UNITID_T,0,254;UNITID_No "UNITID_No" true true false 4 Long 0 10,First,#,C:\Users\dayca\Documents\ArcGIS\Projects\GISO_PROD\GISO_PRODUCTION.sde\GEODB.GISO.DONE_Sidewalks_NB,UNITID_No,-1,-1;SidewalkKe "SidewalkKe" true true false 4 Long 0 10,First,#,C:\Users\dayca\Documents\ArcGIS\Projects\GISO_PROD\GISO_PRODUCTION.sde\GEODB.GISO.DONE_Sidewalks_NB,SidewalkKe,-1,-1;Descriptio "Descriptio" true true false 254 Text 0 0,First,#,C:\Users\dayca\Documents\ArcGIS\Projects\GISO_PROD\GISO_PRODUCTION.sde\GEODB.GISO.DONE_Sidewalks_NB,Descriptio,0,254;StreetNo "StreetNo" true true false 254 Text 0 0,First,#,C:\Users\dayca\Documents\ArcGIS\Projects\GISO_PROD\GISO_PRODUCTION.sde\GEODB.GISO.DONE_Sidewalks_NB,StreetNo,0,254;StreetName "StreetName" true true false 254 Text 0 0,First,#,C:\Users\dayca\Documents\ArcGIS\Projects\GISO_PROD\GISO_PRODUCTION.sde\GEODB.GISO.DONE_Sidewalks_NB,StreetName,0,254;Suffix "Suffix" true true false 254 Text 0 0,First,#,C:\Users\dayca\Documents\ArcGIS\Projects\GISO_PROD\GISO_PRODUCTION.sde\GEODB.GISO.DONE_Sidewalks_NB,Suffix,0,254;Dir "Dir" true true false 254 Text 0 0,First,#,C:\Users\dayca\Documents\ArcGIS\Projects\GISO_PROD\GISO_PRODUCTION.sde\GEODB.GISO.DONE_Sidewalks_NB,Dir,0,254;FromSt "FromSt" true true false 254 Text 0 0,First,#,C:\Users\dayca\Documents\ArcGIS\Projects\GISO_PROD\GISO_PRODUCTION.sde\GEODB.GISO.DONE_Sidewalks_NB,FromSt,0,254;ToSt "ToSt" true true false 254 Text 0 0,First,#,C:\Users\dayca\Documents\ArcGIS\Projects\GISO_PROD\GISO_PRODUCTION.sde\GEODB.GISO.DONE_Sidewalks_NB,ToSt,0,254;IMS_Area "IMS_Area" true true false 254 Text 0 0,First,#,C:\Users\dayca\Documents\ArcGIS\Projects\GISO_PROD\GISO_PRODUCTION.sde\GEODB.GISO.DONE_Sidewalks_NB,IMS_Area,0,254;Side "Side" true true false 254 Text 0 0,First,#,C:\Users\dayca\Documents\ArcGIS\Projects\GISO_PROD\GISO_PRODUCTION.sde\GEODB.GISO.DONE_Sidewalks_NB,Side,0,254;Traffic "Traffic" true true false 254 Text 0 0,First,#,C:\Users\dayca\Documents\ArcGIS\Projects\GISO_PROD\GISO_PRODUCTION.sde\GEODB.GISO.DONE_Sidewalks_NB,Traffic,0,254;Rating "Rating" true true false 254 Text 0 0,First,#,C:\Users\dayca\Documents\ArcGIS\Projects\GISO_PROD\GISO_PRODUCTION.sde\GEODB.GISO.DONE_Sidewalks_NB,Rating,0,254;Status "Status" true true false 254 Text 0 0,First,#,C:\Users\dayca\Documents\ArcGIS\Projects\GISO_PROD\GISO_PRODUCTION.sde\GEODB.GISO.DONE_Sidewalks_NB,Status,0,254;NextInspYe "NextInspYe" true true false 254 Text 0 0,First,#,C:\Users\dayca\Documents\ArcGIS\Projects\GISO_PROD\GISO_PRODUCTION.sde\GEODB.GISO.DONE_Sidewalks_NB,NextInspYe,0,254;SurfaceTyp "SurfaceTyp" true true false 254 Text 0 0,First,#,C:\Users\dayca\Documents\ArcGIS\Projects\GISO_PROD\GISO_PRODUCTION.sde\GEODB.GISO.DONE_Sidewalks_NB,SurfaceTyp,0,254;SidewalkTy "SidewalkTy" true true false 254 Text 0 0,First,#,C:\Users\dayca\Documents\ArcGIS\Projects\GISO_PROD\GISO_PRODUCTION.sde\GEODB.GISO.DONE_Sidewalks_NB,SidewalkTy,0,254;Installed "Installed" true true false 8 Date 0 0,First,#,C:\Users\dayca\Documents\ArcGIS\Projects\GISO_PROD\GISO_PRODUCTION.sde\GEODB.GISO.DONE_Sidewalks_NB,Installed,-1,-1;ByLawNo "ByLawNo" true true false 254 Text 0 0,First,#,C:\Users\dayca\Documents\ArcGIS\Projects\GISO_PROD\GISO_PRODUCTION.sde\GEODB.GISO.DONE_Sidewalks_NB,ByLawNo,0,254;DrawingNo "DrawingNo" true true false 254 Text 0 0,First,#,C:\Users\dayca\Documents\ArcGIS\Projects\GISO_PROD\GISO_PRODUCTION.sde\GEODB.GISO.DONE_Sidewalks_NB,DrawingNo,0,254;PolWard "PolWard" true true false 254 Text 0 0,First,#,C:\Users\dayca\Documents\ArcGIS\Projects\GISO_PROD\GISO_PRODUCTION.sde\GEODB.GISO.DONE_Sidewalks_NB,PolWard,0,254;Location "Location" true true false 254 Text 0 0,First,#,C:\Users\dayca\Documents\ArcGIS\Projects\GISO_PROD\GISO_PRODUCTION.sde\GEODB.GISO.DONE_Sidewalks_NB,Location,0,254;WCMapNo "WCMapNo" true true false 254 Text 0 0,First,#,C:\Users\dayca\Documents\ArcGIS\Projects\GISO_PROD\GISO_PRODUCTION.sde\GEODB.GISO.DONE_Sidewalks_NB,WCMapNo,0,254;MaintArea "MaintArea" true true false 254 Text 0 0,First,#,C:\Users\dayca\Documents\ArcGIS\Projects\GISO_PROD\GISO_PRODUCTION.sde\GEODB.GISO.DONE_Sidewalks_NB,MaintArea,0,254;GISID "GISID" true true false 254 Text 0 0,First,#,C:\Users\dayca\Documents\ArcGIS\Projects\GISO_PROD\GISO_PRODUCTION.sde\GEODB.GISO.DONE_Sidewalks_NB,GISID,0,254;Compkey "Compkey" true true false 4 Long 0 10,First,#,C:\Users\dayca\Documents\ArcGIS\Projects\GISO_PROD\GISO_PRODUCTION.sde\GEODB.GISO.DONE_Sidewalks_NB,Compkey,-1,-1;Sidewalk_Length "Sidewalk Length" true true false 8 Double 1 7,First,#,DONE_Sidewalks_NB,LENGTH,0,255;Sidewalk_Width "Sidewalk Width" true true false 8 Double 1 7,First,#,DONE_Sidewalks_NB,WIDTH,0,255" # #</Process><Process ToolSource="c:\program files\arcgis\pro\Resources\ArcToolbox\Toolboxes\Data Management Tools.tbx\DeleteRows" Date="20230315" Time="093549">DeleteRows GEODB.GISO.Sidewalks</Process><Process ToolSource="c:\program files\arcgis\pro\Resources\ArcToolbox\Toolboxes\Data Management Tools.tbx\Append" Date="20230315" Time="122414">Append C:\Users\dayca\Documents\ArcGIS\Projects\GISO_PROD\GISO_PRODUCTION.sde\GEODB.GISO.NEW_Sidewalk_20230313A GEODB.GISO.Sidewalks "Use the field map to reconcile field differences" "LAYER "LAYER" true true false 254 Text 0 0,First,#,C:\Users\dayca\Documents\ArcGIS\Projects\GISO_PROD\GISO_PRODUCTION.sde\GEODB.GISO.NEW_Sidewalk_20230313A,LAYER,0,254;UNITID "UNITID" true true false 254 Text 0 0,First,#,C:\Users\dayca\Documents\ArcGIS\Projects\GISO_PROD\GISO_PRODUCTION.sde\GEODB.GISO.NEW_Sidewalk_20230313A,UNITID,0,254;UNITID_T "UNITID_T" true true false 254 Text 0 0,First,#,C:\Users\dayca\Documents\ArcGIS\Projects\GISO_PROD\GISO_PRODUCTION.sde\GEODB.GISO.NEW_Sidewalk_20230313A,UNITID,0,254;UNITID_No "UNITID_No" true true false 4 Long 0 10,First,#,C:\Users\dayca\Documents\ArcGIS\Projects\GISO_PROD\GISO_PRODUCTION.sde\GEODB.GISO.NEW_Sidewalk_20230313A,UNITID_No,-1,-1;SidewalkKe "SidewalkKe" true true false 4 Long 0 10,First,#,C:\Users\dayca\Documents\ArcGIS\Projects\GISO_PROD\GISO_PRODUCTION.sde\GEODB.GISO.NEW_Sidewalk_20230313A,SidewalkKey,-1,-1;Descriptio "Descriptio" true true false 254 Text 0 0,First,#,C:\Users\dayca\Documents\ArcGIS\Projects\GISO_PROD\GISO_PRODUCTION.sde\GEODB.GISO.NEW_Sidewalk_20230313A,Description,0,1073741822;StreetNo "StreetNo" true true false 254 Text 0 0,First,#,C:\Users\dayca\Documents\ArcGIS\Projects\GISO_PROD\GISO_PRODUCTION.sde\GEODB.GISO.NEW_Sidewalk_20230313A,StreetNo,0,1073741822;StreetName "StreetName" true true false 254 Text 0 0,First,#,C:\Users\dayca\Documents\ArcGIS\Projects\GISO_PROD\GISO_PRODUCTION.sde\GEODB.GISO.NEW_Sidewalk_20230313A,StreetName,0,1073741822;Suffix "Suffix" true true false 254 Text 0 0,First,#,C:\Users\dayca\Documents\ArcGIS\Projects\GISO_PROD\GISO_PRODUCTION.sde\GEODB.GISO.NEW_Sidewalk_20230313A,Suffix,0,1073741822;Dir "Dir" true true false 254 Text 0 0,First,#,C:\Users\dayca\Documents\ArcGIS\Projects\GISO_PROD\GISO_PRODUCTION.sde\GEODB.GISO.NEW_Sidewalk_20230313A,Dir,0,1073741822;FromSt "FromSt" true true false 254 Text 0 0,First,#,C:\Users\dayca\Documents\ArcGIS\Projects\GISO_PROD\GISO_PRODUCTION.sde\GEODB.GISO.NEW_Sidewalk_20230313A,FromSt,0,1073741822;ToSt "ToSt" true true false 254 Text 0 0,First,#,C:\Users\dayca\Documents\ArcGIS\Projects\GISO_PROD\GISO_PRODUCTION.sde\GEODB.GISO.NEW_Sidewalk_20230313A,ToSt,0,1073741822;IMS_Area "IMS_Area" true true false 254 Text 0 0,First,#,C:\Users\dayca\Documents\ArcGIS\Projects\GISO_PROD\GISO_PRODUCTION.sde\GEODB.GISO.NEW_Sidewalk_20230313A,IMS_Area,0,1073741822;Side "Side" true true false 254 Text 0 0,First,#,C:\Users\dayca\Documents\ArcGIS\Projects\GISO_PROD\GISO_PRODUCTION.sde\GEODB.GISO.NEW_Sidewalk_20230313A,Side,0,1073741822;Traffic "Traffic" true true false 254 Text 0 0,First,#,C:\Users\dayca\Documents\ArcGIS\Projects\GISO_PROD\GISO_PRODUCTION.sde\GEODB.GISO.NEW_Sidewalk_20230313A,Traffic,0,1073741822;Rating "Rating" true true false 254 Text 0 0,First,#,C:\Users\dayca\Documents\ArcGIS\Projects\GISO_PROD\GISO_PRODUCTION.sde\GEODB.GISO.NEW_Sidewalk_20230313A,Rating,0,1073741822;Status "Status" true true false 254 Text 0 0,First,#,C:\Users\dayca\Documents\ArcGIS\Projects\GISO_PROD\GISO_PRODUCTION.sde\GEODB.GISO.NEW_Sidewalk_20230313A,Status,0,1073741822;NextInspYe "NextInspYe" true true false 254 Text 0 0,First,#,C:\Users\dayca\Documents\ArcGIS\Projects\GISO_PROD\GISO_PRODUCTION.sde\GEODB.GISO.NEW_Sidewalk_20230313A,NextInspYear,-1,-1;SurfaceTyp "SurfaceTyp" true true false 254 Text 0 0,First,#,C:\Users\dayca\Documents\ArcGIS\Projects\GISO_PROD\GISO_PRODUCTION.sde\GEODB.GISO.NEW_Sidewalk_20230313A,SidewalkType,0,1073741822;SidewalkTy "SidewalkTy" true true false 254 Text 0 0,First,#,C:\Users\dayca\Documents\ArcGIS\Projects\GISO_PROD\GISO_PRODUCTION.sde\GEODB.GISO.NEW_Sidewalk_20230313A,SidewalkType,0,1073741822;Installed "Installed" true true false 8 Date 0 0,First,#,C:\Users\dayca\Documents\ArcGIS\Projects\GISO_PROD\GISO_PRODUCTION.sde\GEODB.GISO.NEW_Sidewalk_20230313A,Installed,-1,-1;ByLawNo "ByLawNo" true true false 254 Text 0 0,First,#,C:\Users\dayca\Documents\ArcGIS\Projects\GISO_PROD\GISO_PRODUCTION.sde\GEODB.GISO.NEW_Sidewalk_20230313A,ByLawNo,0,1073741822;DrawingNo "DrawingNo" true true false 254 Text 0 0,First,#,C:\Users\dayca\Documents\ArcGIS\Projects\GISO_PROD\GISO_PRODUCTION.sde\GEODB.GISO.NEW_Sidewalk_20230313A,DrawingNo,0,1073741822;PolWard "PolWard" true true false 254 Text 0 0,First,#,C:\Users\dayca\Documents\ArcGIS\Projects\GISO_PROD\GISO_PRODUCTION.sde\GEODB.GISO.NEW_Sidewalk_20230313A,PolWard,0,1073741822;Location "Location" true true false 254 Text 0 0,First,#,C:\Users\dayca\Documents\ArcGIS\Projects\GISO_PROD\GISO_PRODUCTION.sde\GEODB.GISO.NEW_Sidewalk_20230313A,Location,0,1073741822;WCMapNo "WCMapNo" true true false 254 Text 0 0,First,#,C:\Users\dayca\Documents\ArcGIS\Projects\GISO_PROD\GISO_PRODUCTION.sde\GEODB.GISO.NEW_Sidewalk_20230313A,WCMapNo,0,1073741822;MaintArea "MaintArea" true true false 254 Text 0 0,First,#,C:\Users\dayca\Documents\ArcGIS\Projects\GISO_PROD\GISO_PRODUCTION.sde\GEODB.GISO.NEW_Sidewalk_20230313A,MaintArea,0,1073741822;GISID "GISID" true true false 254 Text 0 0,First,#,C:\Users\dayca\Documents\ArcGIS\Projects\GISO_PROD\GISO_PRODUCTION.sde\GEODB.GISO.NEW_Sidewalk_20230313A,GISID,0,1073741822;Compkey "Compkey" true true false 4 Long 0 10,First,#,C:\Users\dayca\Documents\ArcGIS\Projects\GISO_PROD\GISO_PRODUCTION.sde\GEODB.GISO.NEW_Sidewalk_20230313A,COMPKEY,0,1073741822;Sidewalk_Length "Sidewalk Length" true true false 8 Double 1 7,First,#;Sidewalk_Width "Sidewalk Width" true true false 8 Double 1 7,First,#" # #</Process><Process ToolSource="c:\program files\arcgis\pro\Resources\ArcToolbox\toolboxes\Data Management Tools.tbx\CalculateField" Date="20230325" Time="110044">CalculateField GEODB.GISO.Sidewalks Compkey $feature.SidewalkKe Arcade $Sidewalks. Text NO_ENFORCE_DOMAINS</Process><Process ToolSource="c:\program files\arcgis\pro\Resources\ArcToolbox\toolboxes\Data Management Tools.tbx\CalculateField" Date="20230406" Time="160946">CalculateField GEODB.GISO.Sidewalks Compkey !SidewalkKe! "Python 3" # Text NO_ENFORCE_DOMAINS</Process><Process ToolSource="c:\program files\arcgis\pro\Resources\ArcToolbox\toolboxes\Data Management Tools.tbx\DeleteRows" Date="20230516" Time="112010">DeleteRows GEODB.GISO.Sidewalks</Process><Process ToolSource="c:\program files\arcgis\pro\Resources\ArcToolbox\toolboxes\Data Management Tools.tbx\Append" Date="20230516" Time="112116">Append Sidewalks_20230515 GEODB.GISO.Sidewalks "Use the field map to reconcile field differences" "LAYER "LAYER" true true false 254 Text 0 0,First,#,K:\Users\GIS Personnel\Sidewalks\Sidewalks_20230515.shp,LAYER,0,254;UNITID "UNITID" true true false 254 Text 0 0,First,#,K:\Users\GIS Personnel\Sidewalks\Sidewalks_20230515.shp,UNITID,0,254;UNITID_T "UNITID_T" true true false 254 Text 0 0,First,#,K:\Users\GIS Personnel\Sidewalks\Sidewalks_20230515.shp,UNITID_T,0,254;UNITID_No "UNITID_No" true true false 4 Long 0 10,First,#,K:\Users\GIS Personnel\Sidewalks\Sidewalks_20230515.shp,UNITID_No,-1,-1;SidewalkKe "SidewalkKe" true true false 4 Long 0 10,First,#,K:\Users\GIS Personnel\Sidewalks\Sidewalks_20230515.shp,SidewalkKe,-1,-1;Descriptio "Descriptio" true true false 254 Text 0 0,First,#,K:\Users\GIS Personnel\Sidewalks\Sidewalks_20230515.shp,Descriptio,0,254;StreetNo "StreetNo" true true false 254 Text 0 0,First,#,K:\Users\GIS Personnel\Sidewalks\Sidewalks_20230515.shp,StreetNo,0,254;StreetName "StreetName" true true false 254 Text 0 0,First,#,K:\Users\GIS Personnel\Sidewalks\Sidewalks_20230515.shp,StreetName,0,254;Suffix "Suffix" true true false 254 Text 0 0,First,#,K:\Users\GIS Personnel\Sidewalks\Sidewalks_20230515.shp,Suffix,0,254;Dir "Dir" true true false 254 Text 0 0,First,#,K:\Users\GIS Personnel\Sidewalks\Sidewalks_20230515.shp,Dir,0,254;FromSt "FromSt" true true false 254 Text 0 0,First,#,K:\Users\GIS Personnel\Sidewalks\Sidewalks_20230515.shp,FromSt,0,254;ToSt "ToSt" true true false 254 Text 0 0,First,#,K:\Users\GIS Personnel\Sidewalks\Sidewalks_20230515.shp,ToSt,0,254;IMS_Area "IMS_Area" true true false 254 Text 0 0,First,#,K:\Users\GIS Personnel\Sidewalks\Sidewalks_20230515.shp,IMS_Area,0,254;Side "Side" true true false 254 Text 0 0,First,#,K:\Users\GIS Personnel\Sidewalks\Sidewalks_20230515.shp,Side,0,254;Traffic "Traffic" true true false 254 Text 0 0,First,#,K:\Users\GIS Personnel\Sidewalks\Sidewalks_20230515.shp,Traffic,0,254;Rating "Rating" true true false 254 Text 0 0,First,#,K:\Users\GIS Personnel\Sidewalks\Sidewalks_20230515.shp,Rating,0,254;Status "Status" true true false 254 Text 0 0,First,#,K:\Users\GIS Personnel\Sidewalks\Sidewalks_20230515.shp,Status,0,254;NextInspYe "NextInspYe" true true false 254 Text 0 0,First,#,K:\Users\GIS Personnel\Sidewalks\Sidewalks_20230515.shp,NextInspYe,0,254;SurfaceTyp "SurfaceTyp" true true false 254 Text 0 0,First,#,K:\Users\GIS Personnel\Sidewalks\Sidewalks_20230515.shp,SurfaceTyp,0,254;SidewalkTy "SidewalkTy" true true false 254 Text 0 0,First,#,K:\Users\GIS Personnel\Sidewalks\Sidewalks_20230515.shp,SidewalkTy,0,254;Installed "Installed" true true false 8 Date 0 0,First,#,K:\Users\GIS Personnel\Sidewalks\Sidewalks_20230515.shp,Installed,0,254;ByLawNo "ByLawNo" true true false 254 Text 0 0,First,#,K:\Users\GIS Personnel\Sidewalks\Sidewalks_20230515.shp,ByLawNo,0,254;DrawingNo "DrawingNo" true true false 254 Text 0 0,First,#,K:\Users\GIS Personnel\Sidewalks\Sidewalks_20230515.shp,DrawingNo,0,254;PolWard "PolWard" true true false 254 Text 0 0,First,#,K:\Users\GIS Personnel\Sidewalks\Sidewalks_20230515.shp,PolWard,0,254;Location "Location" true true false 254 Text 0 0,First,#,K:\Users\GIS Personnel\Sidewalks\Sidewalks_20230515.shp,Location,0,254;WCMapNo "WCMapNo" true true false 254 Text 0 0,First,#,K:\Users\GIS Personnel\Sidewalks\Sidewalks_20230515.shp,WCMapNo,0,254;MaintArea "MaintArea" true true false 254 Text 0 0,First,#,K:\Users\GIS Personnel\Sidewalks\Sidewalks_20230515.shp,MaintArea,0,254;GISID "GISID" true true false 254 Text 0 0,First,#,K:\Users\GIS Personnel\Sidewalks\Sidewalks_20230515.shp,GISID,0,254;Compkey "Compkey" true true false 4 Long 0 10,First,#,K:\Users\GIS Personnel\Sidewalks\Sidewalks_20230515.shp,Compkey,-1,-1;Sidewalk_Length "Sidewalk Length" true true false 8 Double 1 7,First,#;Sidewalk_Width "Sidewalk Width" true true false 8 Double 1 7,First,#" # # # NOT_UPDATE_GEOMETRY</Process><Process ToolSource="c:\program files\arcgis\pro\Resources\ArcToolbox\toolboxes\Data Management Tools.tbx\UpdateSchema" Date="20230516" Time="112530">UpdateSchema "CIMDATA=&lt;CIMFeatureDatasetDataConnection xsi:type='typens:CIMFeatureDatasetDataConnection' xmlns:xsi='http://www.w3.org/2001/XMLSchema-instance' xmlns:xs='http://www.w3.org/2001/XMLSchema' xmlns:typens='http://www.esri.com/schemas/ArcGIS/3.1.0'&gt;&lt;FeatureDataset&gt;GEODB.GISO.Transportation&lt;/FeatureDataset&gt;&lt;WorkspaceConnectionString&gt;ENCRYPTED_PASSWORD_UTF8=00022e6834415a34426d4859707a736c56727978426544616c3358693473525642734a513242324d6f476e364a65413d2a00;ENCRYPTED_PASSWORD=00022e684970663772734639387a773462527956514d4d74383077665571463562487844516751502b2b4b506930673d2a00;SERVER=SCORSQL03;INSTANCE=sde:sqlserver:SCORSQL03\A;DBCLIENT=sqlserver;DB_CONNECTION_PROPERTIES=SCORSQL03\A;DATABASE=GEODB;USER=giso;VERSION=GISO.Sidewalks_JC_20230516;AUTHENTICATION_MODE=DBMS&lt;/WorkspaceConnectionString&gt;&lt;WorkspaceFactory&gt;SDE&lt;/WorkspaceFactory&gt;&lt;Dataset&gt;GEODB.GISO.Sidewalks&lt;/Dataset&gt;&lt;DatasetType&gt;esriDTFeatureClass&lt;/DatasetType&gt;&lt;/CIMFeatureDatasetDataConnection&gt;" &lt;operationSequence&gt;&lt;workflow&gt;&lt;AddField&gt;&lt;field_name&gt;Sidewalk_L&lt;/field_name&gt;&lt;field_type&gt;DOUBLE&lt;/field_type&gt;&lt;field_precision&gt;7&lt;/field_precision&gt;&lt;field_scale&gt;1&lt;/field_scale&gt;&lt;field_is_nullable&gt;True&lt;/field_is_nullable&gt;&lt;field_is_required&gt;False&lt;/field_is_required&gt;&lt;/AddField&gt;&lt;/workflow&gt;&lt;workflow&gt;&lt;AddField&gt;&lt;field_name&gt;Sidewalk_W&lt;/field_name&gt;&lt;field_type&gt;DOUBLE&lt;/field_type&gt;&lt;field_precision&gt;7&lt;/field_precision&gt;&lt;field_scale&gt;1&lt;/field_scale&gt;&lt;field_is_nullable&gt;True&lt;/field_is_nullable&gt;&lt;field_is_required&gt;False&lt;/field_is_required&gt;&lt;/AddField&gt;&lt;/workflow&gt;&lt;/operationSequence&gt;</Process><Process ToolSource="c:\program files\arcgis\pro\Resources\ArcToolbox\toolboxes\Data Management Tools.tbx\UpdateSchema" Date="20230516" Time="112634">UpdateSchema "CIMDATA=&lt;CIMFeatureDatasetDataConnection xsi:type='typens:CIMFeatureDatasetDataConnection' xmlns:xsi='http://www.w3.org/2001/XMLSchema-instance' xmlns:xs='http://www.w3.org/2001/XMLSchema' xmlns:typens='http://www.esri.com/schemas/ArcGIS/3.1.0'&gt;&lt;FeatureDataset&gt;GEODB.GISO.Transportation&lt;/FeatureDataset&gt;&lt;WorkspaceConnectionString&gt;ENCRYPTED_PASSWORD_UTF8=00022e6834415a34426d4859707a736c56727978426544616c3358693473525642734a513242324d6f476e364a65413d2a00;ENCRYPTED_PASSWORD=00022e684970663772734639387a773462527956514d4d74383077665571463562487844516751502b2b4b506930673d2a00;SERVER=SCORSQL03;INSTANCE=sde:sqlserver:SCORSQL03\A;DBCLIENT=sqlserver;DB_CONNECTION_PROPERTIES=SCORSQL03\A;DATABASE=GEODB;USER=giso;VERSION=GISO.Sidewalks_JC_20230516;AUTHENTICATION_MODE=DBMS&lt;/WorkspaceConnectionString&gt;&lt;WorkspaceFactory&gt;SDE&lt;/WorkspaceFactory&gt;&lt;Dataset&gt;GEODB.GISO.Sidewalks&lt;/Dataset&gt;&lt;DatasetType&gt;esriDTFeatureClass&lt;/DatasetType&gt;&lt;/CIMFeatureDatasetDataConnection&gt;" &lt;operationSequence&gt;&lt;workflow&gt;&lt;AddField&gt;&lt;field_name&gt;Sidewalk_L&lt;/field_name&gt;&lt;field_type&gt;DOUBLE&lt;/field_type&gt;&lt;field_precision&gt;7&lt;/field_precision&gt;&lt;field_scale&gt;1&lt;/field_scale&gt;&lt;field_is_nullable&gt;True&lt;/field_is_nullable&gt;&lt;field_is_required&gt;False&lt;/field_is_required&gt;&lt;/AddField&gt;&lt;/workflow&gt;&lt;workflow&gt;&lt;AddField&gt;&lt;field_name&gt;Sidewalk_W&lt;/field_name&gt;&lt;field_type&gt;DOUBLE&lt;/field_type&gt;&lt;field_precision&gt;7&lt;/field_precision&gt;&lt;field_scale&gt;1&lt;/field_scale&gt;&lt;field_is_nullable&gt;True&lt;/field_is_nullable&gt;&lt;field_is_required&gt;False&lt;/field_is_required&gt;&lt;/AddField&gt;&lt;/workflow&gt;&lt;/operationSequence&gt;</Process><Process ToolSource="c:\program files\arcgis\pro\Resources\ArcToolbox\toolboxes\Data Management Tools.tbx\CopyFeatures" Date="20231117" Time="121442">CopyFeatures C:\Users\dayca\Documents\ArcGIS\Projects\GISO_PRODUCTION\GISP_PROD.sde\GEODB.GISO.Transportation\GEODB.GISO.Sidewalks \\smapdv01\arcgisserver\MappMyCityGDB\MappMyCityGDB.gdb\Sidewalks # # # #</Process><Process ToolSource="c:\program files\arcgis\pro\Resources\ArcToolbox\toolboxes\Data Management Tools.tbx\UpdateSchema" Date="20231117" Time="121754">UpdateSchema "CIMDATA=&lt;CIMStandardDataConnection xsi:type='typens:CIMStandardDataConnection' xmlns:xsi='http://www.w3.org/2001/XMLSchema-instance' xmlns:xs='http://www.w3.org/2001/XMLSchema' xmlns:typens='http://www.esri.com/schemas/ArcGIS/3.1.0'&gt;&lt;WorkspaceConnectionString&gt;DATABASE=\\smapdv01\arcgisserver\MappMyCityGDB\MappMyCityGDB.gdb&lt;/WorkspaceConnectionString&gt;&lt;WorkspaceFactory&gt;FileGDB&lt;/WorkspaceFactory&gt;&lt;Dataset&gt;Sidewalks&lt;/Dataset&gt;&lt;DatasetType&gt;esriDTFeatureClass&lt;/DatasetType&gt;&lt;/CIMStandardDataConnection&gt;" &lt;operationSequence&gt;&lt;workflow&gt;&lt;DeleteField&gt;&lt;field_name&gt;LAYER&lt;/field_name&gt;&lt;field_name&gt;UNITID&lt;/field_name&gt;&lt;field_name&gt;UNITID_T&lt;/field_name&gt;&lt;field_name&gt;StreetNo&lt;/field_name&gt;&lt;field_name&gt;IMS_Area&lt;/field_name&gt;&lt;field_name&gt;Traffic&lt;/field_name&gt;&lt;field_name&gt;Rating&lt;/field_name&gt;&lt;field_name&gt;NextInspYe&lt;/field_name&gt;&lt;field_name&gt;DrawingNo&lt;/field_name&gt;&lt;field_name&gt;PolWard&lt;/field_name&gt;&lt;field_name&gt;Location&lt;/field_name&gt;&lt;field_name&gt;WCMapNo&lt;/field_name&gt;&lt;field_name&gt;MaintArea&lt;/field_name&gt;&lt;field_name&gt;GISID&lt;/field_name&gt;&lt;field_name&gt;Compkey&lt;/field_name&gt;&lt;field_name&gt;created_user&lt;/field_name&gt;&lt;field_name&gt;created_date&lt;/field_name&gt;&lt;field_name&gt;last_edited_user&lt;/field_name&gt;&lt;field_name&gt;last_edited_date&lt;/field_name&gt;&lt;field_name&gt;Sidewalk_Length&lt;/field_name&gt;&lt;/DeleteField&gt;&lt;/workflow&gt;&lt;/operationSequence&gt;</Process><Process ToolSource="c:\program files\arcgis\pro\Resources\ArcToolbox\toolboxes\Conversion Tools.tbx\ExportFeatures" Date="20231122" Time="083014">ExportFeatures \\smapdv01\arcgisserver\MappMyCityGDB\MappMyCityGDB.gdb\Sidewalks C:\Users\dayca\Desktop\Sidewalks_UTM83\Sidewalks_UTM83.shp # NOT_USE_ALIAS "UNITID_No "UNITID_No" true true false 4 Long 0 0,First,#,\\smapdv01\arcgisserver\MappMyCityGDB\MappMyCityGDB.gdb\Sidewalks,UNITID_No,-1,-1;SidewalkKe "SidewalkKe" true true false 4 Long 0 0,First,#,\\smapdv01\arcgisserver\MappMyCityGDB\MappMyCityGDB.gdb\Sidewalks,SidewalkKe,-1,-1;Descriptio "Descriptio" true true false 254 Text 0 0,First,#,\\smapdv01\arcgisserver\MappMyCityGDB\MappMyCityGDB.gdb\Sidewalks,Descriptio,0,254;StreetName "StreetName" true true false 254 Text 0 0,First,#,\\smapdv01\arcgisserver\MappMyCityGDB\MappMyCityGDB.gdb\Sidewalks,StreetName,0,254;Suffix "Suffix" true true false 254 Text 0 0,First,#,\\smapdv01\arcgisserver\MappMyCityGDB\MappMyCityGDB.gdb\Sidewalks,Suffix,0,254;Dir "Dir" true true false 254 Text 0 0,First,#,\\smapdv01\arcgisserver\MappMyCityGDB\MappMyCityGDB.gdb\Sidewalks,Dir,0,254;FromSt "FromSt" true true false 254 Text 0 0,First,#,\\smapdv01\arcgisserver\MappMyCityGDB\MappMyCityGDB.gdb\Sidewalks,FromSt,0,254;ToSt "ToSt" true true false 254 Text 0 0,First,#,\\smapdv01\arcgisserver\MappMyCityGDB\MappMyCityGDB.gdb\Sidewalks,ToSt,0,254;Side "Side" true true false 254 Text 0 0,First,#,\\smapdv01\arcgisserver\MappMyCityGDB\MappMyCityGDB.gdb\Sidewalks,Side,0,254;Status "Status" true true false 254 Text 0 0,First,#,\\smapdv01\arcgisserver\MappMyCityGDB\MappMyCityGDB.gdb\Sidewalks,Status,0,254;SurfaceTyp "SurfaceTyp" true true false 254 Text 0 0,First,#,\\smapdv01\arcgisserver\MappMyCityGDB\MappMyCityGDB.gdb\Sidewalks,SurfaceTyp,0,254;SidewalkTy "SidewalkTy" true true false 254 Text 0 0,First,#,\\smapdv01\arcgisserver\MappMyCityGDB\MappMyCityGDB.gdb\Sidewalks,SidewalkTy,0,254;Installed "Installed" true true false 8 Date 0 0,First,#,\\smapdv01\arcgisserver\MappMyCityGDB\MappMyCityGDB.gdb\Sidewalks,Installed,-1,-1;ByLawNo "ByLawNo" true true false 254 Text 0 0,First,#,\\smapdv01\arcgisserver\MappMyCityGDB\MappMyCityGDB.gdb\Sidewalks,ByLawNo,0,254;Sidewalk_Width "Sidewalk Width" true true false 8 Double 0 0,First,#,\\smapdv01\arcgisserver\MappMyCityGDB\MappMyCityGDB.gdb\Sidewalks,Sidewalk_Width,-1,-1;Shape_Length "Shape_Length" false true true 8 Double 0 0,First,#,\\smapdv01\arcgisserver\MappMyCityGDB\MappMyCityGDB.gdb\Sidewalks,Shape_Length,-1,-1" #</Process></lineage><itemProps><itemName Sync="TRUE">Sidewalks_UTM83</itemName><imsContentType Sync="TRUE">002</imsContentType><itemSize Sync="TRUE">0.000</itemSize><itemLocation><linkage Sync="TRUE">file://\\SYSID17166\C$\Users\dayca\Desktop\Sidewalks_UTM83\Sidewalks_UTM83.shp</linkage><protocol Sync="TRUE">Local Area Network</protocol></itemLocation></itemProps><coordRef><type Sync="TRUE">Projected</type><geogcsn Sync="TRUE">GCS_North_American_1983</geogcsn><csUnits Sync="TRUE">Linear Unit: Meter (1.000000)</csUnits><projcsn Sync="TRUE">NAD_1983_UTM_Zone_17N</projcsn><peXml Sync="TRUE">&lt;ProjectedCoordinateSystem xsi:type='typens:ProjectedCoordinateSystem' xmlns:xsi='http://www.w3.org/2001/XMLSchema-instance' xmlns:xs='http://www.w3.org/2001/XMLSchema' xmlns:typens='http://www.esri.com/schemas/ArcGIS/3.1.0'&gt;&lt;WKT&gt;PROJCS[&amp;quot;NAD_1983_UTM_Zone_17N&amp;quot;,GEOGCS[&amp;quot;GCS_North_American_1983&amp;quot;,DATUM[&amp;quot;D_North_American_1983&amp;quot;,SPHEROID[&amp;quot;GRS_1980&amp;quot;,6378137.0,298.257222101]],PRIMEM[&amp;quot;Greenwich&amp;quot;,0.0],UNIT[&amp;quot;Degree&amp;quot;,0.0174532925199433]],PROJECTION[&amp;quot;Transverse_Mercator&amp;quot;],PARAMETER[&amp;quot;False_Easting&amp;quot;,500000.0],PARAMETER[&amp;quot;False_Northing&amp;quot;,0.0],PARAMETER[&amp;quot;Central_Meridian&amp;quot;,-81.0],PARAMETER[&amp;quot;Scale_Factor&amp;quot;,0.9996],PARAMETER[&amp;quot;Latitude_Of_Origin&amp;quot;,0.0],UNIT[&amp;quot;Meter&amp;quot;,1.0],AUTHORITY[&amp;quot;EPSG&amp;quot;,26917]]&lt;/WKT&gt;&lt;XOrigin&gt;-5120900&lt;/XOrigin&gt;&lt;YOrigin&gt;-9998100&lt;/YOrigin&gt;&lt;XYScale&gt;450445547.3910538&lt;/XYScale&gt;&lt;ZOrigin&gt;-100000&lt;/ZOrigin&gt;&lt;ZScale&gt;10000&lt;/ZScale&gt;&lt;MOrigin&gt;-100000&lt;/MOrigin&gt;&lt;MScale&gt;10000&lt;/MScale&gt;&lt;XYTolerance&gt;0.001&lt;/XYTolerance&gt;&lt;ZTolerance&gt;0.001&lt;/ZTolerance&gt;&lt;MTolerance&gt;0.001&lt;/MTolerance&gt;&lt;HighPrecision&gt;true&lt;/HighPrecision&gt;&lt;WKID&gt;26917&lt;/WKID&gt;&lt;LatestWKID&gt;26917&lt;/LatestWKID&gt;&lt;/ProjectedCoordinateSystem&gt;</peXml></coordRef></DataProperties><SyncDate>20231122</SyncDate><SyncTime>08301300</SyncTime><ModDate>20231122</ModDate><ModTime>08301300</ModTime></Esri><dataIdInfo><envirDesc Sync="TRUE">Microsoft Windows 10 Version 10.0 (Build 19045) ; Esri ArcGIS 13.1.0.41833</envirDesc><dataLang><languageCode value="eng" Sync="TRUE"/><countryCode value="CAN" Sync="TRUE"/></dataLang><idCitation><resTitle Sync="TRUE">Sidewalks_UTM83</resTitle><presForm><PresFormCd value="005" Sync="TRUE"/></presForm></idCitation><spatRpType><SpatRepTypCd value="001" Sync="TRUE"/></spatRpType></dataIdInfo><mdLang><languageCode value="eng" Sync="TRUE"/><countryCode value="CAN" Sync="TRUE"/></mdLang><mdChar><CharSetCd value="004" Sync="TRUE"/></mdChar><distInfo><distFormat><formatName Sync="TRUE">Shapefile</formatName></distFormat><distTranOps><transSize Sync="TRUE">0.000</transSize></distTranOps></distInfo><mdHrLv><ScopeCd value="005" Sync="TRUE"/></mdHrLv><mdHrLvName Sync="TRUE">dataset</mdHrLvName><refSysInfo><RefSystem><refSysID><identCode code="26917" Sync="TRUE"/><idCodeSpace Sync="TRUE">EPSG</idCodeSpace><idVersion Sync="TRUE">6.11(3.0.1)</idVersion></refSysID></RefSystem></refSysInfo><spatRepInfo><VectSpatRep><geometObjs Name="Sidewalks_UTM83"><geoObjTyp><GeoObjTypCd value="002" Sync="TRUE"></GeoObjTypCd></geoObjTyp><geoObjCnt Sync="TRUE">0</geoObjCnt></geometObjs><topLvl><TopoLevCd value="001" Sync="TRUE"></TopoLevCd></topLvl></VectSpatRep></spatRepInfo><spdoinfo><ptvctinf><esriterm Name="Sidewalks_UTM83"><efeatyp Sync="TRUE">Simple</efeatyp><efeageom code="3" Sync="TRUE"></efeageom><esritopo Sync="TRUE">FALSE</esritopo><efeacnt Sync="TRUE">0</efeacnt><spindex Sync="TRUE">FALSE</spindex><linrefer Sync="TRUE">FALSE</linrefer></esriterm></ptvctinf></spdoinfo><eainfo><detailed Name="Sidewalks_UTM83"><enttyp><enttypl Sync="TRUE">Sidewalks_UTM83</enttypl><enttypt Sync="TRUE">Feature Class</enttypt><enttypc Sync="TRUE">0</enttypc></enttyp><attr><attrlabl Sync="TRUE">FID</attrlabl><attalias Sync="TRUE">FID</attalias><attrtype Sync="TRUE">OID</attrtype><attwidth Sync="TRUE">4</attwidth><atprecis Sync="TRUE">0</atprecis><attscale Sync="TRUE">0</attscale><attrdef Sync="TRUE">Internal feature number.</attrdef><attrdefs Sync="TRUE">Esri</attrdefs><attrdomv><udom Sync="TRUE">Sequential unique whole numbers that are automatically generated.</udom></attrdomv></attr><attr><attrlabl Sync="TRUE">Shape</attrlabl><attalias Sync="TRUE">Shape</attalias><attrtype Sync="TRUE">Geometry</attrtype><attwidth Sync="TRUE">0</attwidth><atprecis Sync="TRUE">0</atprecis><attscale Sync="TRUE">0</attscale><attrdef Sync="TRUE">Feature geometry.</attrdef><attrdefs Sync="TRUE">Esri</attrdefs><attrdomv><udom Sync="TRUE">Coordinates defining the features.</udom></attrdomv></attr><attr><attrlabl Sync="TRUE">UNITID_No</attrlabl><attalias Sync="TRUE">UNITID_No</attalias><attrtype Sync="TRUE">Integer</attrtype><attwidth Sync="TRUE">10</attwidth><atprecis Sync="TRUE">10</atprecis><attscale Sync="TRUE">0</attscale></attr><attr><attrlabl Sync="TRUE">SidewalkKe</attrlabl><attalias Sync="TRUE">SidewalkKe</attalias><attrtype Sync="TRUE">Integer</attrtype><attwidth Sync="TRUE">10</attwidth><atprecis Sync="TRUE">10</atprecis><attscale Sync="TRUE">0</attscale></attr><attr><attrlabl Sync="TRUE">Descriptio</attrlabl><attalias Sync="TRUE">Descriptio</attalias><attrtype Sync="TRUE">String</attrtype><attwidth Sync="TRUE">254</attwidth><atprecis Sync="TRUE">0</atprecis><attscale Sync="TRUE">0</attscale></attr><attr><attrlabl Sync="TRUE">StreetName</attrlabl><attalias Sync="TRUE">StreetName</attalias><attrtype Sync="TRUE">String</attrtype><attwidth Sync="TRUE">254</attwidth><atprecis Sync="TRUE">0</atprecis><attscale Sync="TRUE">0</attscale></attr><attr><attrlabl Sync="TRUE">Suffix</attrlabl><attalias Sync="TRUE">Suffix</attalias><attrtype Sync="TRUE">String</attrtype><attwidth Sync="TRUE">254</attwidth><atprecis Sync="TRUE">0</atprecis><attscale Sync="TRUE">0</attscale></attr><attr><attrlabl Sync="TRUE">Dir</attrlabl><attalias Sync="TRUE">Dir</attalias><attrtype Sync="TRUE">String</attrtype><attwidth Sync="TRUE">254</attwidth><atprecis Sync="TRUE">0</atprecis><attscale Sync="TRUE">0</attscale></attr><attr><attrlabl Sync="TRUE">FromSt</attrlabl><attalias Sync="TRUE">FromSt</attalias><attrtype Sync="TRUE">String</attrtype><attwidth Sync="TRUE">254</attwidth><atprecis Sync="TRUE">0</atprecis><attscale Sync="TRUE">0</attscale></attr><attr><attrlabl Sync="TRUE">ToSt</attrlabl><attalias Sync="TRUE">ToSt</attalias><attrtype Sync="TRUE">String</attrtype><attwidth Sync="TRUE">254</attwidth><atprecis Sync="TRUE">0</atprecis><attscale Sync="TRUE">0</attscale></attr><attr><attrlabl Sync="TRUE">Side</attrlabl><attalias Sync="TRUE">Side</attalias><attrtype Sync="TRUE">String</attrtype><attwidth Sync="TRUE">254</attwidth><atprecis Sync="TRUE">0</atprecis><attscale Sync="TRUE">0</attscale></attr><attr><attrlabl Sync="TRUE">Status</attrlabl><attalias Sync="TRUE">Status</attalias><attrtype Sync="TRUE">String</attrtype><attwidth Sync="TRUE">254</attwidth><atprecis Sync="TRUE">0</atprecis><attscale Sync="TRUE">0</attscale></attr><attr><attrlabl Sync="TRUE">SurfaceTyp</attrlabl><attalias Sync="TRUE">SurfaceTyp</attalias><attrtype Sync="TRUE">String</attrtype><attwidth Sync="TRUE">254</attwidth><atprecis Sync="TRUE">0</atprecis><attscale Sync="TRUE">0</attscale></attr><attr><attrlabl Sync="TRUE">SidewalkTy</attrlabl><attalias Sync="TRUE">SidewalkTy</attalias><attrtype Sync="TRUE">String</attrtype><attwidth Sync="TRUE">254</attwidth><atprecis Sync="TRUE">0</atprecis><attscale Sync="TRUE">0</attscale></attr><attr><attrlabl Sync="TRUE">Installed</attrlabl><attalias Sync="TRUE">Installed</attalias><attrtype Sync="TRUE">Date</attrtype><attwidth Sync="TRUE">8</attwidth><atprecis Sync="TRUE">0</atprecis><attscale Sync="TRUE">0</attscale></attr><attr><attrlabl Sync="TRUE">ByLawNo</attrlabl><attalias Sync="TRUE">ByLawNo</attalias><attrtype Sync="TRUE">String</attrtype><attwidth Sync="TRUE">254</attwidth><atprecis Sync="TRUE">0</atprecis><attscale Sync="TRUE">0</attscale></attr><attr><attrlabl Sync="TRUE">Sidewalk_W</attrlabl><attalias Sync="TRUE">Sidewalk_W</attalias><attrtype Sync="TRUE">Double</attrtype><attwidth Sync="TRUE">19</attwidth><atprecis Sync="TRUE">0</atprecis><attscale Sync="TRUE">0</attscale></attr><attr><attrlabl Sync="TRUE">Shape_Leng</attrlabl><attalias Sync="TRUE">Shape_Leng</attalias><attrtype Sync="TRUE">Double</attrtype><attwidth Sync="TRUE">19</attwidth><atprecis Sync="TRUE">0</atprecis><attscale Sync="TRUE">0</attscale></attr></detailed></eainfo><mdDateSt Sync="TRUE">20231122</mdDateSt></metadata>
