<metadata xml:lang="en"><Esri><CreaDate>20220804</CreaDate><CreaTime>09221600</CreaTime><ArcGISFormat>1.0</ArcGISFormat><SyncOnce>FALSE</SyncOnce><DataProperties><itemProps><itemName Sync="TRUE">Parks_UTM83</itemName><imsContentType Sync="TRUE">002</imsContentType><itemLocation><linkage Sync="TRUE">file://\\corp.windsor\GIS\Current\Open Data Files\Open Data 2023\May\Parks\RATSRATSRATS_UTM83\Parks_UTM83.shp</linkage><protocol Sync="TRUE">Local Area Network</protocol></itemLocation><nativeExtBox><westBL Sync="TRUE">326977.754400</westBL><eastBL Sync="TRUE">343821.508800</eastBL><southBL Sync="TRUE">4677882.048000</southBL><northBL Sync="TRUE">4690336.615200</northBL><exTypeCode Sync="TRUE">1</exTypeCode></nativeExtBox><itemSize Sync="TRUE">0.000</itemSize></itemProps><coordRef><type Sync="TRUE">Projected</type><geogcsn Sync="TRUE">GCS_North_American_1983</geogcsn><csUnits Sync="TRUE">Linear Unit: Meter (1.000000)</csUnits><projcsn Sync="TRUE">NAD_1983_UTM_Zone_17N</projcsn><peXml Sync="TRUE">&lt;ProjectedCoordinateSystem xsi:type='typens:ProjectedCoordinateSystem' xmlns:xsi='http://www.w3.org/2001/XMLSchema-instance' xmlns:xs='http://www.w3.org/2001/XMLSchema' xmlns:typens='http://www.esri.com/schemas/ArcGIS/10.6'&gt;&lt;WKT&gt;PROJCS[&amp;quot;NAD_1983_UTM_Zone_17N&amp;quot;,GEOGCS[&amp;quot;GCS_North_American_1983&amp;quot;,DATUM[&amp;quot;D_North_American_1983&amp;quot;,SPHEROID[&amp;quot;GRS_1980&amp;quot;,6378137.0,298.257222101]],PRIMEM[&amp;quot;Greenwich&amp;quot;,0.0],UNIT[&amp;quot;Degree&amp;quot;,0.0174532925199433]],PROJECTION[&amp;quot;Transverse_Mercator&amp;quot;],PARAMETER[&amp;quot;False_Easting&amp;quot;,500000.0],PARAMETER[&amp;quot;False_Northing&amp;quot;,0.0],PARAMETER[&amp;quot;Central_Meridian&amp;quot;,-81.0],PARAMETER[&amp;quot;Scale_Factor&amp;quot;,0.9996],PARAMETER[&amp;quot;Latitude_Of_Origin&amp;quot;,0.0],UNIT[&amp;quot;Meter&amp;quot;,1.0],AUTHORITY[&amp;quot;EPSG&amp;quot;,26917]]&lt;/WKT&gt;&lt;XOrigin&gt;-5120900&lt;/XOrigin&gt;&lt;YOrigin&gt;-9998100&lt;/YOrigin&gt;&lt;XYScale&gt;450445547.3910538&lt;/XYScale&gt;&lt;ZOrigin&gt;-100000&lt;/ZOrigin&gt;&lt;ZScale&gt;10000&lt;/ZScale&gt;&lt;MOrigin&gt;-100000&lt;/MOrigin&gt;&lt;MScale&gt;10000&lt;/MScale&gt;&lt;XYTolerance&gt;0.001&lt;/XYTolerance&gt;&lt;ZTolerance&gt;0.001&lt;/ZTolerance&gt;&lt;MTolerance&gt;0.001&lt;/MTolerance&gt;&lt;HighPrecision&gt;true&lt;/HighPrecision&gt;&lt;WKID&gt;26917&lt;/WKID&gt;&lt;LatestWKID&gt;26917&lt;/LatestWKID&gt;&lt;/ProjectedCoordinateSystem&gt;</peXml></coordRef><lineage><Process ToolSource="c:\program files (x86)\arcgis\desktop10.6\ArcToolbox\Toolboxes\Conversion Tools.tbx\FeatureClassToFeatureClass" Date="20191018" Time="153713">FeatureClassToFeatureClass C:\MyInfo\TestFiles\SHP\Parks.shp "\\smapdv01\arcgisserver\City of Windsor GDB\GDBCityofWindsor.gdb\ParksRec" Parks18 # "LAYER "LAYER" true true false 254 Text 0 0 ,First,#,C:\MyInfo\TestFiles\SHP\Parks.shp,LAYER,-1,-1;LAYER1 "LAYER1" true true false 254 Text 0 0 ,First,#,C:\MyInfo\TestFiles\SHP\Parks.shp,LAYER1,-1,-1;Arena "Arena" true true false 254 Text 0 0 ,First,#,C:\MyInfo\TestFiles\SHP\Parks.shp,Arena,-1,-1;Asset_Numb "Asset_Numb" true true false 254 Text 0 0 ,First,#,C:\MyInfo\TestFiles\SHP\Parks.shp,Asset_Numb,-1,-1;Baseball "Baseball" true true false 28 Double 15 27 ,First,#,C:\MyInfo\TestFiles\SHP\Parks.shp,Baseball,-1,-1;Benches "Benches" true true false 28 Double 15 27 ,First,#,C:\MyInfo\TestFiles\SHP\Parks.shp,Benches,-1,-1;Community_ "Community_" true true false 254 Text 0 0 ,First,#,C:\MyInfo\TestFiles\SHP\Parks.shp,Community_,-1,-1;Cricket "Cricket" true true false 28 Double 15 27 ,First,#,C:\MyInfo\TestFiles\SHP\Parks.shp,Cricket,-1,-1;Fencing "Fencing" true true false 254 Text 0 0 ,First,#,C:\MyInfo\TestFiles\SHP\Parks.shp,Fencing,-1,-1;Garbage_Ca "Garbage_Ca" true true false 28 Double 15 27 ,First,#,C:\MyInfo\TestFiles\SHP\Parks.shp,Garbage_Ca,-1,-1;Maintained "Maintained" true true false 28 Double 15 27 ,First,#,C:\MyInfo\TestFiles\SHP\Parks.shp,Maintained,-1,-1;Municipal_ "Municipal_" true true false 254 Text 0 0 ,First,#,C:\MyInfo\TestFiles\SHP\Parks.shp,Municipal_,-1,-1;OBJECTID "OBJECTID" true true false 11 Double 0 11 ,First,#,C:\MyInfo\TestFiles\SHP\Parks.shp,OBJECTID,-1,-1;OBJECTID_1 "OBJECTID_1" true true false 11 Double 0 11 ,First,#,C:\MyInfo\TestFiles\SHP\Parks.shp,OBJECTID_1,-1,-1;Park_Acrea "Park_Acrea" true true false 28 Double 15 27 ,First,#,C:\MyInfo\TestFiles\SHP\Parks.shp,Park_Acrea,-1,-1;Park_Name "Park_Name" true true false 254 Text 0 0 ,First,#,C:\MyInfo\TestFiles\SHP\Parks.shp,Park_Name,-1,-1;Parking "Parking" true true false 28 Double 15 27 ,First,#,C:\MyInfo\TestFiles\SHP\Parks.shp,Parking,-1,-1;Pathway "Pathway" true true false 254 Text 0 0 ,First,#,C:\MyInfo\TestFiles\SHP\Parks.shp,Pathway,-1,-1;Picnic_She "Picnic_She" true true false 254 Text 0 0 ,First,#,C:\MyInfo\TestFiles\SHP\Parks.shp,Picnic_She,-1,-1;Play_Unit "Play_Unit" true true false 254 Text 0 0 ,First,#,C:\MyInfo\TestFiles\SHP\Parks.shp,Play_Unit,-1,-1;Pool "Pool" true true false 254 Text 0 0 ,First,#,C:\MyInfo\TestFiles\SHP\Parks.shp,Pool,-1,-1;Shape_Area "Shape_Area" true true false 28 Double 15 27 ,First,#,C:\MyInfo\TestFiles\SHP\Parks.shp,Shape_Area,-1,-1;Shape_Le_1 "Shape_Le_1" true true false 28 Double 15 27 ,First,#,C:\MyInfo\TestFiles\SHP\Parks.shp,Shape_Le_1,-1,-1;Shape_Leng "Shape_Leng" true true false 28 Double 15 27 ,First,#,C:\MyInfo\TestFiles\SHP\Parks.shp,Shape_Leng,-1,-1;Shorewall "Shorewall" true true false 254 Text 0 0 ,First,#,C:\MyInfo\TestFiles\SHP\Parks.shp,Shorewall,-1,-1;Soccer "Soccer" true true false 28 Double 15 27 ,First,#,C:\MyInfo\TestFiles\SHP\Parks.shp,Soccer,-1,-1;Spray_Pad "Spray_Pad" true true false 254 Text 0 0 ,First,#,C:\MyInfo\TestFiles\SHP\Parks.shp,Spray_Pad,-1,-1;Storage "Storage" true true false 254 Text 0 0 ,First,#,C:\MyInfo\TestFiles\SHP\Parks.shp,Storage,-1,-1;Swings "Swings" true true false 254 Text 0 0 ,First,#,C:\MyInfo\TestFiles\SHP\Parks.shp,Swings,-1,-1;Tennis "Tennis" true true false 28 Double 15 27 ,First,#,C:\MyInfo\TestFiles\SHP\Parks.shp,Tennis,-1,-1;Wading_Poo "Wading_Poo" true true false 254 Text 0 0 ,First,#,C:\MyInfo\TestFiles\SHP\Parks.shp,Wading_Poo,-1,-1;Ward "Ward" true true false 28 Double 15 27 ,First,#,C:\MyInfo\TestFiles\SHP\Parks.shp,Ward,-1,-1;Washrooms "Washrooms" true true false 254 Text 0 0 ,First,#,C:\MyInfo\TestFiles\SHP\Parks.shp,Washrooms,-1,-1;Zoning "Zoning" true true false 254 Text 0 0 ,First,#,C:\MyInfo\TestFiles\SHP\Parks.shp,Zoning,-1,-1;FeatId1 "FeatId1" true true false 11 Double 0 11 ,First,#,C:\MyInfo\TestFiles\SHP\Parks.shp,FeatId1,-1,-1;Amenity "Amenity" true true false 254 Text 0 0 ,First,#,C:\MyInfo\TestFiles\SHP\Parks.shp,Amenity,-1,-1" #</Process><Process ToolSource="c:\program files (x86)\arcgis\desktop10.6\ArcToolbox\Toolboxes\Data Management Tools.tbx\CopyFeatures" Date="20200206" Time="103845">CopyFeatures "\\smapdv01\arcgisserver\City of Windsor GDB\GDBCityofWindsor.gdb\ParksRec\Parks" "I:\City of Windsor GDB\GDBCityofWindsor.gdb\ParksRec\Parks" # 0 0 0</Process><Process ToolSource="c:\program files (x86)\arcgis\desktop10.6\ArcToolbox\Toolboxes\Conversion Tools.tbx\FeatureClassToFeatureClass" Date="20200213" Time="140629">FeatureClassToFeatureClass "I:\City of Windsor GDB\GDBCityofWindsor.gdb\ParksRec\Parks" "\\smapdv01\arcgisserver\City of Windsor GDB\GDBCityofWindsor.gdb\ParksRec" Parks_13 # "LAYER "LAYER" true true false 254 Text 0 0 ,First,#,I:\City of Windsor GDB\GDBCityofWindsor.gdb\ParksRec\Parks,LAYER,-1,-1;LAYER1 "LAYER1" true true false 254 Text 0 0 ,First,#,I:\City of Windsor GDB\GDBCityofWindsor.gdb\ParksRec\Parks,LAYER1,-1,-1;Arena "Arena" true true false 254 Text 0 0 ,First,#,I:\City of Windsor GDB\GDBCityofWindsor.gdb\ParksRec\Parks,Arena,-1,-1;Asset_Numb "Asset_Numb" true true false 254 Text 0 0 ,First,#,I:\City of Windsor GDB\GDBCityofWindsor.gdb\ParksRec\Parks,Asset_Numb,-1,-1;Baseball "Baseball" true true false 8 Double 0 0 ,First,#,I:\City of Windsor GDB\GDBCityofWindsor.gdb\ParksRec\Parks,Baseball,-1,-1;Benches "Benches" true true false 8 Double 0 0 ,First,#,I:\City of Windsor GDB\GDBCityofWindsor.gdb\ParksRec\Parks,Benches,-1,-1;Community_ "Community_" true true false 254 Text 0 0 ,First,#,I:\City of Windsor GDB\GDBCityofWindsor.gdb\ParksRec\Parks,Community_,-1,-1;Cricket "Cricket" true true false 8 Double 0 0 ,First,#,I:\City of Windsor GDB\GDBCityofWindsor.gdb\ParksRec\Parks,Cricket,-1,-1;Fencing "Fencing" true true false 254 Text 0 0 ,First,#,I:\City of Windsor GDB\GDBCityofWindsor.gdb\ParksRec\Parks,Fencing,-1,-1;Garbage_Ca "Garbage_Ca" true true false 8 Double 0 0 ,First,#,I:\City of Windsor GDB\GDBCityofWindsor.gdb\ParksRec\Parks,Garbage_Ca,-1,-1;Maintained "Maintained" true true false 8 Double 0 0 ,First,#,I:\City of Windsor GDB\GDBCityofWindsor.gdb\ParksRec\Parks,Maintained,-1,-1;Municipal_ "Municipal_" true true false 254 Text 0 0 ,First,#,I:\City of Windsor GDB\GDBCityofWindsor.gdb\ParksRec\Parks,Municipal_,-1,-1;OBJECTID "OBJECTID" true true false 8 Double 0 0 ,First,#,I:\City of Windsor GDB\GDBCityofWindsor.gdb\ParksRec\Parks,OBJECTID,-1,-1;OBJECTID_1 "OBJECTID_1" true true false 8 Double 0 0 ,First,#,I:\City of Windsor GDB\GDBCityofWindsor.gdb\ParksRec\Parks,OBJECTID_1,-1,-1;Park_Acrea "Park_Acrea" true true false 8 Double 0 0 ,First,#,I:\City of Windsor GDB\GDBCityofWindsor.gdb\ParksRec\Parks,Park_Acrea,-1,-1;Park_Name "Park_Name" true true false 254 Text 0 0 ,First,#,I:\City of Windsor GDB\GDBCityofWindsor.gdb\ParksRec\Parks,Park_Name,-1,-1;Parking "Parking" true true false 8 Double 0 0 ,First,#,I:\City of Windsor GDB\GDBCityofWindsor.gdb\ParksRec\Parks,Parking,-1,-1;Pathway "Pathway" true true false 254 Text 0 0 ,First,#,I:\City of Windsor GDB\GDBCityofWindsor.gdb\ParksRec\Parks,Pathway,-1,-1;Picnic_She "Picnic_She" true true false 254 Text 0 0 ,First,#,I:\City of Windsor GDB\GDBCityofWindsor.gdb\ParksRec\Parks,Picnic_She,-1,-1;Play_Unit "Play_Unit" true true false 254 Text 0 0 ,First,#,I:\City of Windsor GDB\GDBCityofWindsor.gdb\ParksRec\Parks,Play_Unit,-1,-1;Pool "Pool" true true false 254 Text 0 0 ,First,#,I:\City of Windsor GDB\GDBCityofWindsor.gdb\ParksRec\Parks,Pool,-1,-1;Shape_Le_1 "Shape_Le_1" true true false 8 Double 0 0 ,First,#,I:\City of Windsor GDB\GDBCityofWindsor.gdb\ParksRec\Parks,Shape_Le_1,-1,-1;Shape_Leng "Shape_Leng" true true false 8 Double 0 0 ,First,#,I:\City of Windsor GDB\GDBCityofWindsor.gdb\ParksRec\Parks,Shape_Leng,-1,-1;Shorewall "Shorewall" true true false 254 Text 0 0 ,First,#,I:\City of Windsor GDB\GDBCityofWindsor.gdb\ParksRec\Parks,Shorewall,-1,-1;Soccer "Soccer" true true false 8 Double 0 0 ,First,#,I:\City of Windsor GDB\GDBCityofWindsor.gdb\ParksRec\Parks,Soccer,-1,-1;Spray_Pad "Spray_Pad" true true false 254 Text 0 0 ,First,#,I:\City of Windsor GDB\GDBCityofWindsor.gdb\ParksRec\Parks,Spray_Pad,-1,-1;Storage "Storage" true true false 254 Text 0 0 ,First,#,I:\City of Windsor GDB\GDBCityofWindsor.gdb\ParksRec\Parks,Storage,-1,-1;Swings "Swings" true true false 254 Text 0 0 ,First,#,I:\City of Windsor GDB\GDBCityofWindsor.gdb\ParksRec\Parks,Swings,-1,-1;Tennis "Tennis" true true false 8 Double 0 0 ,First,#,I:\City of Windsor GDB\GDBCityofWindsor.gdb\ParksRec\Parks,Tennis,-1,-1;Wading_Poo "Wading_Poo" true true false 254 Text 0 0 ,First,#,I:\City of Windsor GDB\GDBCityofWindsor.gdb\ParksRec\Parks,Wading_Poo,-1,-1;Ward "Ward" true true false 8 Double 0 0 ,First,#,I:\City of Windsor GDB\GDBCityofWindsor.gdb\ParksRec\Parks,Ward,-1,-1;Washrooms "Washrooms" true true false 254 Text 0 0 ,First,#,I:\City of Windsor GDB\GDBCityofWindsor.gdb\ParksRec\Parks,Washrooms,-1,-1;Zoning "Zoning" true true false 254 Text 0 0 ,First,#,I:\City of Windsor GDB\GDBCityofWindsor.gdb\ParksRec\Parks,Zoning,-1,-1;FeatId1 "FeatId1" true true false 8 Double 0 0 ,First,#,I:\City of Windsor GDB\GDBCityofWindsor.gdb\ParksRec\Parks,FeatId1,-1,-1;Amenity "Amenity" true true false 254 Text 0 0 ,First,#,I:\City of Windsor GDB\GDBCityofWindsor.gdb\ParksRec\Parks,Amenity,-1,-1;Shape_Length "Shape_Length" false true true 8 Double 0 0 ,First,#,I:\City of Windsor GDB\GDBCityofWindsor.gdb\ParksRec\Parks,Shape_Length,-1,-1;Shape_Area "Shape_Area" false true true 8 Double 0 0 ,First,#,I:\City of Windsor GDB\GDBCityofWindsor.gdb\ParksRec\Parks,Shape_Area,-1,-1" #</Process><Process ToolSource="c:\program files\arcgis\pro\Resources\ArcToolbox\toolboxes\Data Management Tools.tbx\CopyMultiple" Date="20200305" Time="092620">CopyMultiple "'\\smapdv01\arcgisserver\City of Windsor GDB\GDBCityofWindsor.gdb\Parks' FeatureClass" "K:\GIS Files\Parks\ParksUpdatesProcedure\ParkUpdateWorkingFiles.gdb" Parks "Parks FeatureClass Parks #"</Process><Process ToolSource="c:\program files (x86)\arcgis\desktop10.6\ArcToolbox\Toolboxes\Data Management Tools.tbx\AddGeometryAttributes" Date="20200305" Time="103047">AddGeometryAttributes RATSRATSRATSlayer CENTROID_INSIDE # # #</Process><Process ToolSource="c:\program files (x86)\arcgis\desktop10.6\ArcToolbox\Toolboxes\Data Management Tools.tbx\DeleteField" Date="20200305" Time="103049">DeleteField "K:\GIS Files\Parks\ParksUpdatesProcedure\ParkUpdateWorkingFiles.gdb\Parks" INSIDE_X;INSIDE_Y</Process><Process ToolSource="c:\program files (x86)\arcgis\desktop10.6\ArcToolbox\Toolboxes\Conversion Tools.tbx\FeatureClassToFeatureClass" Date="20200810" Time="085703">FeatureClassToFeatureClass "K:\GIS Files\Parks\ParksUpdatesProcedure\ParkUpdateWorkingFiles.gdb\Parks" "\\smapdv01\arcgisserver\City of Windsor GDB\GDBCityofWindsor.gdb\ParksRec" Parks # "LAYER "LAYER" true true false 254 Text 0 0 ,First,#,K:\GIS Files\Parks\ParksUpdatesProcedure\ParkUpdateWorkingFiles.gdb\Parks,LAYER,-1,-1;Arena "Arena" true true false 254 Text 0 0 ,First,#,K:\GIS Files\Parks\ParksUpdatesProcedure\ParkUpdateWorkingFiles.gdb\Parks,Arena,-1,-1;Asset_Numb "Asset_Numb" true true false 254 Text 0 0 ,First,#,K:\GIS Files\Parks\ParksUpdatesProcedure\ParkUpdateWorkingFiles.gdb\Parks,Asset_Numb,-1,-1;Baseball "Baseball" true true false 8 Double 0 0 ,First,#,K:\GIS Files\Parks\ParksUpdatesProcedure\ParkUpdateWorkingFiles.gdb\Parks,Baseball,-1,-1;Benches "Benches" true true false 8 Double 0 0 ,First,#,K:\GIS Files\Parks\ParksUpdatesProcedure\ParkUpdateWorkingFiles.gdb\Parks,Benches,-1,-1;Community_ "Community_" true true false 254 Text 0 0 ,First,#,K:\GIS Files\Parks\ParksUpdatesProcedure\ParkUpdateWorkingFiles.gdb\Parks,Community_,-1,-1;Cricket "Cricket" true true false 8 Double 0 0 ,First,#,K:\GIS Files\Parks\ParksUpdatesProcedure\ParkUpdateWorkingFiles.gdb\Parks,Cricket,-1,-1;Fencing "Fencing" true true false 254 Text 0 0 ,First,#,K:\GIS Files\Parks\ParksUpdatesProcedure\ParkUpdateWorkingFiles.gdb\Parks,Fencing,-1,-1;Garbage_Ca "Garbage_Ca" true true false 8 Double 0 0 ,First,#,K:\GIS Files\Parks\ParksUpdatesProcedure\ParkUpdateWorkingFiles.gdb\Parks,Garbage_Ca,-1,-1;Maintained "Maintained" true true false 8 Double 0 0 ,First,#,K:\GIS Files\Parks\ParksUpdatesProcedure\ParkUpdateWorkingFiles.gdb\Parks,Maintained,-1,-1;Municipal_ "Municipal_" true true false 254 Text 0 0 ,First,#,K:\GIS Files\Parks\ParksUpdatesProcedure\ParkUpdateWorkingFiles.gdb\Parks,Municipal_,-1,-1;Park_Acrea "Park_Acrea" true true false 8 Double 0 0 ,First,#,K:\GIS Files\Parks\ParksUpdatesProcedure\ParkUpdateWorkingFiles.gdb\Parks,Park_Acrea,-1,-1;Park_Name "Park_Name" true true false 254 Text 0 0 ,First,#,K:\GIS Files\Parks\ParksUpdatesProcedure\ParkUpdateWorkingFiles.gdb\Parks,Park_Name,-1,-1;Parking "Parking" true true false 8 Double 0 0 ,First,#,K:\GIS Files\Parks\ParksUpdatesProcedure\ParkUpdateWorkingFiles.gdb\Parks,Parking,-1,-1;Pathway "Pathway" true true false 254 Text 0 0 ,First,#,K:\GIS Files\Parks\ParksUpdatesProcedure\ParkUpdateWorkingFiles.gdb\Parks,Pathway,-1,-1;Picnic_She "Picnic_She" true true false 254 Text 0 0 ,First,#,K:\GIS Files\Parks\ParksUpdatesProcedure\ParkUpdateWorkingFiles.gdb\Parks,Picnic_She,-1,-1;Play_Unit "Play_Unit" true true false 254 Text 0 0 ,First,#,K:\GIS Files\Parks\ParksUpdatesProcedure\ParkUpdateWorkingFiles.gdb\Parks,Play_Unit,-1,-1;Pool "Pool" true true false 254 Text 0 0 ,First,#,K:\GIS Files\Parks\ParksUpdatesProcedure\ParkUpdateWorkingFiles.gdb\Parks,Pool,-1,-1;Shape_Leng "Shape_Leng" true true false 8 Double 0 0 ,First,#,K:\GIS Files\Parks\ParksUpdatesProcedure\ParkUpdateWorkingFiles.gdb\Parks,Shape_Leng,-1,-1;Shorewall "Shorewall" true true false 254 Text 0 0 ,First,#,K:\GIS Files\Parks\ParksUpdatesProcedure\ParkUpdateWorkingFiles.gdb\Parks,Shorewall,-1,-1;Soccer "Soccer" true true false 8 Double 0 0 ,First,#,K:\GIS Files\Parks\ParksUpdatesProcedure\ParkUpdateWorkingFiles.gdb\Parks,Soccer,-1,-1;Spray_Pad "Spray_Pad" true true false 254 Text 0 0 ,First,#,K:\GIS Files\Parks\ParksUpdatesProcedure\ParkUpdateWorkingFiles.gdb\Parks,Spray_Pad,-1,-1;Storage "Storage" true true false 254 Text 0 0 ,First,#,K:\GIS Files\Parks\ParksUpdatesProcedure\ParkUpdateWorkingFiles.gdb\Parks,Storage,-1,-1;Swings "Swings" true true false 254 Text 0 0 ,First,#,K:\GIS Files\Parks\ParksUpdatesProcedure\ParkUpdateWorkingFiles.gdb\Parks,Swings,-1,-1;Tennis "Tennis" true true false 8 Double 0 0 ,First,#,K:\GIS Files\Parks\ParksUpdatesProcedure\ParkUpdateWorkingFiles.gdb\Parks,Tennis,-1,-1;Wading_Poo "Wading_Poo" true true false 254 Text 0 0 ,First,#,K:\GIS Files\Parks\ParksUpdatesProcedure\ParkUpdateWorkingFiles.gdb\Parks,Wading_Poo,-1,-1;Ward "Ward" true true false 8 Double 0 0 ,First,#,K:\GIS Files\Parks\ParksUpdatesProcedure\ParkUpdateWorkingFiles.gdb\Parks,Ward,-1,-1;Washrooms "Washrooms" true true false 254 Text 0 0 ,First,#,K:\GIS Files\Parks\ParksUpdatesProcedure\ParkUpdateWorkingFiles.gdb\Parks,Washrooms,-1,-1;Zoning "Zoning" true true false 254 Text 0 0 ,First,#,K:\GIS Files\Parks\ParksUpdatesProcedure\ParkUpdateWorkingFiles.gdb\Parks,Zoning,-1,-1;FeatId1 "FeatId1" true true false 8 Double 0 0 ,First,#,K:\GIS Files\Parks\ParksUpdatesProcedure\ParkUpdateWorkingFiles.gdb\Parks,FeatId1,-1,-1;Amenity "Amenity" true true false 254 Text 0 0 ,First,#,K:\GIS Files\Parks\ParksUpdatesProcedure\ParkUpdateWorkingFiles.gdb\Parks,Amenity,-1,-1;Shape_Length "Shape_Length" false true true 8 Double 0 0 ,First,#,K:\GIS Files\Parks\ParksUpdatesProcedure\ParkUpdateWorkingFiles.gdb\Parks,Shape_Length,-1,-1;Shape_Area "Shape_Area" false true true 8 Double 0 0 ,First,#,K:\GIS Files\Parks\ParksUpdatesProcedure\ParkUpdateWorkingFiles.gdb\Parks,Shape_Area,-1,-1" #</Process><Process ToolSource="c:\program files\arcgis\pro\Resources\ArcToolbox\toolboxes\Data Management Tools.tbx\CopyFeatures" Date="20200908" Time="104556">CopyFeatures Parks "K:\Users\Neil Blair\GISCADTECH_August2020_PRESENT\PARKS EDITS\Parks Polygons Points Edits\Parks Shapes\Parks.shp" # # # #</Process><Process ToolSource="c:\program files\arcgis\pro\Resources\ArcToolbox\toolboxes\Data Management Tools.tbx\UpdateSchema" Date="20200908" Time="114023">UpdateSchema "CIMDATA=&lt;CIMStandardDataConnection xsi:type='typens:CIMStandardDataConnection' xmlns:xsi='http://www.w3.org/2001/XMLSchema-instance' xmlns:xs='http://www.w3.org/2001/XMLSchema' xmlns:typens='http://www.esri.com/schemas/ArcGIS/2.6.0'&gt;&lt;WorkspaceConnectionString&gt;DATABASE=K:\Users\Neil Blair\GISCADTECH_August2020_PRESENT\PARKS EDITS\Parks Polygons Points Edits\Parks Shapes&lt;/WorkspaceConnectionString&gt;&lt;WorkspaceFactory&gt;Shapefile&lt;/WorkspaceFactory&gt;&lt;Dataset&gt;Parks.shp&lt;/Dataset&gt;&lt;DatasetType&gt;esriDTFeatureClass&lt;/DatasetType&gt;&lt;/CIMStandardDataConnection&gt;" &lt;operationSequence&gt;&lt;workflow&gt;&lt;DeleteField&gt;&lt;field_name&gt;Arena&lt;/field_name&gt;&lt;field_name&gt;Baseball&lt;/field_name&gt;&lt;field_name&gt;Benches&lt;/field_name&gt;&lt;field_name&gt;Community_&lt;/field_name&gt;&lt;field_name&gt;Cricket&lt;/field_name&gt;&lt;field_name&gt;Fencing&lt;/field_name&gt;&lt;field_name&gt;Garbage_Ca&lt;/field_name&gt;&lt;field_name&gt;Maintained&lt;/field_name&gt;&lt;field_name&gt;Parking&lt;/field_name&gt;&lt;field_name&gt;Pathway&lt;/field_name&gt;&lt;field_name&gt;Picnic_She&lt;/field_name&gt;&lt;field_name&gt;Play_Unit&lt;/field_name&gt;&lt;field_name&gt;Pool&lt;/field_name&gt;&lt;field_name&gt;Shorewall&lt;/field_name&gt;&lt;field_name&gt;Soccer&lt;/field_name&gt;&lt;field_name&gt;Spray_Pad&lt;/field_name&gt;&lt;field_name&gt;Storage&lt;/field_name&gt;&lt;field_name&gt;Swings&lt;/field_name&gt;&lt;field_name&gt;Tennis&lt;/field_name&gt;&lt;field_name&gt;Wading_Poo&lt;/field_name&gt;&lt;field_name&gt;Washrooms&lt;/field_name&gt;&lt;/DeleteField&gt;&lt;/workflow&gt;&lt;/operationSequence&gt;</Process><Process ToolSource="c:\program files\arcgis\pro\Resources\ArcToolbox\Toolboxes\Data Management Tools.tbx\UpdateSchema" Date="20200908" Time="134409">UpdateSchema "CIMDATA=&lt;CIMStandardDataConnection xsi:type='typens:CIMStandardDataConnection' xmlns:xsi='http://www.w3.org/2001/XMLSchema-instance' xmlns:xs='http://www.w3.org/2001/XMLSchema' xmlns:typens='http://www.esri.com/schemas/ArcGIS/2.6.0'&gt;&lt;WorkspaceConnectionString&gt;DATABASE=K:\Users\Neil Blair\GISCADTECH_August2020_PRESENT\PARKS EDITS\Parks Polygons Points Edits\Parks Shapes\ParkLayers_Cleanup1&lt;/WorkspaceConnectionString&gt;&lt;WorkspaceFactory&gt;Shapefile&lt;/WorkspaceFactory&gt;&lt;Dataset&gt;Parks&lt;/Dataset&gt;&lt;DatasetType&gt;esriDTFeatureClass&lt;/DatasetType&gt;&lt;/CIMStandardDataConnection&gt;" &lt;operationSequence&gt;&lt;workflow&gt;&lt;AddField&gt;&lt;field_name&gt;ALIAS&lt;/field_name&gt;&lt;field_type&gt;TEXT&lt;/field_type&gt;&lt;field_length&gt;255&lt;/field_length&gt;&lt;field_is_nullable&gt;False&lt;/field_is_nullable&gt;&lt;field_is_required&gt;False&lt;/field_is_required&gt;&lt;/AddField&gt;&lt;/workflow&gt;&lt;/operationSequence&gt;</Process><Process ToolSource="c:\program files\arcgis\pro\Resources\ArcToolbox\Toolboxes\Data Management Tools.tbx\UpdateSchema" Date="20200909" Time="141801">UpdateSchema "CIMDATA=&lt;CIMStandardDataConnection xsi:type='typens:CIMStandardDataConnection' xmlns:xsi='http://www.w3.org/2001/XMLSchema-instance' xmlns:xs='http://www.w3.org/2001/XMLSchema' xmlns:typens='http://www.esri.com/schemas/ArcGIS/2.6.0'&gt;&lt;WorkspaceConnectionString&gt;DATABASE=\\Titan\Current\Users\Neil Blair\GISCADTECH_August2020_PRESENT\PARKS EDITS\Parks Polygons Points Edits\Parks Shapes\ParkLayers_Cleanup1&lt;/WorkspaceConnectionString&gt;&lt;WorkspaceFactory&gt;Shapefile&lt;/WorkspaceFactory&gt;&lt;Dataset&gt;Parks&lt;/Dataset&gt;&lt;DatasetType&gt;esriDTFeatureClass&lt;/DatasetType&gt;&lt;/CIMStandardDataConnection&gt;" &lt;operationSequence&gt;&lt;workflow&gt;&lt;DeleteField&gt;&lt;field_name&gt;Zoning&lt;/field_name&gt;&lt;field_name&gt;FeatId1&lt;/field_name&gt;&lt;field_name&gt;Shape_Le_1&lt;/field_name&gt;&lt;/DeleteField&gt;&lt;/workflow&gt;&lt;/operationSequence&gt;</Process><Process ToolSource="c:\program files\arcgis\pro\Resources\ArcToolbox\toolboxes\Data Management Tools.tbx\CalculateGeometryAttributes" Date="20200916" Time="095113">CalculateGeometryAttributes Parks "Park_Acrea AREA" # Acres PROJCS['NAD_1983_UTM_Zone_17N',GEOGCS['GCS_North_American_1983',DATUM['D_North_American_1983',SPHEROID['GRS_1980',6378137.0,298.257222101]],PRIMEM['Greenwich',0.0],UNIT['Degree',0.0174532925199433]],PROJECTION['Transverse_Mercator'],PARAMETER['False_Easting',500000.0],PARAMETER['False_Northing',0.0],PARAMETER['Central_Meridian',-81.0],PARAMETER['Scale_Factor',0.9996],PARAMETER['Latitude_Of_Origin',0.0],UNIT['Meter',1.0]] "Same as input"</Process><Process ToolSource="c:\program files\arcgis\pro\Resources\ArcToolbox\toolboxes\Data Management Tools.tbx\CalculateGeometryAttributes" Date="20200916" Time="095206">CalculateGeometryAttributes Parks "Shape_Leng PERIMETER_LENGTH" Meters # PROJCS['NAD_1983_UTM_Zone_17N',GEOGCS['GCS_North_American_1983',DATUM['D_North_American_1983',SPHEROID['GRS_1980',6378137.0,298.257222101]],PRIMEM['Greenwich',0.0],UNIT['Degree',0.0174532925199433]],PROJECTION['Transverse_Mercator'],PARAMETER['False_Easting',500000.0],PARAMETER['False_Northing',0.0],PARAMETER['Central_Meridian',-81.0],PARAMETER['Scale_Factor',0.9996],PARAMETER['Latitude_Of_Origin',0.0],UNIT['Meter',1.0]] "Same as input"</Process><Process ToolSource="c:\program files\arcgis\pro\Resources\ArcToolbox\toolboxes\Data Management Tools.tbx\CalculateGeometryAttributes" Date="20200916" Time="095457">CalculateGeometryAttributes Parks "Shape_Area AREA" # "Square meters" PROJCS['NAD_1983_UTM_Zone_17N',GEOGCS['GCS_North_American_1983',DATUM['D_North_American_1983',SPHEROID['GRS_1980',6378137.0,298.257222101]],PRIMEM['Greenwich',0.0],UNIT['Degree',0.0174532925199433]],PROJECTION['Transverse_Mercator'],PARAMETER['False_Easting',500000.0],PARAMETER['False_Northing',0.0],PARAMETER['Central_Meridian',-81.0],PARAMETER['Scale_Factor',0.9996],PARAMETER['Latitude_Of_Origin',0.0],UNIT['Meter',1.0]] "Same as input"</Process><Process ToolSource="c:\program files\arcgis\pro\Resources\ArcToolbox\Toolboxes\Data Management Tools.tbx\UpdateSchema" Date="20200916" Time="134716">UpdateSchema "CIMDATA=&lt;CIMStandardDataConnection xsi:type='typens:CIMStandardDataConnection' xmlns:xsi='http://www.w3.org/2001/XMLSchema-instance' xmlns:xs='http://www.w3.org/2001/XMLSchema' xmlns:typens='http://www.esri.com/schemas/ArcGIS/2.6.0'&gt;&lt;WorkspaceConnectionString&gt;DATABASE=\\Titan\Current\Users\Neil Blair\GISCADTECH_August2020_PRESENT\PARKS EDITS\Parks Polygons Points Edits\Parks Shapes\ParkLayers_Cleanup1&lt;/WorkspaceConnectionString&gt;&lt;WorkspaceFactory&gt;Shapefile&lt;/WorkspaceFactory&gt;&lt;Dataset&gt;Parks&lt;/Dataset&gt;&lt;DatasetType&gt;esriDTFeatureClass&lt;/DatasetType&gt;&lt;/CIMStandardDataConnection&gt;" &lt;operationSequence&gt;&lt;workflow&gt;&lt;AddField&gt;&lt;field_name&gt;X&lt;/field_name&gt;&lt;field_type&gt;DOUBLE&lt;/field_type&gt;&lt;field_is_nullable&gt;False&lt;/field_is_nullable&gt;&lt;field_is_required&gt;False&lt;/field_is_required&gt;&lt;/AddField&gt;&lt;/workflow&gt;&lt;workflow&gt;&lt;AddField&gt;&lt;field_name&gt;Y&lt;/field_name&gt;&lt;field_type&gt;DOUBLE&lt;/field_type&gt;&lt;field_is_nullable&gt;False&lt;/field_is_nullable&gt;&lt;field_is_required&gt;False&lt;/field_is_required&gt;&lt;/AddField&gt;&lt;/workflow&gt;&lt;/operationSequence&gt;</Process><Process ToolSource="c:\program files\arcgis\pro\Resources\ArcToolbox\toolboxes\Data Management Tools.tbx\CalculateGeometryAttributes" Date="20200916" Time="134803">CalculateGeometryAttributes Parks "X CENTROID_X" # # PROJCS['NAD_1983_UTM_Zone_17N',GEOGCS['GCS_North_American_1983',DATUM['D_North_American_1983',SPHEROID['GRS_1980',6378137.0,298.257222101]],PRIMEM['Greenwich',0.0],UNIT['Degree',0.0174532925199433]],PROJECTION['Transverse_Mercator'],PARAMETER['False_Easting',500000.0],PARAMETER['False_Northing',0.0],PARAMETER['Central_Meridian',-81.0],PARAMETER['Scale_Factor',0.9996],PARAMETER['Latitude_Of_Origin',0.0],UNIT['Meter',1.0]] "Same as input"</Process><Process ToolSource="c:\program files\arcgis\pro\Resources\ArcToolbox\toolboxes\Data Management Tools.tbx\CalculateGeometryAttributes" Date="20200916" Time="134850">CalculateGeometryAttributes Parks "Y CENTROID_Y" # # PROJCS['NAD_1983_UTM_Zone_17N',GEOGCS['GCS_North_American_1983',DATUM['D_North_American_1983',SPHEROID['GRS_1980',6378137.0,298.257222101]],PRIMEM['Greenwich',0.0],UNIT['Degree',0.0174532925199433]],PROJECTION['Transverse_Mercator'],PARAMETER['False_Easting',500000.0],PARAMETER['False_Northing',0.0],PARAMETER['Central_Meridian',-81.0],PARAMETER['Scale_Factor',0.9996],PARAMETER['Latitude_Of_Origin',0.0],UNIT['Meter',1.0]] "Same as input"</Process><Process ToolSource="c:\program files\arcgis\pro\Resources\ArcToolbox\toolboxes\Data Management Tools.tbx\CalculateGeometryAttributes" Date="20200928" Time="132849">CalculateGeometryAttributes Parks "Park_Acrea AREA" # Acres PROJCS['NAD_1983_UTM_Zone_17N',GEOGCS['GCS_North_American_1983',DATUM['D_North_American_1983',SPHEROID['GRS_1980',6378137.0,298.257222101]],PRIMEM['Greenwich',0.0],UNIT['Degree',0.0174532925199433]],PROJECTION['Transverse_Mercator'],PARAMETER['False_Easting',500000.0],PARAMETER['False_Northing',0.0],PARAMETER['Central_Meridian',-81.0],PARAMETER['Scale_Factor',0.9996],PARAMETER['Latitude_Of_Origin',0.0],UNIT['Meter',1.0]] "Same as input"</Process><Process ToolSource="c:\program files\arcgis\pro\Resources\ArcToolbox\toolboxes\Data Management Tools.tbx\CalculateGeometryAttributes" Date="20200928" Time="133011">CalculateGeometryAttributes Parks "Shape_Area AREA" # "Square meters" PROJCS['NAD_1983_UTM_Zone_17N',GEOGCS['GCS_North_American_1983',DATUM['D_North_American_1983',SPHEROID['GRS_1980',6378137.0,298.257222101]],PRIMEM['Greenwich',0.0],UNIT['Degree',0.0174532925199433]],PROJECTION['Transverse_Mercator'],PARAMETER['False_Easting',500000.0],PARAMETER['False_Northing',0.0],PARAMETER['Central_Meridian',-81.0],PARAMETER['Scale_Factor',0.9996],PARAMETER['Latitude_Of_Origin',0.0],UNIT['Meter',1.0]] "Same as input"</Process><Process ToolSource="c:\program files\arcgis\pro\Resources\ArcToolbox\toolboxes\Data Management Tools.tbx\CalculateGeometryAttributes" Date="20200928" Time="133044">CalculateGeometryAttributes Parks "X INSIDE_X" # # PROJCS['NAD_1983_UTM_Zone_17N',GEOGCS['GCS_North_American_1983',DATUM['D_North_American_1983',SPHEROID['GRS_1980',6378137.0,298.257222101]],PRIMEM['Greenwich',0.0],UNIT['Degree',0.0174532925199433]],PROJECTION['Transverse_Mercator'],PARAMETER['False_Easting',500000.0],PARAMETER['False_Northing',0.0],PARAMETER['Central_Meridian',-81.0],PARAMETER['Scale_Factor',0.9996],PARAMETER['Latitude_Of_Origin',0.0],UNIT['Meter',1.0]] "Same as input"</Process><Process ToolSource="c:\program files\arcgis\pro\Resources\ArcToolbox\toolboxes\Data Management Tools.tbx\CalculateGeometryAttributes" Date="20200928" Time="133100">CalculateGeometryAttributes Parks "Y INSIDE_Y" # # PROJCS['NAD_1983_UTM_Zone_17N',GEOGCS['GCS_North_American_1983',DATUM['D_North_American_1983',SPHEROID['GRS_1980',6378137.0,298.257222101]],PRIMEM['Greenwich',0.0],UNIT['Degree',0.0174532925199433]],PROJECTION['Transverse_Mercator'],PARAMETER['False_Easting',500000.0],PARAMETER['False_Northing',0.0],PARAMETER['Central_Meridian',-81.0],PARAMETER['Scale_Factor',0.9996],PARAMETER['Latitude_Of_Origin',0.0],UNIT['Meter',1.0]] "Same as input"</Process><Process ToolSource="c:\program files\arcgis\pro\Resources\ArcToolbox\toolboxes\Data Management Tools.tbx\CalculateGeometryAttributes" Date="20200928" Time="133132">CalculateGeometryAttributes Parks "Shape_Leng PERIMETER_LENGTH" Meters # PROJCS['NAD_1983_UTM_Zone_17N',GEOGCS['GCS_North_American_1983',DATUM['D_North_American_1983',SPHEROID['GRS_1980',6378137.0,298.257222101]],PRIMEM['Greenwich',0.0],UNIT['Degree',0.0174532925199433]],PROJECTION['Transverse_Mercator'],PARAMETER['False_Easting',500000.0],PARAMETER['False_Northing',0.0],PARAMETER['Central_Meridian',-81.0],PARAMETER['Scale_Factor',0.9996],PARAMETER['Latitude_Of_Origin',0.0],UNIT['Meter',1.0]] "Same as input"</Process><Process ToolSource="c:\program files\arcgis\pro\Resources\ArcToolbox\toolboxes\Data Management Tools.tbx\CalculateField" Date="20201013" Time="140021">CalculateField Parks ALIAS "!Park_Name! " Park"" "Python 3" # Text</Process><Process ToolSource="c:\program files\arcgis\pro\Resources\ArcToolbox\toolboxes\Data Management Tools.tbx\CalculateGeometryAttributes" Date="20201119" Time="135728">CalculateGeometryAttributes Parks "X INSIDE_X;Y INSIDE_Y" # # PROJCS['NAD_1983_UTM_Zone_17N',GEOGCS['GCS_North_American_1983',DATUM['D_North_American_1983',SPHEROID['GRS_1980',6378137.0,298.257222101]],PRIMEM['Greenwich',0.0],UNIT['Degree',0.0174532925199433]],PROJECTION['Transverse_Mercator'],PARAMETER['False_Easting',500000.0],PARAMETER['False_Northing',0.0],PARAMETER['Central_Meridian',-81.0],PARAMETER['Scale_Factor',0.9996],PARAMETER['Latitude_Of_Origin',0.0],UNIT['Meter',1.0]] "Same as input"</Process><Process ToolSource="c:\program files\arcgis\pro\Resources\ArcToolbox\toolboxes\Data Management Tools.tbx\CalculateGeometryAttributes" Date="20201119" Time="135822">CalculateGeometryAttributes Parks "Shape_Area AREA" # "Square meters" PROJCS['NAD_1983_UTM_Zone_17N',GEOGCS['GCS_North_American_1983',DATUM['D_North_American_1983',SPHEROID['GRS_1980',6378137.0,298.257222101]],PRIMEM['Greenwich',0.0],UNIT['Degree',0.0174532925199433]],PROJECTION['Transverse_Mercator'],PARAMETER['False_Easting',500000.0],PARAMETER['False_Northing',0.0],PARAMETER['Central_Meridian',-81.0],PARAMETER['Scale_Factor',0.9996],PARAMETER['Latitude_Of_Origin',0.0],UNIT['Meter',1.0]] "Same as input"</Process><Process ToolSource="c:\program files\arcgis\pro\Resources\ArcToolbox\toolboxes\Data Management Tools.tbx\CalculateGeometryAttributes" Date="20201119" Time="140022">CalculateGeometryAttributes Parks "Park_Acrea AREA" # Acres PROJCS['NAD_1983_UTM_Zone_17N',GEOGCS['GCS_North_American_1983',DATUM['D_North_American_1983',SPHEROID['GRS_1980',6378137.0,298.257222101]],PRIMEM['Greenwich',0.0],UNIT['Degree',0.0174532925199433]],PROJECTION['Transverse_Mercator'],PARAMETER['False_Easting',500000.0],PARAMETER['False_Northing',0.0],PARAMETER['Central_Meridian',-81.0],PARAMETER['Scale_Factor',0.9996],PARAMETER['Latitude_Of_Origin',0.0],UNIT['Meter',1.0]] "Same as input"</Process><Process ToolSource="c:\program files\arcgis\pro\Resources\ArcToolbox\toolboxes\Data Management Tools.tbx\CalculateGeometryAttributes" Date="20201119" Time="143822">CalculateGeometryAttributes Parks "Shape_Leng PERIMETER_LENGTH" Meters # PROJCS['NAD_1983_UTM_Zone_17N',GEOGCS['GCS_North_American_1983',DATUM['D_North_American_1983',SPHEROID['GRS_1980',6378137.0,298.257222101]],PRIMEM['Greenwich',0.0],UNIT['Degree',0.0174532925199433]],PROJECTION['Transverse_Mercator'],PARAMETER['False_Easting',500000.0],PARAMETER['False_Northing',0.0],PARAMETER['Central_Meridian',-81.0],PARAMETER['Scale_Factor',0.9996],PARAMETER['Latitude_Of_Origin',0.0],UNIT['Meter',1.0]] "Same as input"</Process><Process ToolSource="c:\program files\arcgis\pro\Resources\ArcToolbox\toolboxes\Data Management Tools.tbx\CopyFeatures" Date="20201201" Time="142854">CopyFeatures Parks "K:\Users\Neil Blair\GISCADTECH_August2020_PRESENT\PARKS EDITS\Parks Polygons Points Edits\Final Park Shapes\Parks.shp" # # # #</Process><Process ToolSource="c:\program files (x86)\arcgis\desktop10.6\ArcToolbox\Toolboxes\Conversion Tools.tbx\FeatureClassToFeatureClass" Date="20201202" Time="114522">FeatureClassToFeatureClass "K:\Users\Neil Blair\GISCADTECH_August2020_PRESENT\PARKS EDITS\Parks Polygons Points Edits\Final Park Shapes\Parks.shp" "\\smapdv01\arcgisserver\City of Windsor GDB\GDBCityofWindsor.gdb\ParksRec" Parks # "LAYER "LAYER" true true false 254 Text 0 0 ,First,#,K:\Users\Neil Blair\GISCADTECH_August2020_PRESENT\PARKS EDITS\Parks Polygons Points Edits\Final Park Shapes\Parks.shp,LAYER,-1,-1;Asset_Numb "Asset_Numb" true true false 254 Text 0 0 ,First,#,K:\Users\Neil Blair\GISCADTECH_August2020_PRESENT\PARKS EDITS\Parks Polygons Points Edits\Final Park Shapes\Parks.shp,Asset_Numb,-1,-1;Municipal_ "Municipal_" true true false 254 Text 0 0 ,First,#,K:\Users\Neil Blair\GISCADTECH_August2020_PRESENT\PARKS EDITS\Parks Polygons Points Edits\Final Park Shapes\Parks.shp,Municipal_,-1,-1;Park_Acrea "Park_Acrea" true true false 19 Double 0 0 ,First,#,K:\Users\Neil Blair\GISCADTECH_August2020_PRESENT\PARKS EDITS\Parks Polygons Points Edits\Final Park Shapes\Parks.shp,Park_Acrea,-1,-1;Park_Name "Park_Name" true true false 254 Text 0 0 ,First,#,K:\Users\Neil Blair\GISCADTECH_August2020_PRESENT\PARKS EDITS\Parks Polygons Points Edits\Final Park Shapes\Parks.shp,Park_Name,-1,-1;Shape_Leng "Shape_Leng" true true false 19 Double 0 0 ,First,#,K:\Users\Neil Blair\GISCADTECH_August2020_PRESENT\PARKS EDITS\Parks Polygons Points Edits\Final Park Shapes\Parks.shp,Shape_Leng,-1,-1;Ward "Ward" true true false 19 Double 0 0 ,First,#,K:\Users\Neil Blair\GISCADTECH_August2020_PRESENT\PARKS EDITS\Parks Polygons Points Edits\Final Park Shapes\Parks.shp,Ward,-1,-1;Amenity "Amenity" true true false 254 Text 0 0 ,First,#,K:\Users\Neil Blair\GISCADTECH_August2020_PRESENT\PARKS EDITS\Parks Polygons Points Edits\Final Park Shapes\Parks.shp,Amenity,-1,-1;Shape_Area "Shape_Area" true true false 19 Double 0 0 ,First,#,K:\Users\Neil Blair\GISCADTECH_August2020_PRESENT\PARKS EDITS\Parks Polygons Points Edits\Final Park Shapes\Parks.shp,Shape_Area,-1,-1;ALIAS "ALIAS" true true false 254 Text 0 0 ,First,#,K:\Users\Neil Blair\GISCADTECH_August2020_PRESENT\PARKS EDITS\Parks Polygons Points Edits\Final Park Shapes\Parks.shp,ALIAS,-1,-1;X "X" true true false 19 Double 0 0 ,First,#,K:\Users\Neil Blair\GISCADTECH_August2020_PRESENT\PARKS EDITS\Parks Polygons Points Edits\Final Park Shapes\Parks.shp,X,-1,-1;Y "Y" true true false 19 Double 0 0 ,First,#,K:\Users\Neil Blair\GISCADTECH_August2020_PRESENT\PARKS EDITS\Parks Polygons Points Edits\Final Park Shapes\Parks.shp,Y,-1,-1" #</Process><Process ToolSource="c:\program files (x86)\arcgis\desktop10.6\ArcToolbox\Toolboxes\Data Management Tools.tbx\CalculateField" Date="20201203" Time="161218">CalculateField "Parks as Points polygon outline" Asset_ID [Asset_Numb] VB #</Process><Process ToolSource="c:\program files (x86)\arcgis\desktop10.6\ArcToolbox\Toolboxes\Conversion Tools.tbx\FeatureClassToFeatureClass" Date="20201203" Time="163734">FeatureClassToFeatureClass "\\smapdv01\arcgisserver\City of Windsor GDB\GDBCityofWindsor.gdb\ParksRec\Parks" C:\garbage ParksDec2020.shp # "LAYER "LAYER" true true false 254 Text 0 0 ,First,#,\\smapdv01\arcgisserver\City of Windsor GDB\GDBCityofWindsor.gdb\ParksRec\Parks,LAYER,-1,-1;Asset_ID "Asset_ID" true true false 50 Text 0 0 ,First,#,\\smapdv01\arcgisserver\City of Windsor GDB\GDBCityofWindsor.gdb\ParksRec\Parks,Asset_ID,-1,-1;Asset_Numb "Asset_Numb" true true false 254 Text 0 0 ,First,#,\\smapdv01\arcgisserver\City of Windsor GDB\GDBCityofWindsor.gdb\ParksRec\Parks,Asset_Numb,-1,-1;Park_Name "Park_Name" true true false 254 Text 0 0 ,First,#,\\smapdv01\arcgisserver\City of Windsor GDB\GDBCityofWindsor.gdb\ParksRec\Parks,Park_Name,-1,-1;Municipal_ "Municipal_" true true false 254 Text 0 0 ,First,#,\\smapdv01\arcgisserver\City of Windsor GDB\GDBCityofWindsor.gdb\ParksRec\Parks,Municipal_,-1,-1;Park_Acrea "Park_Acrea" true true false 8 Double 0 0 ,First,#,\\smapdv01\arcgisserver\City of Windsor GDB\GDBCityofWindsor.gdb\ParksRec\Parks,Park_Acrea,-1,-1;Ward "Ward" true true false 8 Double 0 0 ,First,#,\\smapdv01\arcgisserver\City of Windsor GDB\GDBCityofWindsor.gdb\ParksRec\Parks,Ward,-1,-1;Amenity "Amenity" true true false 254 Text 0 0 ,First,#,\\smapdv01\arcgisserver\City of Windsor GDB\GDBCityofWindsor.gdb\ParksRec\Parks,Amenity,-1,-1;ALIAS "ALIAS" true true false 254 Text 0 0 ,First,#,\\smapdv01\arcgisserver\City of Windsor GDB\GDBCityofWindsor.gdb\ParksRec\Parks,ALIAS,-1,-1;X "X" true true false 8 Double 0 0 ,First,#,\\smapdv01\arcgisserver\City of Windsor GDB\GDBCityofWindsor.gdb\ParksRec\Parks,X,-1,-1;Y "Y" true true false 8 Double 0 0 ,First,#,\\smapdv01\arcgisserver\City of Windsor GDB\GDBCityofWindsor.gdb\ParksRec\Parks,Y,-1,-1;Shape_Leng "Shape_Leng" true true false 8 Double 0 0 ,First,#,\\smapdv01\arcgisserver\City of Windsor GDB\GDBCityofWindsor.gdb\ParksRec\Parks,Shape_Leng,-1,-1;Shape_Area "Shape_Area" false true true 8 Double 0 0 ,First,#,\\smapdv01\arcgisserver\City of Windsor GDB\GDBCityofWindsor.gdb\ParksRec\Parks,Shape_Area,-1,-1" #</Process><Process ToolSource="c:\program files (x86)\arcgis\desktop10.6\ArcToolbox\Toolboxes\Conversion Tools.tbx\FeatureClassToFeatureClass" Date="20201203" Time="164056">FeatureClassToFeatureClass C:\garbage\ParksDec2020.shp "\\smapdv01\arcgisserver\City of Windsor GDB\GDBCityofWindsor.gdb\ParksRec" Parks # "LAYER "LAYER" true true false 254 Text 0 0 ,First,#,C:\garbage\ParksDec2020.shp,LAYER,-1,-1;Asset_ID "Asset_ID" true true false 50 Text 0 0 ,First,#,C:\garbage\ParksDec2020.shp,Asset_ID,-1,-1;Park_Name "Park_Name" true true false 254 Text 0 0 ,First,#,C:\garbage\ParksDec2020.shp,Park_Name,-1,-1;Municipal_ "Municipal_" true true false 254 Text 0 0 ,First,#,C:\garbage\ParksDec2020.shp,Municipal_,-1,-1;Park_Acrea "Park_Acrea" true true false 19 Double 0 0 ,First,#,C:\garbage\ParksDec2020.shp,Park_Acrea,-1,-1;Ward "Ward" true true false 19 Double 0 0 ,First,#,C:\garbage\ParksDec2020.shp,Ward,-1,-1;Amenity "Amenity" true true false 254 Text 0 0 ,First,#,C:\garbage\ParksDec2020.shp,Amenity,-1,-1;ALIAS "ALIAS" true true false 254 Text 0 0 ,First,#,C:\garbage\ParksDec2020.shp,ALIAS,-1,-1;X "X" true true false 19 Double 0 0 ,First,#,C:\garbage\ParksDec2020.shp,X,-1,-1;Y "Y" true true false 19 Double 0 0 ,First,#,C:\garbage\ParksDec2020.shp,Y,-1,-1" #</Process><Process ToolSource="c:\program files (x86)\arcgis\desktop10.6\ArcToolbox\Toolboxes\Data Management Tools.tbx\CalculateField" Date="20210325" Time="154533">CalculateField Parks Municipal_ "352 Wellington Ave" VB #</Process><Process ToolSource="c:\program files (x86)\arcgis\desktop10.6\ArcToolbox\Toolboxes\Data Management Tools.tbx\CalculateField" Date="20210330" Time="162708">CalculateField Parks Website "https://www.citywindsor.ca/residents/parksandforestry/City-Parks/PublishingImages/AboriginalPark_GoogleStreetview.JPG" VB #</Process><Process ToolSource="c:\program files (x86)\arcgis\desktop10.6\ArcToolbox\Toolboxes\Data Management Tools.tbx\CalculateField" Date="20210330" Time="162740">CalculateField Parks Website "https://www.citywindsor.ca/residents/parksandforestry/City-Parks/PublishingImages/akopark-wide.jpg" VB #</Process><Process ToolSource="c:\program files (x86)\arcgis\desktop10.6\ArcToolbox\Toolboxes\Data Management Tools.tbx\CalculateField" Date="20210330" Time="162811">CalculateField Parks Website "https://www.citywindsor.ca/residents/parksandforestry/City-Parks/PublishingImages/assumption-park-wide.jpg" VB #</Process><Process ToolSource="c:\program files (x86)\arcgis\desktop10.6\ArcToolbox\Toolboxes\Data Management Tools.tbx\CalculateField" Date="20211207" Time="163519">CalculateField Parks GISID [Asset_ID] VB #</Process><Process ToolSource="c:\program files\arcgis\pro\Resources\ArcToolbox\toolboxes\Data Management Tools.tbx\CalculateGeometryAttributes" Date="20221216" Time="142334">CalculateGeometryAttributes GEODB.GISO.Parks "X CENTROID_X" # # PROJCS["NAD_1983_UTM_Zone_17N",GEOGCS["GCS_North_American_1983",DATUM["D_North_American_1983",SPHEROID["GRS_1980",6378137.0,298.257222101]],PRIMEM["Greenwich",0.0],UNIT["Degree",0.0174532925199433]],PROJECTION["Transverse_Mercator"],PARAMETER["False_Easting",500000.0],PARAMETER["False_Northing",0.0],PARAMETER["Central_Meridian",-81.0],PARAMETER["Scale_Factor",0.9996],PARAMETER["Latitude_Of_Origin",0.0],UNIT["Meter",1.0]] "Same as input"</Process><Process ToolSource="c:\program files\arcgis\pro\Resources\ArcToolbox\toolboxes\Data Management Tools.tbx\CalculateGeometryAttributes" Date="20221216" Time="142356">CalculateGeometryAttributes GEODB.GISO.Parks "Y CENTROID_Y" # # PROJCS["NAD_1983_UTM_Zone_17N",GEOGCS["GCS_North_American_1983",DATUM["D_North_American_1983",SPHEROID["GRS_1980",6378137.0,298.257222101]],PRIMEM["Greenwich",0.0],UNIT["Degree",0.0174532925199433]],PROJECTION["Transverse_Mercator"],PARAMETER["False_Easting",500000.0],PARAMETER["False_Northing",0.0],PARAMETER["Central_Meridian",-81.0],PARAMETER["Scale_Factor",0.9996],PARAMETER["Latitude_Of_Origin",0.0],UNIT["Meter",1.0]] "Same as input"</Process><Process ToolSource="c:\program files\arcgis\pro\Resources\ArcToolbox\toolboxes\Data Management Tools.tbx\CalculateGeometryAttributes" Date="20221216" Time="142446">CalculateGeometryAttributes GEODB.GISO.Parks "Park_Acrea AREA_GEODESIC" # "US Survey Acres" PROJCS["NAD_1983_UTM_Zone_17N",GEOGCS["GCS_North_American_1983",DATUM["D_North_American_1983",SPHEROID["GRS_1980",6378137.0,298.257222101]],PRIMEM["Greenwich",0.0],UNIT["Degree",0.0174532925199433]],PROJECTION["Transverse_Mercator"],PARAMETER["False_Easting",500000.0],PARAMETER["False_Northing",0.0],PARAMETER["Central_Meridian",-81.0],PARAMETER["Scale_Factor",0.9996],PARAMETER["Latitude_Of_Origin",0.0],UNIT["Meter",1.0]] "Same as input"</Process><Process ToolSource="c:\program files (x86)\arcgis\desktop10.6\ArcToolbox\Toolboxes\Conversion Tools.tbx\FeatureClassToFeatureClass" Date="20230502" Time="092526">FeatureClassToFeatureClass "Database Connections\Connection to PROD_SCORSQL03.sde\GEODB.GISO.ParksRec\GEODB.GISO.Parks" "\\smapdv01\arcgisserver\City of Windsor GDB\GDBCityofWindsor.gdb\ParksRec" Parks # "LAYER "LAYER" true true false 254 Text 0 0 ,First,#,Database Connections\Connection to PROD_SCORSQL03.sde\GEODB.GISO.ParksRec\GEODB.GISO.Parks,LAYER,-1,-1;Asset_ID "Asset_ID" true true false 50 Text 0 0 ,First,#,Database Connections\Connection to PROD_SCORSQL03.sde\GEODB.GISO.ParksRec\GEODB.GISO.Parks,Asset_ID,-1,-1;Park_Name "Park_Name" true true false 254 Text 0 0 ,First,#,Database Connections\Connection to PROD_SCORSQL03.sde\GEODB.GISO.ParksRec\GEODB.GISO.Parks,Park_Name,-1,-1;Municipal_ "Municipal_" true true false 254 Text 0 0 ,First,#,Database Connections\Connection to PROD_SCORSQL03.sde\GEODB.GISO.ParksRec\GEODB.GISO.Parks,Municipal_,-1,-1;Park_Acrea "Park_Acrea" true true false 8 Double 8 38 ,First,#,Database Connections\Connection to PROD_SCORSQL03.sde\GEODB.GISO.ParksRec\GEODB.GISO.Parks,Park_Acrea,-1,-1;Ward "Ward" true true false 8 Double 8 38 ,First,#,Database Connections\Connection to PROD_SCORSQL03.sde\GEODB.GISO.ParksRec\GEODB.GISO.Parks,Ward,-1,-1;Amenity "Amenity" true true false 254 Text 0 0 ,First,#,Database Connections\Connection to PROD_SCORSQL03.sde\GEODB.GISO.ParksRec\GEODB.GISO.Parks,Amenity,-1,-1;ALIAS "ALIAS" true true false 254 Text 0 0 ,First,#,Database Connections\Connection to PROD_SCORSQL03.sde\GEODB.GISO.ParksRec\GEODB.GISO.Parks,ALIAS,-1,-1;X "X" true true false 8 Double 8 38 ,First,#,Database Connections\Connection to PROD_SCORSQL03.sde\GEODB.GISO.ParksRec\GEODB.GISO.Parks,X,-1,-1;Y "Y" true true false 8 Double 8 38 ,First,#,Database Connections\Connection to PROD_SCORSQL03.sde\GEODB.GISO.ParksRec\GEODB.GISO.Parks,Y,-1,-1;ImageURL "ImageURL" true true false 254 Text 0 0 ,First,#,Database Connections\Connection to PROD_SCORSQL03.sde\GEODB.GISO.ParksRec\GEODB.GISO.Parks,ImageURL,-1,-1;GISID "GISID" true true false 254 Text 0 0 ,First,#,Database Connections\Connection to PROD_SCORSQL03.sde\GEODB.GISO.ParksRec\GEODB.GISO.Parks,GISID,-1,-1;created_user "created_user" false true false 255 Text 0 0 ,First,#,Database Connections\Connection to PROD_SCORSQL03.sde\GEODB.GISO.ParksRec\GEODB.GISO.Parks,created_user,-1,-1;created_date "created_date" false true false 8 Date 0 0 ,First,#,Database Connections\Connection to PROD_SCORSQL03.sde\GEODB.GISO.ParksRec\GEODB.GISO.Parks,created_date,-1,-1;last_edited_user "last_edited_user" false true false 255 Text 0 0 ,First,#,Database Connections\Connection to PROD_SCORSQL03.sde\GEODB.GISO.ParksRec\GEODB.GISO.Parks,last_edited_user,-1,-1;last_edited_date "last_edited_date" false true false 8 Date 0 0 ,First,#,Database Connections\Connection to PROD_SCORSQL03.sde\GEODB.GISO.ParksRec\GEODB.GISO.Parks,last_edited_date,-1,-1;Shape_STArea__ "Shape_STArea__" false false true 0 Double 0 0 ,First,#,Database Connections\Connection to PROD_SCORSQL03.sde\GEODB.GISO.ParksRec\GEODB.GISO.Parks,Shape.STArea(),-1,-1;Shape_STLength__ "Shape_STLength__" false false true 0 Double 0 0 ,First,#,Database Connections\Connection to PROD_SCORSQL03.sde\GEODB.GISO.ParksRec\GEODB.GISO.Parks,Shape.STLength(),-1,-1" #</Process><Process ToolSource="c:\program files (x86)\arcgis\desktop10.6\ArcToolbox\Toolboxes\Conversion Tools.tbx\FeatureClassToFeatureClass" Date="20230502" Time="143625">FeatureClassToFeatureClass "\\smapdv01\arcgisserver\City of Windsor GDB\GDBCityofWindsor.gdb\Parks" "K:\Open Data Files\Open Data 2023\May\Parks\RATSRATSRATS" Parks # "Park_Name "Park_Name" true true false 254 Text 0 0 ,First,#,\\smapdv01\arcgisserver\City of Windsor GDB\GDBCityofWindsor.gdb/ParksRec/Parks,Park_Name,-1,-1;ADDRESS "ADDRESS" true true false 254 Text 0 0 ,First,#,\\smapdv01\arcgisserver\City of Windsor GDB\GDBCityofWindsor.gdb/ParksRec/Parks,Municipal_,-1,-1" #</Process><Process ToolSource="c:\program files (x86)\arcgis\desktop10.6\ArcToolbox\Toolboxes\Conversion Tools.tbx\FeatureClassToFeatureClass" Date="20230502" Time="143629">FeatureClassToFeatureClass "K:\Open Data Files\Open Data 2023\May\Parks\RATSRATSRATS\Parks.shp" "K:\Open Data Files\Open Data 2023\May\Parks\RATSRATSRATS_UTM83" Parks_UTM83 # "Park_Name "Park_Name" true true false 254 Text 0 0 ,First,#,K:\Open Data Files\Open Data 2023\May\Parks\RATSRATSRATS\Parks.shp,Park_Name,-1,-1;ADDRESS "ADDRESS" true true false 254 Text 0 0 ,First,#,K:\Open Data Files\Open Data 2023\May\Parks\RATSRATSRATS\Parks.shp,ADDRESS,-1,-1" #</Process></lineage><LayerFile>{"type":"CIMLayerDocument","version":"2.6.0","build":24783,"layers":["CIMPATH=map/parks.xml"],"layerDefinitions":[{"type":"CIMFeatureLayer","name":"Parks","uRI":"CIMPATH=map/parks.xml","sourceModifiedTime":{"type":"TimeInstant"},"useSourceMetadata":true,"description":"Parks","layerElevation":{"type":"CIMLayerElevationSurface","mapElevationID":"{EC5B2FBC-2916-4B33-955E-0B65045F160C}"},"expanded":true,"layerType":"Operational","showLegends":true,"visibility":true,"displayCacheType":"Permanent","maxDisplayCacheAge":5,"showPopups":true,"serviceLayerID":-1,"refreshRate":-1,"refreshRateUnit":"esriTimeUnitsSeconds","autoGenerateFeatureTemplates":true,"featureElevationExpression":"0","featureTable":{"type":"CIMFeatureTable","displayField":"Park_Name","editable":true,"dataConnection":{"type":"CIMStandardDataConnection","workspaceConnectionString":"DATABASE=K:\\Users\\Neil Blair\\GISCADTECH_August2020_PRESENT\\PARKS EDITS\\Parks Polygons Points Edits\\Final Park Shapes","workspaceFactory":"Shapefile","dataset":"Parks","datasetType":"esriDTFeatureClass"},"studyAreaSpatialRel":"esriSpatialRelUndefined","searchOrder":"esriSearchOrderSpatial"},"htmlPopupEnabled":true,"selectable":true,"featureCacheType":"Session","displayFiltersType":"ByScale","labelClasses":[{"type":"CIMLabelClass","expression":"$feature.Park_Name","expressionEngine":"Arcade","featuresToLabel":"AllVisibleFeatures","maplexLabelPlacementProperties":{"type":"CIMMaplexLabelPlacementProperties","featureType":"Polygon","avoidPolygonHoles":true,"canOverrunFeature":true,"canPlaceLabelOutsidePolygon":true,"canRemoveOverlappingLabel":true,"canStackLabel":true,"connectionType":"Unambiguous","constrainOffset":"NoConstraint","contourAlignmentType":"Page","contourLadderType":"Straight","contourMaximumAngle":90,"enableConnection":true,"featureWeight":0,"fontHeightReductionLimit":4,"fontHeightReductionStep":0.5,"fontWidthReductionLimit":90,"fontWidthReductionStep":5,"graticuleAlignmentType":"Straight","keyNumberGroupName":"Default","labelBuffer":15,"labelLargestPolygon":true,"labelPriority":-1,"labelStackingProperties":{"type":"CIMMaplexLabelStackingProperties","stackAlignment":"ChooseBest","maximumNumberOfLines":3,"minimumNumberOfCharsPerLine":3,"maximumNumberOfCharsPerLine":24,"separators":[{"type":"CIMMaplexStackingSeparator","separator":" ","splitAfter":true},{"type":"CIMMaplexStackingSeparator","separator":",","visible":true,"splitAfter":true}]},"lineFeatureType":"General","linePlacementMethod":"OffsetCurvedFromLine","maximumLabelOverrun":80,"maximumLabelOverrunUnit":"Point","minimumFeatureSizeUnit":"Map","multiPartOption":"OneLabelPerPart","offsetAlongLineProperties":{"type":"CIMMaplexOffsetAlongLineProperties","placementMethod":"BestPositionAlongLine","labelAnchorPoint":"CenterOfLabel","distanceUnit":"Percentage","useLineDirection":true},"pointExternalZonePriorities":{"type":"CIMMaplexExternalZonePriorities","aboveLeft":4,"aboveCenter":2,"aboveRight":1,"centerRight":3,"belowRight":5,"belowCenter":7,"belowLeft":8,"centerLeft":6},"pointPlacementMethod":"AroundPoint","polygonAnchorPointType":"GeometricCenter","polygonBoundaryWeight":0,"polygonExternalZones":{"type":"CIMMaplexExternalZonePriorities","aboveLeft":4,"aboveCenter":2,"aboveRight":1,"centerRight":3,"belowRight":5,"belowCenter":7,"belowLeft":8,"centerLeft":6},"polygonFeatureType":"General","polygonInternalZones":{"type":"CIMMaplexInternalZonePriorities","center":1},"polygonPlacementMethod":"HorizontalInPolygon","primaryOffset":1,"primaryOffsetUnit":"Point","removeExtraWhiteSpace":true,"repetitionIntervalUnit":"Point","rotationProperties":{"type":"CIMMaplexRotationProperties","rotationType":"Arithmetic","alignmentType":"Straight"},"secondaryOffset":100,"strategyPriorities":{"type":"CIMMaplexStrategyPriorities","stacking":1,"overrun":2,"fontCompression":3,"fontReduction":4,"abbreviation":5},"thinningDistanceUnit":"Point","truncationMarkerCharacter":".","truncationMinimumLength":1,"truncationPreferredCharacters":"aeiou","truncationExcludedCharacters":"0123456789"},"name":"Class 1","priority":-1,"standardLabelPlacementProperties":{"type":"CIMStandardLabelPlacementProperties","featureType":"Line","featureWeight":"Low","labelWeight":"High","numLabelsOption":"OneLabelPerName","lineLabelPosition":{"type":"CIMStandardLineLabelPosition","above":true,"inLine":true,"parallel":true},"lineLabelPriorities":{"type":"CIMStandardLineLabelPriorities","aboveStart":3,"aboveAlong":3,"aboveEnd":3,"centerStart":3,"centerAlong":3,"centerEnd":3,"belowStart":3,"belowAlong":3,"belowEnd":3},"pointPlacementMethod":"AroundPoint","pointPlacementPriorities":{"type":"CIMStandardPointPlacementPriorities","aboveLeft":2,"aboveCenter":2,"aboveRight":1,"centerLeft":3,"centerRight":2,"belowLeft":3,"belowCenter":3,"belowRight":2},"rotationType":"Arithmetic","polygonPlacementMethod":"AlwaysHorizontal"},"textSymbol":{"type":"CIMSymbolReference","symbol":{"type":"CIMTextSymbol","blockProgression":"TTB","depth3D":1,"extrapolateBaselines":true,"fontEffects":"Normal","fontEncoding":"Unicode","fontFamilyName":"Tahoma","fontStyleName":"Regular","fontType":"Unspecified","haloSize":1,"height":10,"hinting":"Default","horizontalAlignment":"Left","kerning":true,"letterWidth":100,"ligatures":true,"lineGapType":"ExtraLeading","symbol":{"type":"CIMPolygonSymbol","symbolLayers":[{"type":"CIMSolidFill","enable":true,"color":{"type":"CIMRGBColor","values":[0,0,0,100]}}]},"textCase":"Normal","textDirection":"LTR","verticalAlignment":"Bottom","verticalGlyphOrientation":"Right","wordSpacing":100,"billboardMode3D":"FaceNearPlane"}},"useCodedValue":true,"visibility":true,"iD":-1}],"renderer":{"type":"CIMSimpleRenderer","patch":"Default","symbol":{"type":"CIMSymbolReference","symbol":{"type":"CIMPolygonSymbol","symbolLayers":[{"type":"CIMSolidStroke","enable":true,"capStyle":"Round","joinStyle":"Round","lineStyle3D":"Strip","miterLimit":10,"width":0.69999999999999996,"color":{"type":"CIMRGBColor","values":[110,110,110,100]}},{"type":"CIMSolidFill","enable":true,"color":{"type":"CIMRGBColor","values":[239.19,252.449999999999989,214.580000000000013,100]}}]}}},"scaleSymbols":true,"snappable":true}]}</LayerFile></DataProperties><SyncDate>20230502</SyncDate><SyncTime>14362900</SyncTime><ModDate>20230502</ModDate><ModTime>14362900</ModTime></Esri><dataIdInfo><envirDesc Sync="TRUE"> Version 6.2 (Build 9200) ; Esri ArcGIS 10.6.0.8321</envirDesc><dataLang><languageCode value="eng" Sync="TRUE"/><countryCode value="USA" Sync="TRUE"/></dataLang><idCitation><resTitle Sync="TRUE">Parks_UTM83</resTitle><presForm><PresFormCd value="005" Sync="TRUE"/></presForm></idCitation><spatRpType><SpatRepTypCd value="001" Sync="TRUE"/></spatRpType><dataExt><geoEle><GeoBndBox esriExtentType="search"><exTypeCode Sync="TRUE">1</exTypeCode><westBL Sync="TRUE">-83.100571</westBL><eastBL Sync="TRUE">-82.892834</eastBL><northBL Sync="TRUE">42.349620</northBL><southBL Sync="TRUE">42.233964</southBL></GeoBndBox></geoEle></dataExt></dataIdInfo><mdLang><languageCode value="eng" Sync="TRUE"/><countryCode value="USA" Sync="TRUE"/></mdLang><distInfo><distFormat><formatName Sync="TRUE">Shapefile</formatName></distFormat><distTranOps><transSize Sync="TRUE">0.000</transSize></distTranOps></distInfo><mdHrLv><ScopeCd value="005" Sync="TRUE"/></mdHrLv><mdHrLvName Sync="TRUE">dataset</mdHrLvName><refSysInfo><RefSystem><refSysID><identCode code="26917" Sync="TRUE"/><idCodeSpace Sync="TRUE">EPSG</idCodeSpace><idVersion Sync="TRUE">6.13(3.0.1)</idVersion></refSysID></RefSystem></refSysInfo><spatRepInfo><VectSpatRep><geometObjs Name="Parks_UTM83"><geoObjTyp><GeoObjTypCd value="002" Sync="TRUE"></GeoObjTypCd></geoObjTyp><geoObjCnt Sync="TRUE">0</geoObjCnt></geometObjs><topLvl><TopoLevCd value="001" Sync="TRUE"></TopoLevCd></topLvl></VectSpatRep></spatRepInfo><spdoinfo><ptvctinf><esriterm Name="Parks_UTM83"><efeatyp Sync="TRUE">Simple</efeatyp><efeageom code="4" Sync="TRUE"></efeageom><esritopo Sync="TRUE">FALSE</esritopo><efeacnt Sync="TRUE">0</efeacnt><spindex Sync="TRUE">FALSE</spindex><linrefer Sync="TRUE">FALSE</linrefer></esriterm></ptvctinf></spdoinfo><eainfo><detailed Name="Parks_UTM83"><enttyp><enttypl Sync="TRUE">Parks_UTM83</enttypl><enttypt Sync="TRUE">Feature Class</enttypt><enttypc Sync="TRUE">0</enttypc></enttyp><attr><attrlabl Sync="TRUE">FID</attrlabl><attalias Sync="TRUE">FID</attalias><attrtype Sync="TRUE">OID</attrtype><attwidth Sync="TRUE">4</attwidth><atprecis Sync="TRUE">0</atprecis><attscale Sync="TRUE">0</attscale><attrdef Sync="TRUE">Internal feature number.</attrdef><attrdefs Sync="TRUE">Esri</attrdefs><attrdomv><udom Sync="TRUE">Sequential unique whole numbers that are automatically generated.</udom></attrdomv></attr><attr><attrlabl Sync="TRUE">Shape</attrlabl><attalias Sync="TRUE">Shape</attalias><attrtype Sync="TRUE">Geometry</attrtype><attwidth Sync="TRUE">0</attwidth><atprecis Sync="TRUE">0</atprecis><attscale Sync="TRUE">0</attscale><attrdef Sync="TRUE">Feature geometry.</attrdef><attrdefs Sync="TRUE">Esri</attrdefs><attrdomv><udom Sync="TRUE">Coordinates defining the features.</udom></attrdomv></attr><attr><attrlabl Sync="TRUE">Park_Name</attrlabl><attalias Sync="TRUE">Park_Name</attalias><attrtype Sync="TRUE">String</attrtype><attwidth Sync="TRUE">254</attwidth><atprecis Sync="TRUE">0</atprecis><attscale Sync="TRUE">0</attscale></attr><attr><attrlabl Sync="TRUE">ADDRESS</attrlabl><attalias Sync="TRUE">ADDRESS</attalias><attrtype Sync="TRUE">String</attrtype><attwidth Sync="TRUE">254</attwidth><atprecis Sync="TRUE">0</atprecis><attscale Sync="TRUE">0</attscale></attr></detailed></eainfo><mdDateSt Sync="TRUE">20230502</mdDateSt></metadata>
