<metadata xml:lang="en"><Esri><CreaDate>20220804</CreaDate><CreaTime>09205300</CreaTime><ArcGISFormat>1.0</ArcGISFormat><ArcGISstyle>XTools Pro Metadata</ArcGISstyle><SyncOnce>FALSE</SyncOnce><DataProperties><itemProps><itemName Sync="TRUE">Trails_UTM83</itemName><imsContentType Sync="TRUE">002</imsContentType><itemSize Sync="TRUE">0.000</itemSize><itemLocation><linkage Sync="TRUE">file://\\corp.windsor\GIS\Current\Open Data Files\Open Data 2023\May\Trails\RATSRATSRATS_UTM83\Trails_UTM83.shp</linkage><protocol Sync="TRUE">Local Area Network</protocol></itemLocation><nativeExtBox><westBL Sync="TRUE">327544.625100</westBL><eastBL Sync="TRUE">344126.721000</eastBL><southBL Sync="TRUE">4677929.174900</southBL><northBL Sync="TRUE">4689477.615600</northBL><exTypeCode Sync="TRUE">1</exTypeCode></nativeExtBox></itemProps><coordRef><type Sync="TRUE">Projected</type><geogcsn Sync="TRUE">GCS_North_American_1983</geogcsn><csUnits Sync="TRUE">Linear Unit: Meter (1.000000)</csUnits><projcsn Sync="TRUE">NAD_1983_UTM_Zone_17N</projcsn><peXml Sync="TRUE">&lt;ProjectedCoordinateSystem xsi:type='typens:ProjectedCoordinateSystem' xmlns:xsi='http://www.w3.org/2001/XMLSchema-instance' xmlns:xs='http://www.w3.org/2001/XMLSchema' xmlns:typens='http://www.esri.com/schemas/ArcGIS/10.6'&gt;&lt;WKT&gt;PROJCS[&amp;quot;NAD_1983_UTM_Zone_17N&amp;quot;,GEOGCS[&amp;quot;GCS_North_American_1983&amp;quot;,DATUM[&amp;quot;D_North_American_1983&amp;quot;,SPHEROID[&amp;quot;GRS_1980&amp;quot;,6378137.0,298.257222101]],PRIMEM[&amp;quot;Greenwich&amp;quot;,0.0],UNIT[&amp;quot;Degree&amp;quot;,0.0174532925199433]],PROJECTION[&amp;quot;Transverse_Mercator&amp;quot;],PARAMETER[&amp;quot;False_Easting&amp;quot;,500000.0],PARAMETER[&amp;quot;False_Northing&amp;quot;,0.0],PARAMETER[&amp;quot;Central_Meridian&amp;quot;,-81.0],PARAMETER[&amp;quot;Scale_Factor&amp;quot;,0.9996],PARAMETER[&amp;quot;Latitude_Of_Origin&amp;quot;,0.0],UNIT[&amp;quot;Meter&amp;quot;,1.0],AUTHORITY[&amp;quot;EPSG&amp;quot;,26917]]&lt;/WKT&gt;&lt;XOrigin&gt;-5120900&lt;/XOrigin&gt;&lt;YOrigin&gt;-9998100&lt;/YOrigin&gt;&lt;XYScale&gt;450445547.3910538&lt;/XYScale&gt;&lt;ZOrigin&gt;-100000&lt;/ZOrigin&gt;&lt;ZScale&gt;10000&lt;/ZScale&gt;&lt;MOrigin&gt;-100000&lt;/MOrigin&gt;&lt;MScale&gt;10000&lt;/MScale&gt;&lt;XYTolerance&gt;0.001&lt;/XYTolerance&gt;&lt;ZTolerance&gt;0.001&lt;/ZTolerance&gt;&lt;MTolerance&gt;0.001&lt;/MTolerance&gt;&lt;HighPrecision&gt;true&lt;/HighPrecision&gt;&lt;WKID&gt;26917&lt;/WKID&gt;&lt;LatestWKID&gt;26917&lt;/LatestWKID&gt;&lt;/ProjectedCoordinateSystem&gt;</peXml></coordRef><lineage><Process ToolSource="c:\program files (x86)\arcgis\desktop10.6\ArcToolbox\Toolboxes\Data Management Tools.tbx\CalculateField" Date="20210729" Time="143714">CalculateField All_City_Trails_and_Paths OWNERSHIP "Parks" VB #</Process><Process ToolSource="c:\program files (x86)\arcgis\desktop10.6\ArcToolbox\Toolboxes\Data Management Tools.tbx\CalculateField" Date="20211004" Time="092030">CalculateField All_City_Trails_and_Paths_GOOD GISID ""GISID_"&amp; [OBJECTID_1]" VB #</Process><Process ToolSource="c:\program files (x86)\arcgis\desktop10.6\ArcToolbox\Toolboxes\Data Management Tools.tbx\CalculateField" Date="20211006" Time="125929">CalculateField All_City_Trails_and_Paths_GOOD LAND "PATHWAY THROUGH PARCELS" VB #</Process><Process ToolSource="c:\program files (x86)\arcgis\desktop10.6\ArcToolbox\Toolboxes\Data Management Tools.tbx\CalculateField" Date="20211006" Time="132110">CalculateField All_City_Trails_and_Paths_GOOD GISID ""GISID_"&amp; [OBJECTID]" VB #</Process><Process ToolSource="c:\program files (x86)\arcgis\desktop10.6\ArcToolbox\Toolboxes\Data Management Tools.tbx\CalculateField" Date="20211006" Time="132541">CalculateField All_City_Trails_and_Paths_GOOD GISID ""GISID_"&amp; [OBJECTID]" VB #</Process><Process ToolSource="c:\program files (x86)\arcgis\desktop10.6\ArcToolbox\Toolboxes\Data Management Tools.tbx\CalculateField" Date="20211207" Time="133932">CalculateField All_City_Trails_and_Paths_GOOD GISID "GISID_695" VB #</Process><Process ToolSource="c:\program files (x86)\arcgis\desktop10.6\ArcToolbox\Toolboxes\Data Management Tools.tbx\CalculateField" Date="20211217" Time="143212">CalculateField All_City_Trails_and_Paths TRAILTYPE "Multi-use Trail" VB #</Process><Process ToolSource="c:\program files (x86)\arcgis\desktop10.6\ArcToolbox\Toolboxes\Data Management Tools.tbx\CalculateField" Date="20211217" Time="143253">CalculateField All_City_Trails_and_Paths LAND "ROW" VB #</Process><Process ToolSource="c:\program files (x86)\arcgis\desktop10.6\ArcToolbox\Toolboxes\Data Management Tools.tbx\CalculateField" Date="20211217" Time="143403">CalculateField All_City_Trails_and_Paths Facility_T "Off Street Pathway/Multi-use Pathways" VB #</Process><Process ToolSource="c:\program files (x86)\arcgis\desktop10.6\ArcToolbox\Toolboxes\Data Management Tools.tbx\CalculateField" Date="20220126" Time="114345">CalculateField All_City_Trails_and_Paths_GOOD STATUS "COMPLETE - N/A" VB #</Process><Process ToolSource="c:\program files (x86)\arcgis\desktop10.6\ArcToolbox\Toolboxes\Data Management Tools.tbx\CalculateField" Date="20220126" Time="130211">CalculateField All_City_Trails_and_Paths_GOOD STATUS "COMPLETE" VB #</Process><Process ToolSource="c:\program files (x86)\arcgis\desktop10.6\ArcToolbox\Toolboxes\Data Management Tools.tbx\CalculateField" Date="20220126" Time="130603">CalculateField All_City_Trails_and_Paths_GOOD TRAILTYPE "Multi-useTrail" VB #</Process><Process ToolSource="c:\program files (x86)\arcgis\desktop10.6\ArcToolbox\Toolboxes\Data Management Tools.tbx\CalculateField" Date="20220126" Time="130626">CalculateField All_City_Trails_and_Paths_GOOD LAND "ROW" VB #</Process><Process ToolSource="c:\program files (x86)\arcgis\desktop10.6\ArcToolbox\Toolboxes\Data Management Tools.tbx\CalculateField" Date="20220126" Time="130911">CalculateField All_City_Trails_and_Paths_GOOD Facility_T "Off Street Pathway/Multi-use Pathways" VB #</Process><Process ToolSource="c:\program files (x86)\arcgis\desktop10.6\ArcToolbox\Toolboxes\Data Management Tools.tbx\CalculateField" Date="20220126" Time="130928">CalculateField All_City_Trails_and_Paths_GOOD Future_ST "" VB #</Process><Process ToolSource="c:\program files (x86)\arcgis\desktop10.6\ArcToolbox\Toolboxes\Data Management Tools.tbx\CalculateField" Date="20220126" Time="131016">CalculateField All_City_Trails_and_Paths_GOOD TRAILTYPE "Multi-useTrail" VB #</Process><Process ToolSource="c:\program files (x86)\arcgis\desktop10.6\ArcToolbox\Toolboxes\Data Management Tools.tbx\CalculateField" Date="20220126" Time="131031">CalculateField All_City_Trails_and_Paths_GOOD LAND "ROW" VB #</Process><Process ToolSource="c:\program files (x86)\arcgis\desktop10.6\ArcToolbox\Toolboxes\Data Management Tools.tbx\CalculateField" Date="20220126" Time="140321">CalculateField All_City_Trails_and_Paths_GOOD STATUS "FUTURE" VB #</Process><Process ToolSource="c:\program files (x86)\arcgis\desktop10.6\ArcToolbox\Toolboxes\Data Management Tools.tbx\CalculateField" Date="20220126" Time="140412">CalculateField All_City_Trails_and_Paths_GOOD Future_ST "Off Street Pathway/Multi-use Pathways" VB #</Process><Process ToolSource="c:\program files (x86)\arcgis\desktop10.6\ArcToolbox\Toolboxes\Data Management Tools.tbx\CalculateField" Date="20220126" Time="140421">CalculateField All_City_Trails_and_Paths_GOOD Facility_T "" VB #</Process><Process ToolSource="c:\program files (x86)\arcgis\desktop10.6\ArcToolbox\Toolboxes\Data Management Tools.tbx\CalculateField" Date="20220127" Time="091134">CalculateField All_City_Trails_and_Paths_GOOD Facility_T "" VB #</Process><Process ToolSource="c:\program files (x86)\arcgis\desktop10.6\ArcToolbox\Toolboxes\Data Management Tools.tbx\CalculateField" Date="20220128" Time="144947">CalculateField All_City_Trails_and_Paths_GOOD TRAILTYPE "Multi-use Trail" VB #</Process><Process ToolSource="c:\program files (x86)\arcgis\desktop10.6\ArcToolbox\Toolboxes\Data Management Tools.tbx\CalculateField" Date="20220202" Time="082222">CalculateField All_City_Trails_and_Paths Facility_T "N/A" VB #</Process><Process ToolSource="c:\program files (x86)\arcgis\desktop10.6\ArcToolbox\Toolboxes\Data Management Tools.tbx\CalculateField" Date="20220202" Time="082407">CalculateField All_City_Trails_and_Paths Facility_T "Off Street Pathway/Multi-use Pathways" VB #</Process><Process ToolSource="c:\program files (x86)\arcgis\desktop10.6\ArcToolbox\Toolboxes\Data Management Tools.tbx\CalculateField" Date="20220202" Time="082415">CalculateField All_City_Trails_and_Paths Future_ST "Off Street Pathway/Multi-use Pathways" VB #</Process><Process ToolSource="c:\program files (x86)\arcgis\desktop10.6\ArcToolbox\Toolboxes\Data Management Tools.tbx\CalculateField" Date="20220202" Time="082445">CalculateField All_City_Trails_and_Paths Facility_T "" VB #</Process><Process ToolSource="c:\program files (x86)\arcgis\desktop10.6\ArcToolbox\Toolboxes\Data Management Tools.tbx\CalculateField" Date="20220202" Time="082533">CalculateField All_City_Trails_and_Paths Future_ST "Off Street Pathway/Multi-use Pathways" VB #</Process><Process ToolSource="c:\program files (x86)\arcgis\desktop10.6\ArcToolbox\Toolboxes\Data Management Tools.tbx\CalculateField" Date="20220224" Time="125059">CalculateField All_City_Trails_and_Paths_GOOD Surface "Asphalt" VB #</Process><Process ToolSource="c:\program files (x86)\arcgis\desktop10.6\ArcToolbox\Toolboxes\Data Management Tools.tbx\CalculateField" Date="20220225" Time="100958">CalculateField All_City_Trails_and_Paths_GOOD STATUS "PLANNED" VB #</Process><Process ToolSource="c:\program files (x86)\arcgis\desktop10.6\ArcToolbox\Toolboxes\Data Management Tools.tbx\CalculateField" Date="20220225" Time="101038">CalculateField All_City_Trails_and_Paths_GOOD Future_ST "Off Street Pathway/Multi-use Pathways" VB #</Process><Process ToolSource="c:\program files (x86)\arcgis\desktop10.6\ArcToolbox\Toolboxes\Data Management Tools.tbx\CalculateField" Date="20220225" Time="101049">CalculateField All_City_Trails_and_Paths_GOOD Facility_T "" VB #</Process><Process ToolSource="c:\program files (x86)\arcgis\desktop10.6\ArcToolbox\Toolboxes\Data Management Tools.tbx\CalculateField" Date="20220225" Time="103223">CalculateField All_City_Trails_and_Paths_GOOD ST_COMPKEY "357411" VB #</Process><Process ToolSource="c:\program files (x86)\arcgis\desktop10.6\ArcToolbox\Toolboxes\Data Management Tools.tbx\CalculateField" Date="20220225" Time="103254">CalculateField All_City_Trails_and_Paths_GOOD ST_COMPKEY "357412" VB #</Process><Process ToolSource="c:\program files (x86)\arcgis\desktop10.6\ArcToolbox\Toolboxes\Data Management Tools.tbx\CalculateField" Date="20220225" Time="103327">CalculateField All_City_Trails_and_Paths_GOOD ST_COMPKEY "357413" VB #</Process><Process ToolSource="c:\program files (x86)\arcgis\desktop10.6\ArcToolbox\Toolboxes\Data Management Tools.tbx\CalculateField" Date="20220225" Time="103401">CalculateField All_City_Trails_and_Paths_GOOD ST_COMPKEY "357414" VB #</Process><Process ToolSource="c:\program files (x86)\arcgis\desktop10.6\ArcToolbox\Toolboxes\Data Management Tools.tbx\CalculateField" Date="20220225" Time="103431">CalculateField All_City_Trails_and_Paths_GOOD ST_COMPKEY "357415" VB #</Process><Process ToolSource="c:\program files (x86)\arcgis\desktop10.6\ArcToolbox\Toolboxes\Data Management Tools.tbx\CalculateField" Date="20220225" Time="103925">CalculateField All_City_Trails_and_Paths_GOOD GISID [ST_COMPKEY]&amp;"_AT" VB #</Process><Process ToolSource="c:\program files\arcgis\pro\Resources\ArcToolbox\toolboxes\Data Management Tools.tbx\CalculateGeometryAttributes" Date="20221221" Time="152135">CalculateGeometryAttributes GEODB.GISO.All_City_Trails_and_Paths_GOOD "Shape_Leng LENGTH" Meters # # "Same as input"</Process><Process ToolSource="c:\program files\arcgis\pro\Resources\ArcToolbox\toolboxes\Data Management Tools.tbx\CalculateGeometryAttributes" Date="20221222" Time="131759">CalculateGeometryAttributes GEODB.GISO.All_City_Trails_and_Paths_GOOD "Shape_Leng LENGTH" Meters # # "Same as input"</Process><Process ToolSource="c:\program files\arcgis\pro\Resources\ArcToolbox\toolboxes\Data Management Tools.tbx\CalculateGeometryAttributes" Date="20230213" Time="123655">CalculateGeometryAttributes GEODB.GISO.All_City_Trails_and_Paths_GOOD "Shape_Leng LENGTH" Meters # PROJCS["NAD_1983_UTM_Zone_17N",GEOGCS["GCS_North_American_1983",DATUM["D_North_American_1983",SPHEROID["GRS_1980",6378137.0,298.257222101]],PRIMEM["Greenwich",0.0],UNIT["Degree",0.0174532925199433]],PROJECTION["Transverse_Mercator"],PARAMETER["False_Easting",500000.0],PARAMETER["False_Northing",0.0],PARAMETER["Central_Meridian",-81.0],PARAMETER["Scale_Factor",0.9996],PARAMETER["Latitude_Of_Origin",0.0],UNIT["Meter",1.0]] "Same as input"</Process><Process ToolSource="c:\program files\arcgis\pro\Resources\ArcToolbox\toolboxes\Data Management Tools.tbx\CalculateGeometryAttributes" Date="20230213" Time="130321">CalculateGeometryAttributes GEODB.GISO.All_City_Trails_and_Paths_GOOD "Shape_Leng LENGTH" Meters # PROJCS["NAD_1983_UTM_Zone_17N",GEOGCS["GCS_North_American_1983",DATUM["D_North_American_1983",SPHEROID["GRS_1980",6378137.0,298.257222101]],PRIMEM["Greenwich",0.0],UNIT["Degree",0.0174532925199433]],PROJECTION["Transverse_Mercator"],PARAMETER["False_Easting",500000.0],PARAMETER["False_Northing",0.0],PARAMETER["Central_Meridian",-81.0],PARAMETER["Scale_Factor",0.9996],PARAMETER["Latitude_Of_Origin",0.0],UNIT["Meter",1.0]] "Same as input"</Process><Process ToolSource="c:\program files\arcgis\pro\Resources\ArcToolbox\toolboxes\Data Management Tools.tbx\CalculateGeometryAttributes" Date="20230213" Time="132247">CalculateGeometryAttributes GEODB.GISO.All_City_Trails_and_Paths_GOOD "Shape_Leng LENGTH" Meters # PROJCS["NAD_1983_UTM_Zone_17N",GEOGCS["GCS_North_American_1983",DATUM["D_North_American_1983",SPHEROID["GRS_1980",6378137.0,298.257222101]],PRIMEM["Greenwich",0.0],UNIT["Degree",0.0174532925199433]],PROJECTION["Transverse_Mercator"],PARAMETER["False_Easting",500000.0],PARAMETER["False_Northing",0.0],PARAMETER["Central_Meridian",-81.0],PARAMETER["Scale_Factor",0.9996],PARAMETER["Latitude_Of_Origin",0.0],UNIT["Meter",1.0]] "Same as input"</Process><Process ToolSource="c:\program files\arcgis\pro\Resources\ArcToolbox\toolboxes\Data Management Tools.tbx\CalculateGeometryAttributes" Date="20230213" Time="132955">CalculateGeometryAttributes GEODB.GISO.All_City_Trails_and_Paths_GOOD "Shape_Leng LENGTH" Meters # PROJCS["NAD_1983_UTM_Zone_17N",GEOGCS["GCS_North_American_1983",DATUM["D_North_American_1983",SPHEROID["GRS_1980",6378137.0,298.257222101]],PRIMEM["Greenwich",0.0],UNIT["Degree",0.0174532925199433]],PROJECTION["Transverse_Mercator"],PARAMETER["False_Easting",500000.0],PARAMETER["False_Northing",0.0],PARAMETER["Central_Meridian",-81.0],PARAMETER["Scale_Factor",0.9996],PARAMETER["Latitude_Of_Origin",0.0],UNIT["Meter",1.0]] "Same as input"</Process><Process ToolSource="c:\program files\arcgis\pro\Resources\ArcToolbox\toolboxes\Data Management Tools.tbx\CalculateGeometryAttributes" Date="20230213" Time="133205">CalculateGeometryAttributes GEODB.GISO.All_City_Trails_and_Paths_GOOD "Shape_Leng LENGTH" Meters # PROJCS["NAD_1983_UTM_Zone_17N",GEOGCS["GCS_North_American_1983",DATUM["D_North_American_1983",SPHEROID["GRS_1980",6378137.0,298.257222101]],PRIMEM["Greenwich",0.0],UNIT["Degree",0.0174532925199433]],PROJECTION["Transverse_Mercator"],PARAMETER["False_Easting",500000.0],PARAMETER["False_Northing",0.0],PARAMETER["Central_Meridian",-81.0],PARAMETER["Scale_Factor",0.9996],PARAMETER["Latitude_Of_Origin",0.0],UNIT["Meter",1.0]] "Same as input"</Process><Process ToolSource="c:\program files\arcgis\pro\Resources\ArcToolbox\toolboxes\Data Management Tools.tbx\CalculateGeometryAttributes" Date="20230213" Time="133701">CalculateGeometryAttributes GEODB.GISO.All_City_Trails_and_Paths_GOOD "Shape_Leng LENGTH" Meters # PROJCS["NAD_1983_UTM_Zone_17N",GEOGCS["GCS_North_American_1983",DATUM["D_North_American_1983",SPHEROID["GRS_1980",6378137.0,298.257222101]],PRIMEM["Greenwich",0.0],UNIT["Degree",0.0174532925199433]],PROJECTION["Transverse_Mercator"],PARAMETER["False_Easting",500000.0],PARAMETER["False_Northing",0.0],PARAMETER["Central_Meridian",-81.0],PARAMETER["Scale_Factor",0.9996],PARAMETER["Latitude_Of_Origin",0.0],UNIT["Meter",1.0]] "Same as input"</Process><Process ToolSource="c:\program files\arcgis\pro\Resources\ArcToolbox\toolboxes\Data Management Tools.tbx\CalculateGeometryAttributes" Date="20230214" Time="134542">CalculateGeometryAttributes GEODB.GISO.All_City_Trails_and_Paths_GOOD "Shape_Leng LENGTH" Meters # PROJCS["NAD_1983_UTM_Zone_17N",GEOGCS["GCS_North_American_1983",DATUM["D_North_American_1983",SPHEROID["GRS_1980",6378137.0,298.257222101]],PRIMEM["Greenwich",0.0],UNIT["Degree",0.0174532925199433]],PROJECTION["Transverse_Mercator"],PARAMETER["False_Easting",500000.0],PARAMETER["False_Northing",0.0],PARAMETER["Central_Meridian",-81.0],PARAMETER["Scale_Factor",0.9996],PARAMETER["Latitude_Of_Origin",0.0],UNIT["Meter",1.0]] "Same as input"</Process><Process ToolSource="c:\program files\arcgis\pro\Resources\ArcToolbox\toolboxes\Data Management Tools.tbx\CalculateGeometryAttributes" Date="20230306" Time="125755">CalculateGeometryAttributes GEODB.GISO.All_City_Trails_and_Paths_GOOD "Shape_Leng LENGTH" Meters # PROJCS["NAD_1983_UTM_Zone_17N",GEOGCS["GCS_North_American_1983",DATUM["D_North_American_1983",SPHEROID["GRS_1980",6378137.0,298.257222101]],PRIMEM["Greenwich",0.0],UNIT["Degree",0.0174532925199433]],PROJECTION["Transverse_Mercator"],PARAMETER["False_Easting",500000.0],PARAMETER["False_Northing",0.0],PARAMETER["Central_Meridian",-81.0],PARAMETER["Scale_Factor",0.9996],PARAMETER["Latitude_Of_Origin",0.0],UNIT["Meter",1.0]] "Same as input"</Process><Process ToolSource="c:\program files\arcgis\pro\Resources\ArcToolbox\toolboxes\Data Management Tools.tbx\CalculateGeometryAttributes" Date="20230313" Time="092120">CalculateGeometryAttributes GEODB.GISO.All_City_Trails_and_Paths_GOOD "Shape_Leng LENGTH" Meters # PROJCS["NAD_1983_UTM_Zone_17N",GEOGCS["GCS_North_American_1983",DATUM["D_North_American_1983",SPHEROID["GRS_1980",6378137.0,298.257222101]],PRIMEM["Greenwich",0.0],UNIT["Degree",0.0174532925199433]],PROJECTION["Transverse_Mercator"],PARAMETER["False_Easting",500000.0],PARAMETER["False_Northing",0.0],PARAMETER["Central_Meridian",-81.0],PARAMETER["Scale_Factor",0.9996],PARAMETER["Latitude_Of_Origin",0.0],UNIT["Meter",1.0]] "Same as input"</Process><Process ToolSource="c:\program files (x86)\arcgis\desktop10.6\ArcToolbox\Toolboxes\Conversion Tools.tbx\FeatureClassToFeatureClass" Date="20230502" Time="092309">FeatureClassToFeatureClass "Database Connections\Connection to PROD_SCORSQL03.sde\GEODB.GISO.ParksRec\GEODB.GISO.All_City_Trails_and_Paths_GOOD" "\\smapdv01\arcgisserver\City of Windsor GDB\GDBCityofWindsor.gdb\ParksRec" All_City_Trails_and_Paths_GOOD # "TRAILTYPE "TRAILTYPE" true true false 254 Text 0 0 ,First,#,Database Connections\Connection to PROD_SCORSQL03.sde\GEODB.GISO.ParksRec\GEODB.GISO.All_City_Trails_and_Paths_GOOD,TRAILTYPE,-1,-1;NAME "NAME" true true false 254 Text 0 0 ,First,#,Database Connections\Connection to PROD_SCORSQL03.sde\GEODB.GISO.ParksRec\GEODB.GISO.All_City_Trails_and_Paths_GOOD,NAME,-1,-1;WIDTH "WIDTH" true true false 8 Double 8 38 ,First,#,Database Connections\Connection to PROD_SCORSQL03.sde\GEODB.GISO.ParksRec\GEODB.GISO.All_City_Trails_and_Paths_GOOD,WIDTH,-1,-1;LAND "LAND" true true false 254 Text 0 0 ,First,#,Database Connections\Connection to PROD_SCORSQL03.sde\GEODB.GISO.ParksRec\GEODB.GISO.All_City_Trails_and_Paths_GOOD,LAND,-1,-1;From_To "From_To" true true false 254 Text 0 0 ,First,#,Database Connections\Connection to PROD_SCORSQL03.sde\GEODB.GISO.ParksRec\GEODB.GISO.All_City_Trails_and_Paths_GOOD,From_To,-1,-1;Shape_Leng "Shape_Leng" true true false 8 Double 8 38 ,First,#,Database Connections\Connection to PROD_SCORSQL03.sde\GEODB.GISO.ParksRec\GEODB.GISO.All_City_Trails_and_Paths_GOOD,Shape_Leng,-1,-1;Comment "Comment" true true false 50 Text 0 0 ,First,#,Database Connections\Connection to PROD_SCORSQL03.sde\GEODB.GISO.ParksRec\GEODB.GISO.All_City_Trails_and_Paths_GOOD,Comment,-1,-1;ASSET_ID "ASSET_ID" true true false 50 Text 0 0 ,First,#,Database Connections\Connection to PROD_SCORSQL03.sde\GEODB.GISO.ParksRec\GEODB.GISO.All_City_Trails_and_Paths_GOOD,ASSET_ID,-1,-1;PARK_ID "PARK_ID" true true false 50 Text 0 0 ,First,#,Database Connections\Connection to PROD_SCORSQL03.sde\GEODB.GISO.ParksRec\GEODB.GISO.All_City_Trails_and_Paths_GOOD,PARK_ID,-1,-1;Surface "Surface" true true false 50 Text 0 0 ,First,#,Database Connections\Connection to PROD_SCORSQL03.sde\GEODB.GISO.ParksRec\GEODB.GISO.All_City_Trails_and_Paths_GOOD,Surface,-1,-1;SOURCE "SOURCE" true true false 254 Text 0 0 ,First,#,Database Connections\Connection to PROD_SCORSQL03.sde\GEODB.GISO.ParksRec\GEODB.GISO.All_City_Trails_and_Paths_GOOD,SOURCE,-1,-1;W_Loop "W_Loop" true true false 50 Text 0 0 ,First,#,Database Connections\Connection to PROD_SCORSQL03.sde\GEODB.GISO.ParksRec\GEODB.GISO.All_City_Trails_and_Paths_GOOD,W_Loop,-1,-1;TransCT "TransCT" true true false 50 Text 0 0 ,First,#,Database Connections\Connection to PROD_SCORSQL03.sde\GEODB.GISO.ParksRec\GEODB.GISO.All_City_Trails_and_Paths_GOOD,TransCT,-1,-1;STATUS "STATUS" true true false 254 Text 0 0 ,First,#,Database Connections\Connection to PROD_SCORSQL03.sde\GEODB.GISO.ParksRec\GEODB.GISO.All_City_Trails_and_Paths_GOOD,STATUS,-1,-1;Facility_T "Facility_T" true true false 254 Text 0 0 ,First,#,Database Connections\Connection to PROD_SCORSQL03.sde\GEODB.GISO.ParksRec\GEODB.GISO.All_City_Trails_and_Paths_GOOD,Facility_T,-1,-1;Future_ST "Future_ST" true true false 254 Text 0 0 ,First,#,Database Connections\Connection to PROD_SCORSQL03.sde\GEODB.GISO.ParksRec\GEODB.GISO.All_City_Trails_and_Paths_GOOD,Future_ST,-1,-1;AAA "AAA" true true false 254 Text 0 0 ,First,#,Database Connections\Connection to PROD_SCORSQL03.sde\GEODB.GISO.ParksRec\GEODB.GISO.All_City_Trails_and_Paths_GOOD,AAA,-1,-1;ToSt "ToSt" true true false 254 Text 0 0 ,First,#,Database Connections\Connection to PROD_SCORSQL03.sde\GEODB.GISO.ParksRec\GEODB.GISO.All_City_Trails_and_Paths_GOOD,ToSt,-1,-1;FromSt "FromSt" true true false 254 Text 0 0 ,First,#,Database Connections\Connection to PROD_SCORSQL03.sde\GEODB.GISO.ParksRec\GEODB.GISO.All_City_Trails_and_Paths_GOOD,FromSt,-1,-1;WINTER_C "WINTER_C" true true false 254 Text 0 0 ,First,#,Database Connections\Connection to PROD_SCORSQL03.sde\GEODB.GISO.ParksRec\GEODB.GISO.All_City_Trails_and_Paths_GOOD,WINTER_C,-1,-1;GISID "GISID" true true false 254 Text 0 0 ,First,#,Database Connections\Connection to PROD_SCORSQL03.sde\GEODB.GISO.ParksRec\GEODB.GISO.All_City_Trails_and_Paths_GOOD,GISID,-1,-1;ST_COMPKEY "ST_COMPKEY" true true false 254 Text 0 0 ,First,#,Database Connections\Connection to PROD_SCORSQL03.sde\GEODB.GISO.ParksRec\GEODB.GISO.All_City_Trails_and_Paths_GOOD,ST_COMPKEY,-1,-1;created_user "created_user" false true false 255 Text 0 0 ,First,#,Database Connections\Connection to PROD_SCORSQL03.sde\GEODB.GISO.ParksRec\GEODB.GISO.All_City_Trails_and_Paths_GOOD,created_user,-1,-1;created_date "created_date" false true false 8 Date 0 0 ,First,#,Database Connections\Connection to PROD_SCORSQL03.sde\GEODB.GISO.ParksRec\GEODB.GISO.All_City_Trails_and_Paths_GOOD,created_date,-1,-1;last_edited_user "last_edited_user" false true false 255 Text 0 0 ,First,#,Database Connections\Connection to PROD_SCORSQL03.sde\GEODB.GISO.ParksRec\GEODB.GISO.All_City_Trails_and_Paths_GOOD,last_edited_user,-1,-1;last_edited_date "last_edited_date" false true false 8 Date 0 0 ,First,#,Database Connections\Connection to PROD_SCORSQL03.sde\GEODB.GISO.ParksRec\GEODB.GISO.All_City_Trails_and_Paths_GOOD,last_edited_date,-1,-1;Shape_STLength__ "Shape_STLength__" false false true 0 Double 0 0 ,First,#,Database Connections\Connection to PROD_SCORSQL03.sde\GEODB.GISO.ParksRec\GEODB.GISO.All_City_Trails_and_Paths_GOOD,Shape.STLength(),-1,-1" #</Process><Process ToolSource="c:\program files (x86)\arcgis\desktop10.6\ArcToolbox\Toolboxes\Conversion Tools.tbx\FeatureClassToFeatureClass" Date="20230502" Time="151622">FeatureClassToFeatureClass "\\smapdv01\arcgisserver\City of Windsor GDB\GDBCityofWindsor.gdb\All_City_Trails_and_Paths_GOOD" "K:\Open Data Files\Open Data 2023\May\Trails\RATSRATSRATS" All_City_Trails_and_Paths_GOOD # "LAYER "LAYER" true true false 254 Text 0 0 ,First,#,\\smapdv01\arcgisserver\City of Windsor GDB\GDBCityofWindsor.gdb/ParksRec/All_City_Trails_and_Paths_GOOD,LAYER,-1,-1;OBJECTID "OBJECTID" true true false 8 Double 0 0 ,First,#,\\smapdv01\arcgisserver\City of Windsor GDB\GDBCityofWindsor.gdb/ParksRec/All_City_Trails_and_Paths_GOOD,OBJECTID,-1,-1;LAYER1 "LAYER1" true true false 254 Text 0 0 ,First,#,\\smapdv01\arcgisserver\City of Windsor GDB\GDBCityofWindsor.gdb/ParksRec/All_City_Trails_and_Paths_GOOD,LAYER1,-1,-1;TRAILTYPE "TRAILTYPE" true true false 254 Text 0 0 ,First,#,\\smapdv01\arcgisserver\City of Windsor GDB\GDBCityofWindsor.gdb/ParksRec/All_City_Trails_and_Paths_GOOD,TRAILTYPE,-1,-1;NAME "NAME" true true false 254 Text 0 0 ,First,#,\\smapdv01\arcgisserver\City of Windsor GDB\GDBCityofWindsor.gdb/ParksRec/All_City_Trails_and_Paths_GOOD,NAME,-1,-1;WEBSITE "WEBSITE" true true false 254 Text 0 0 ,First,#,\\smapdv01\arcgisserver\City of Windsor GDB\GDBCityofWindsor.gdb/ParksRec/All_City_Trails_and_Paths_GOOD,WEBSITE,-1,-1;Length_1 "Length_1" true true false 8 Double 0 0 ,First,#,\\smapdv01\arcgisserver\City of Windsor GDB\GDBCityofWindsor.gdb/ParksRec/All_City_Trails_and_Paths_GOOD,Length_1,-1,-1;LAND "LAND" true true false 254 Text 0 0 ,First,#,\\smapdv01\arcgisserver\City of Windsor GDB\GDBCityofWindsor.gdb/ParksRec/All_City_Trails_and_Paths_GOOD,LAND,-1,-1;T_Length "T_Length" true true false 254 Text 0 0 ,First,#,\\smapdv01\arcgisserver\City of Windsor GDB\GDBCityofWindsor.gdb/ParksRec/All_City_Trails_and_Paths_GOOD,T_Length,-1,-1;TYPE_1 "TYPE_1" true true false 254 Text 0 0 ,First,#,\\smapdv01\arcgisserver\City of Windsor GDB\GDBCityofWindsor.gdb/ParksRec/All_City_Trails_and_Paths_GOOD,TYPE_1,-1,-1;From_To "From_To" true true false 254 Text 0 0 ,First,#,\\smapdv01\arcgisserver\City of Windsor GDB\GDBCityofWindsor.gdb/ParksRec/All_City_Trails_and_Paths_GOOD,From_To,-1,-1;Issue "Issue" true true false 254 Text 0 0 ,First,#,\\smapdv01\arcgisserver\City of Windsor GDB\GDBCityofWindsor.gdb/ParksRec/All_City_Trails_and_Paths_GOOD,Issue,-1,-1;Shape_Leng "Shape_Leng" true true false 8 Double 0 0 ,First,#,\\smapdv01\arcgisserver\City of Windsor GDB\GDBCityofWindsor.gdb/ParksRec/All_City_Trails_and_Paths_GOOD,Shape_Leng,-1,-1;Comment "Comment" true true false 50 Text 0 0 ,First,#,\\smapdv01\arcgisserver\City of Windsor GDB\GDBCityofWindsor.gdb/ParksRec/All_City_Trails_and_Paths_GOOD,Comment,-1,-1" #</Process><Process ToolSource="c:\program files (x86)\arcgis\desktop10.6\ArcToolbox\Toolboxes\Data Management Tools.tbx\Merge" Date="20230502" Time="151645">Merge 'K:\Open Data Files\Open Data 2023\May\Trails\RATSRATSRATS\All_City_Trails_and_Paths_GOOD.shp';'K:\Open Data Files\Open Data 2023\May\Trails\RATSRATSRATS\ExistingBikeLanes.shp';'K:\Open Data Files\Open Data 2023\May\Trails\RATSRATSRATS\ExistingMultiUseTrails_HGP.shp';'K:\Open Data Files\Open Data 2023\May\Trails\RATSRATSRATS\ExistingSignedRoute.shp';'K:\Open Data Files\Open Data 2023\May\Trails\RATSRATSRATS\trans_canada_trail.shp';'K:\Open Data Files\Open Data 2023\May\Trails\RATSRATSRATS\WindsorLoop.shp' "K:\Open Data Files\Open Data 2023\May\Trails\RATSRATSRATS\Trails.shp" "LAYER "LAYER" true true false 254 Text 0 0 ,First,#,K:\Open Data Files\Open Data 2023\May\Trails\RATSRATSRATS\All_City_Trails_and_Paths_GOOD.shp,LAYER,-1,-1,K:\Open Data Files\Open Data 2023\May\Trails\RATSRATSRATS\ExistingBikeLanes.shp,LAYER,-1,-1,K:\Open Data Files\Open Data 2023\May\Trails\RATSRATSRATS\ExistingMultiUseTrails_HGP.shp,LAYER,-1,-1,K:\Open Data Files\Open Data 2023\May\Trails\RATSRATSRATS\ExistingSignedRoute.shp,LAYER,-1,-1,K:\Open Data Files\Open Data 2023\May\Trails\RATSRATSRATS\WindsorLoop.shp,LAYER,-1,-1;OBJECTID "OBJECTID" true true false 19 Double 0 0 ,First,#,K:\Open Data Files\Open Data 2023\May\Trails\RATSRATSRATS\All_City_Trails_and_Paths_GOOD.shp,OBJECTID,-1,-1,K:\Open Data Files\Open Data 2023\May\Trails\RATSRATSRATS\ExistingMultiUseTrails_HGP.shp,OBJECTID,-1,-1;LAYER1 "LAYER1" true true false 254 Text 0 0 ,First,#,K:\Open Data Files\Open Data 2023\May\Trails\RATSRATSRATS\All_City_Trails_and_Paths_GOOD.shp,LAYER1,-1,-1,K:\Open Data Files\Open Data 2023\May\Trails\RATSRATSRATS\ExistingMultiUseTrails_HGP.shp,LAYER1,-1,-1;TRAILTYPE "TRAILTYPE" true true false 254 Text 0 0 ,First,#,K:\Open Data Files\Open Data 2023\May\Trails\RATSRATSRATS\All_City_Trails_and_Paths_GOOD.shp,TRAILTYPE,-1,-1,K:\Open Data Files\Open Data 2023\May\Trails\RATSRATSRATS\ExistingBikeLanes.shp,TRAILTYPE,-1,-1,K:\Open Data Files\Open Data 2023\May\Trails\RATSRATSRATS\ExistingMultiUseTrails_HGP.shp,TRAILTYPE,-1,-1,K:\Open Data Files\Open Data 2023\May\Trails\RATSRATSRATS\ExistingSignedRoute.shp,TRAILTYPE,-1,-1,K:\Open Data Files\Open Data 2023\May\Trails\RATSRATSRATS\trans_canada_trail.shp,TRAILTYPE,-1,-1;NAME "NAME" true true false 254 Text 0 0 ,First,#,K:\Open Data Files\Open Data 2023\May\Trails\RATSRATSRATS\All_City_Trails_and_Paths_GOOD.shp,NAME,-1,-1,K:\Open Data Files\Open Data 2023\May\Trails\RATSRATSRATS\ExistingBikeLanes.shp,NAME,-1,-1,K:\Open Data Files\Open Data 2023\May\Trails\RATSRATSRATS\ExistingSignedRoute.shp,NAME,-1,-1,K:\Open Data Files\Open Data 2023\May\Trails\RATSRATSRATS\trans_canada_trail.shp,NAME,-1,-1;WEBSITE "WEBSITE" true true false 254 Text 0 0 ,First,#,K:\Open Data Files\Open Data 2023\May\Trails\RATSRATSRATS\All_City_Trails_and_Paths_GOOD.shp,WEBSITE,-1,-1,K:\Open Data Files\Open Data 2023\May\Trails\RATSRATSRATS\ExistingBikeLanes.shp,WEBSITE,-1,-1,K:\Open Data Files\Open Data 2023\May\Trails\RATSRATSRATS\ExistingSignedRoute.shp,WEBSITE,-1,-1,K:\Open Data Files\Open Data 2023\May\Trails\RATSRATSRATS\trans_canada_trail.shp,WEBSITE,-1,-1;Length_1 "Length_1" true true false 19 Double 0 0 ,First,#,K:\Open Data Files\Open Data 2023\May\Trails\RATSRATSRATS\All_City_Trails_and_Paths_GOOD.shp,Length_1,-1,-1;LAND "LAND" true true false 254 Text 0 0 ,First,#,K:\Open Data Files\Open Data 2023\May\Trails\RATSRATSRATS\All_City_Trails_and_Paths_GOOD.shp,LAND,-1,-1;T_Length "T_Length" true true false 254 Text 0 0 ,First,#,K:\Open Data Files\Open Data 2023\May\Trails\RATSRATSRATS\All_City_Trails_and_Paths_GOOD.shp,T_Length,-1,-1;TYPE_1 "TYPE_1" true true false 254 Text 0 0 ,First,#,K:\Open Data Files\Open Data 2023\May\Trails\RATSRATSRATS\All_City_Trails_and_Paths_GOOD.shp,TYPE_1,-1,-1;From_To "From_To" true true false 254 Text 0 0 ,First,#,K:\Open Data Files\Open Data 2023\May\Trails\RATSRATSRATS\All_City_Trails_and_Paths_GOOD.shp,From_To,-1,-1;Issue "Issue" true true false 254 Text 0 0 ,First,#,K:\Open Data Files\Open Data 2023\May\Trails\RATSRATSRATS\All_City_Trails_and_Paths_GOOD.shp,Issue,-1,-1;Shape_Leng "Shape_Leng" true true false 19 Double 0 0 ,First,#,K:\Open Data Files\Open Data 2023\May\Trails\RATSRATSRATS\All_City_Trails_and_Paths_GOOD.shp,Shape_Leng,-1,-1,K:\Open Data Files\Open Data 2023\May\Trails\RATSRATSRATS\ExistingBikeLanes.shp,Shape_Leng,-1,-1,K:\Open Data Files\Open Data 2023\May\Trails\RATSRATSRATS\ExistingSignedRoute.shp,Shape_Leng,-1,-1,K:\Open Data Files\Open Data 2023\May\Trails\RATSRATSRATS\WindsorLoop.shp,Shape_Leng,-1,-1;Comment "Comment" true true false 50 Text 0 0 ,First,#,K:\Open Data Files\Open Data 2023\May\Trails\RATSRATSRATS\All_City_Trails_and_Paths_GOOD.shp,Comment,-1,-1;LENGTH "LENGTH" true true false 19 Double 0 0 ,First,#,K:\Open Data Files\Open Data 2023\May\Trails\RATSRATSRATS\ExistingBikeLanes.shp,LENGTH,-1,-1,K:\Open Data Files\Open Data 2023\May\Trails\RATSRATSRATS\ExistingSignedRoute.shp,LENGTH,-1,-1,K:\Open Data Files\Open Data 2023\May\Trails\RATSRATSRATS\trans_canada_trail.shp,LENGTH,-1,-1;TRAIL_NAME "TRAIL_NAME" true true false 254 Text 0 0 ,First,#,K:\Open Data Files\Open Data 2023\May\Trails\RATSRATSRATS\trans_canada_trail.shp,TRAIL_NAME,-1,-1"</Process><Process ToolSource="c:\program files (x86)\arcgis\desktop10.6\ArcToolbox\Toolboxes\Conversion Tools.tbx\FeatureClassToFeatureClass" Date="20230502" Time="151654">FeatureClassToFeatureClass "K:\Open Data Files\Open Data 2023\May\Trails\RATSRATSRATS\Trails.shp" "K:\Open Data Files\Open Data 2023\May\Trails\RATSRATSRATS_UTM83" Trails_UTM83 # "LAYER "LAYER" true true false 254 Text 0 0 ,First,#,K:\Open Data Files\Open Data 2023\May\Trails\RATSRATSRATS\Trails.shp,LAYER,-1,-1;OBJECTID "OBJECTID" true true false 19 Double 0 0 ,First,#,K:\Open Data Files\Open Data 2023\May\Trails\RATSRATSRATS\Trails.shp,OBJECTID,-1,-1;LAYER1 "LAYER1" true true false 254 Text 0 0 ,First,#,K:\Open Data Files\Open Data 2023\May\Trails\RATSRATSRATS\Trails.shp,LAYER1,-1,-1;TRAILTYPE "TRAILTYPE" true true false 254 Text 0 0 ,First,#,K:\Open Data Files\Open Data 2023\May\Trails\RATSRATSRATS\Trails.shp,TRAILTYPE,-1,-1;NAME "NAME" true true false 254 Text 0 0 ,First,#,K:\Open Data Files\Open Data 2023\May\Trails\RATSRATSRATS\Trails.shp,NAME,-1,-1;WEBSITE "WEBSITE" true true false 254 Text 0 0 ,First,#,K:\Open Data Files\Open Data 2023\May\Trails\RATSRATSRATS\Trails.shp,WEBSITE,-1,-1;Length_1 "Length_1" true true false 19 Double 0 0 ,First,#,K:\Open Data Files\Open Data 2023\May\Trails\RATSRATSRATS\Trails.shp,Length_1,-1,-1;LAND "LAND" true true false 254 Text 0 0 ,First,#,K:\Open Data Files\Open Data 2023\May\Trails\RATSRATSRATS\Trails.shp,LAND,-1,-1;T_Length "T_Length" true true false 254 Text 0 0 ,First,#,K:\Open Data Files\Open Data 2023\May\Trails\RATSRATSRATS\Trails.shp,T_Length,-1,-1;TYPE_1 "TYPE_1" true true false 254 Text 0 0 ,First,#,K:\Open Data Files\Open Data 2023\May\Trails\RATSRATSRATS\Trails.shp,TYPE_1,-1,-1;From_To "From_To" true true false 254 Text 0 0 ,First,#,K:\Open Data Files\Open Data 2023\May\Trails\RATSRATSRATS\Trails.shp,From_To,-1,-1;Issue "Issue" true true false 254 Text 0 0 ,First,#,K:\Open Data Files\Open Data 2023\May\Trails\RATSRATSRATS\Trails.shp,Issue,-1,-1;Shape_Leng "Shape_Leng" true true false 19 Double 0 0 ,First,#,K:\Open Data Files\Open Data 2023\May\Trails\RATSRATSRATS\Trails.shp,Shape_Leng,-1,-1;Comment "Comment" true true false 50 Text 0 0 ,First,#,K:\Open Data Files\Open Data 2023\May\Trails\RATSRATSRATS\Trails.shp,Comment,-1,-1;LENGTH "LENGTH" true true false 19 Double 0 0 ,First,#,K:\Open Data Files\Open Data 2023\May\Trails\RATSRATSRATS\Trails.shp,LENGTH,-1,-1;TRAIL_NAME "TRAIL_NAME" true true false 254 Text 0 0 ,First,#,K:\Open Data Files\Open Data 2023\May\Trails\RATSRATSRATS\Trails.shp,TRAIL_NAME,-1,-1" #</Process></lineage></DataProperties><SyncDate>20230502</SyncDate><SyncTime>15165200</SyncTime><ModDate>20230502</ModDate><ModTime>15165200</ModTime></Esri><dataIdInfo><envirDesc Sync="TRUE"> Version 6.2 (Build 9200) ; Esri ArcGIS 10.6.0.8321</envirDesc><dataLang><languageCode value="eng" Sync="TRUE"/><countryCode value="USA" Sync="TRUE"/></dataLang><idCitation><resTitle Sync="TRUE">Trails_UTM83</resTitle><presForm><PresFormCd value="005" Sync="TRUE"/></presForm></idCitation><spatRpType><SpatRepTypCd value="001" Sync="TRUE"/></spatRpType><dataExt><geoEle><GeoBndBox esriExtentType="search"><exTypeCode Sync="TRUE">1</exTypeCode><westBL Sync="TRUE">-83.093437</westBL><eastBL Sync="TRUE">-82.889149</eastBL><northBL Sync="TRUE">42.341949</northBL><southBL Sync="TRUE">42.234513</southBL></GeoBndBox></geoEle></dataExt></dataIdInfo><mdLang><languageCode value="eng" Sync="TRUE"/><countryCode value="USA" Sync="TRUE"/></mdLang><distInfo><distFormat><formatName Sync="TRUE">Shapefile</formatName></distFormat><distTranOps><transSize Sync="TRUE">0.000</transSize></distTranOps></distInfo><mdHrLv><ScopeCd value="005" Sync="TRUE"/></mdHrLv><mdHrLvName Sync="TRUE">dataset</mdHrLvName><refSysInfo><RefSystem><refSysID><identCode code="26917" Sync="TRUE"/><idCodeSpace Sync="TRUE">EPSG</idCodeSpace><idVersion Sync="TRUE">6.13(3.0.1)</idVersion></refSysID></RefSystem></refSysInfo><spatRepInfo><VectSpatRep><geometObjs Name="Trails_UTM83"><geoObjTyp><GeoObjTypCd value="002" Sync="TRUE"></GeoObjTypCd></geoObjTyp><geoObjCnt Sync="TRUE">0</geoObjCnt></geometObjs><topLvl><TopoLevCd value="001" Sync="TRUE"></TopoLevCd></topLvl></VectSpatRep></spatRepInfo><spdoinfo><ptvctinf><esriterm Name="Trails_UTM83"><efeatyp Sync="TRUE">Simple</efeatyp><efeageom code="3" Sync="TRUE"></efeageom><esritopo Sync="TRUE">FALSE</esritopo><efeacnt Sync="TRUE">0</efeacnt><spindex Sync="TRUE">FALSE</spindex><linrefer Sync="TRUE">FALSE</linrefer></esriterm></ptvctinf></spdoinfo><eainfo><detailed Name="Trails_UTM83"><enttyp><enttypl Sync="TRUE">Trails_UTM83</enttypl><enttypt Sync="TRUE">Feature Class</enttypt><enttypc Sync="TRUE">0</enttypc></enttyp><attr><attrlabl Sync="TRUE">FID</attrlabl><attalias Sync="TRUE">FID</attalias><attrtype Sync="TRUE">OID</attrtype><attwidth Sync="TRUE">4</attwidth><atprecis Sync="TRUE">0</atprecis><attscale Sync="TRUE">0</attscale><attrdef Sync="TRUE">Internal feature number.</attrdef><attrdefs Sync="TRUE">Esri</attrdefs><attrdomv><udom Sync="TRUE">Sequential unique whole numbers that are automatically generated.</udom></attrdomv></attr><attr><attrlabl Sync="TRUE">OBJECTID</attrlabl><attalias Sync="TRUE">OBJECTID</attalias><attrtype Sync="TRUE">Double</attrtype><attwidth Sync="TRUE">19</attwidth><atprecis Sync="TRUE">0</atprecis><attscale Sync="TRUE">0</attscale><attrdef Sync="TRUE">Internal feature number.</attrdef><attrdefs Sync="TRUE">Esri</attrdefs><attrdomv><udom Sync="TRUE">Sequential unique whole numbers that are automatically generated.</udom></attrdomv></attr><attr><attrlabl Sync="TRUE">LAYER</attrlabl><attalias Sync="TRUE">LAYER</attalias><attrtype Sync="TRUE">String</attrtype><attwidth Sync="TRUE">254</attwidth><atprecis Sync="TRUE">0</atprecis><attscale Sync="TRUE">0</attscale></attr><attr><attrlabl Sync="TRUE">Shape</attrlabl><attalias Sync="TRUE">Shape</attalias><attrtype Sync="TRUE">Geometry</attrtype><attwidth Sync="TRUE">0</attwidth><atprecis Sync="TRUE">0</atprecis><attscale Sync="TRUE">0</attscale><attrdef Sync="TRUE">Feature geometry.</attrdef><attrdefs Sync="TRUE">Esri</attrdefs><attrdomv><udom Sync="TRUE">Coordinates defining the features.</udom></attrdomv></attr><attr><attrlabl Sync="TRUE">LAYER1</attrlabl><attalias Sync="TRUE">LAYER1</attalias><attrtype Sync="TRUE">String</attrtype><attwidth Sync="TRUE">254</attwidth><atprecis Sync="TRUE">0</atprecis><attscale Sync="TRUE">0</attscale></attr><attr><attrlabl Sync="TRUE">TRAILTYPE</attrlabl><attalias Sync="TRUE">TRAILTYPE</attalias><attrtype Sync="TRUE">String</attrtype><attwidth Sync="TRUE">254</attwidth><atprecis Sync="TRUE">0</atprecis><attscale Sync="TRUE">0</attscale></attr><attr><attrlabl Sync="TRUE">NAME</attrlabl><attalias Sync="TRUE">NAME</attalias><attrtype Sync="TRUE">String</attrtype><attwidth Sync="TRUE">254</attwidth><atprecis Sync="TRUE">0</atprecis><attscale Sync="TRUE">0</attscale></attr><attr><attrlabl Sync="TRUE">WEBSITE</attrlabl><attalias Sync="TRUE">WEBSITE</attalias><attrtype Sync="TRUE">String</attrtype><attwidth Sync="TRUE">254</attwidth><atprecis Sync="TRUE">0</atprecis><attscale Sync="TRUE">0</attscale></attr><attr><attrlabl Sync="TRUE">Length_1</attrlabl><attalias Sync="TRUE">Length_1</attalias><attrtype Sync="TRUE">Double</attrtype><attwidth Sync="TRUE">19</attwidth><atprecis Sync="TRUE">0</atprecis><attscale Sync="TRUE">0</attscale></attr><attr><attrlabl Sync="TRUE">LAND</attrlabl><attalias Sync="TRUE">LAND</attalias><attrtype Sync="TRUE">String</attrtype><attwidth Sync="TRUE">254</attwidth><atprecis Sync="TRUE">0</atprecis><attscale Sync="TRUE">0</attscale></attr><attr><attrlabl Sync="TRUE">T_Length</attrlabl><attalias Sync="TRUE">T_Length</attalias><attrtype Sync="TRUE">String</attrtype><attwidth Sync="TRUE">254</attwidth><atprecis Sync="TRUE">0</atprecis><attscale Sync="TRUE">0</attscale></attr><attr><attrlabl Sync="TRUE">TYPE_1</attrlabl><attalias Sync="TRUE">TYPE_1</attalias><attrtype Sync="TRUE">String</attrtype><attwidth Sync="TRUE">254</attwidth><atprecis Sync="TRUE">0</atprecis><attscale Sync="TRUE">0</attscale></attr><attr><attrlabl Sync="TRUE">From_To</attrlabl><attalias Sync="TRUE">From_To</attalias><attrtype Sync="TRUE">String</attrtype><attwidth Sync="TRUE">254</attwidth><atprecis Sync="TRUE">0</atprecis><attscale Sync="TRUE">0</attscale></attr><attr><attrlabl Sync="TRUE">Issue</attrlabl><attalias Sync="TRUE">Issue</attalias><attrtype Sync="TRUE">String</attrtype><attwidth Sync="TRUE">254</attwidth><atprecis Sync="TRUE">0</atprecis><attscale Sync="TRUE">0</attscale></attr><attr><attrlabl Sync="TRUE">Shape_Leng</attrlabl><attalias Sync="TRUE">Shape_Leng</attalias><attrtype Sync="TRUE">Double</attrtype><attwidth Sync="TRUE">19</attwidth><atprecis Sync="TRUE">0</atprecis><attscale Sync="TRUE">0</attscale></attr><attr><attrlabl Sync="TRUE">Comment</attrlabl><attalias Sync="TRUE">Comment</attalias><attrtype Sync="TRUE">String</attrtype><attwidth Sync="TRUE">50</attwidth><atprecis Sync="TRUE">0</atprecis><attscale Sync="TRUE">0</attscale></attr><attr><attrlabl Sync="TRUE">LENGTH</attrlabl><attalias Sync="TRUE">LENGTH</attalias><attrtype Sync="TRUE">Double</attrtype><attwidth Sync="TRUE">19</attwidth><atprecis Sync="TRUE">0</atprecis><attscale Sync="TRUE">0</attscale></attr><attr><attrlabl Sync="TRUE">TRAIL_NAME</attrlabl><attalias Sync="TRUE">TRAIL_NAME</attalias><attrtype Sync="TRUE">String</attrtype><attwidth Sync="TRUE">254</attwidth><atprecis Sync="TRUE">0</atprecis><attscale Sync="TRUE">0</attscale></attr></detailed></eainfo><mdDateSt Sync="TRUE">20230502</mdDateSt></metadata>
