<?xml version="1.0" encoding="UTF-8"?>
<metadata xml:lang="en"><Esri><CreaDate>20230908</CreaDate><CreaTime>16114800</CreaTime><ArcGISFormat>1.0</ArcGISFormat><SyncOnce>FALSE</SyncOnce><DataProperties><lineage><Process ToolSource="c:\program files (x86)\arcgis\desktop10.2\ArcToolbox\Toolboxes\Data Management Tools.tbx\DeleteField" Date="20190121" Time="131000">DeleteField Parcels_CORRECTED OBJECTID_1;OBJECTID_2;ADD_NUMB_1;ADD_RANG_1;AREA;DEPTH_1;DIRECTIO_1;FRONTAGE_1;LEGAL1_1;LEGAL2_1;LEGAL3_1;ORGANIZA_1;OWNER_1;PROP_COD_1;PROP_ROL_1;PROP_RSN_1;ROLL_FIX_1;STREET_1;SUFFIX_1;ZONING_1;Shape_Le_1;Date_Cre_1;Created__1;Date_Edi_1;Edited_B_1;Shape_Le_2</Process><Process ToolSource="c:\program files (x86)\arcgis\desktop10.2\ArcToolbox\Toolboxes\Data Management Tools.tbx\CalculateField" Date="20190121" Time="133916">CalculateField Parcels_CORRECTED oldcode "left ( [PROP_CODE], 3)" VB #</Process><Process ToolSource="c:\program files (x86)\arcgis\desktop10.2\ArcToolbox\Toolboxes\Conversion Tools.tbx\FeatureClassToFeatureClass" Date="20190121" Time="140450">FeatureClassToFeatureClass C:\GISFiles\PropCode\Parcels_CORRECTED.shp "K:\Users\Greg Rumpel\Shapefiles\Parcels.gdb" Parcels # "OBJECTID "OBJECTID" true true false 9 Long 0 9 ,First,#,C:\GISFiles\PropCode\Parcels_CORRECTED.shp,OBJECTID,-1,-1;ADD_NUMBER "ADD_NUMBER" true true false 254 Text 0 0 ,First,#,C:\GISFiles\PropCode\Parcels_CORRECTED.shp,ADD_NUMBER,-1,-1;ADD_RANGE "ADD_RANGE" true true false 254 Text 0 0 ,First,#,C:\GISFiles\PropCode\Parcels_CORRECTED.shp,ADD_RANGE,-1,-1;Parcels_01 "Parcels_01" true true false 254 Text 0 0 ,First,#,C:\GISFiles\PropCode\Parcels_CORRECTED.shp,Parcels_01,-1,-1;DEPTH "DEPTH" true true false 254 Text 0 0 ,First,#,C:\GISFiles\PropCode\Parcels_CORRECTED.shp,DEPTH,-1,-1;DIRECTION "DIRECTION" true true false 254 Text 0 0 ,First,#,C:\GISFiles\PropCode\Parcels_CORRECTED.shp,DIRECTION,-1,-1;FRONTAGE "FRONTAGE" true true false 254 Text 0 0 ,First,#,C:\GISFiles\PropCode\Parcels_CORRECTED.shp,FRONTAGE,-1,-1;LEGAL1 "LEGAL1" true true false 254 Text 0 0 ,First,#,C:\GISFiles\PropCode\Parcels_CORRECTED.shp,LEGAL1,-1,-1;LEGAL2 "LEGAL2" true true false 254 Text 0 0 ,First,#,C:\GISFiles\PropCode\Parcels_CORRECTED.shp,LEGAL2,-1,-1;LEGAL3 "LEGAL3" true true false 254 Text 0 0 ,First,#,C:\GISFiles\PropCode\Parcels_CORRECTED.shp,LEGAL3,-1,-1;ORGANIZATI "ORGANIZATI" true true false 254 Text 0 0 ,First,#,C:\GISFiles\PropCode\Parcels_CORRECTED.shp,ORGANIZATI,-1,-1;OWNER "OWNER" true true false 254 Text 0 0 ,First,#,C:\GISFiles\PropCode\Parcels_CORRECTED.shp,OWNER,-1,-1;PROP_CODE "PROP_CODE" true true false 254 Text 0 0 ,First,#,C:\GISFiles\PropCode\Parcels_CORRECTED.shp,PROP_CODE,-1,-1;PROP_ROLL "PROP_ROLL" true true false 254 Text 0 0 ,First,#,C:\GISFiles\PropCode\Parcels_CORRECTED.shp,PROP_ROLL,-1,-1;PROP_RSN "PROP_RSN" true true false 254 Text 0 0 ,First,#,C:\GISFiles\PropCode\Parcels_CORRECTED.shp,PROP_RSN,-1,-1;ROLL_FIX "ROLL_FIX" true true false 254 Text 0 0 ,First,#,C:\GISFiles\PropCode\Parcels_CORRECTED.shp,ROLL_FIX,-1,-1;STREET "STREET" true true false 254 Text 0 0 ,First,#,C:\GISFiles\PropCode\Parcels_CORRECTED.shp,STREET,-1,-1;SUFFIX "SUFFIX" true true false 254 Text 0 0 ,First,#,C:\GISFiles\PropCode\Parcels_CORRECTED.shp,SUFFIX,-1,-1;ZONING "ZONING" true true false 254 Text 0 0 ,First,#,C:\GISFiles\PropCode\Parcels_CORRECTED.shp,ZONING,-1,-1;Shape_Leng "Shape_Leng" true true false 19 Double 0 0 ,First,#,C:\GISFiles\PropCode\Parcels_CORRECTED.shp,Shape_Leng,-1,-1;Date_Creat "Date_Creat" true true false 8 Date 0 0 ,First,#,C:\GISFiles\PropCode\Parcels_CORRECTED.shp,Date_Creat,-1,-1;Created_By "Created_By" true true false 50 Text 0 0 ,First,#,C:\GISFiles\PropCode\Parcels_CORRECTED.shp,Created_By,-1,-1;Date_Edite "Date_Edite" true true false 8 Date 0 0 ,First,#,C:\GISFiles\PropCode\Parcels_CORRECTED.shp,Date_Edite,-1,-1;Edited_By "Edited_By" true true false 50 Text 0 0 ,First,#,C:\GISFiles\PropCode\Parcels_CORRECTED.shp,Edited_By,-1,-1;Shape_Area "Shape_Area" true true false 19 Double 0 0 ,First,#,C:\GISFiles\PropCode\Parcels_CORRECTED.shp,Shape_Area,-1,-1" #</Process><Process ToolSource="c:\program files\arcgis\pro\Resources\ArcToolbox\Toolboxes\Data Management Tools.tbx\UpdateSchema" Date="20190122" Time="100206">UpdateSchema "CIMDATA=&lt;CIMStandardDataConnection xsi:type='typens:CIMStandardDataConnection' xmlns:xsi='http://www.w3.org/2001/XMLSchema-instance' xmlns:xs='http://www.w3.org/2001/XMLSchema' xmlns:typens='http://www.esri.com/schemas/ArcGIS/2.2.0'&gt;&lt;WorkspaceConnectionString&gt;DATABASE=K:\Users\Greg Rumpel\Shapefiles\Parcels.gdb&lt;/WorkspaceConnectionString&gt;&lt;WorkspaceFactory&gt;FileGDB&lt;/WorkspaceFactory&gt;&lt;Dataset&gt;Parcels&lt;/Dataset&gt;&lt;DatasetType&gt;esriDTFeatureClass&lt;/DatasetType&gt;&lt;/CIMStandardDataConnection&gt;" &lt;operationSequence&gt;&lt;workflow&gt;&lt;AlterField&gt;&lt;field_name&gt;Parcels_01&lt;/field_name&gt;&lt;new_field_name&gt;AREA&lt;/new_field_name&gt;&lt;clear_field_alias&gt;False&lt;/clear_field_alias&gt;&lt;/AlterField&gt;&lt;/workflow&gt;&lt;/operationSequence&gt;</Process><Process ToolSource="c:\program files\arcgis\pro\Resources\ArcToolbox\Toolboxes\Data Management Tools.tbx\DeleteField" Date="20190122" Time="100246">DeleteField Parcels OBJECTID</Process><Process ToolSource="c:\program files\arcgis\pro\Resources\ArcToolbox\toolboxes\Data Management Tools.tbx\CalculateField" Date="20190221" Time="140934">CalculateField Parcels ORGANIZATI 'CIERRA MEADOWS DEVELOPMENT CORP' "Python 3" #</Process><Process ToolSource="c:\program files\arcgis\pro\Resources\ArcToolbox\toolboxes\Data Management Tools.tbx\CalculateField" Date="20190221" Time="141001">CalculateField Parcels STREET 'ETHAN' "Python 3" #</Process><Process ToolSource="c:\program files\arcgis\pro\Resources\ArcToolbox\toolboxes\Data Management Tools.tbx\CalculateField" Date="20190221" Time="141033">CalculateField Parcels SUFFIX 'CRT' "Python 3" #</Process><Process ToolSource="c:\program files\arcgis\pro\Resources\ArcToolbox\toolboxes\Data Management Tools.tbx\CalculateField" Date="20190221" Time="141051">CalculateField Parcels ZONING 'HRD2.2' "Python 3" #</Process><Process ToolSource="c:\program files\arcgis\pro\Resources\ArcToolbox\toolboxes\Data Management Tools.tbx\CalculateField" Date="20190226" Time="153424">CalculateField Parcels STREET 'HALLEE' "Python 3" #</Process><Process ToolSource="c:\program files\arcgis\pro\Resources\ArcToolbox\toolboxes\Data Management Tools.tbx\CalculateField" Date="20190226" Time="153443">CalculateField Parcels SUFFIX 'CRES' "Python 3" #</Process><Process ToolSource="c:\program files\arcgis\pro\Resources\ArcToolbox\toolboxes\Data Management Tools.tbx\CalculateField" Date="20190226" Time="153506">CalculateField Parcels ZONING 'RD2.3' "Python 3" #</Process><Process ToolSource="c:\program files\arcgis\pro\Resources\ArcToolbox\toolboxes\Data Management Tools.tbx\CalculateField" Date="20190226" Time="153703">CalculateField Parcels DEPTH '106.79' "Python 3" #</Process><Process ToolSource="c:\program files\arcgis\pro\Resources\ArcToolbox\toolboxes\Data Management Tools.tbx\CalculateField" Date="20190226" Time="153742">CalculateField Parcels ADD_RANGE 'HALLEE CRES' "Python 3" #</Process><Process ToolSource="c:\program files\arcgis\pro\Resources\ArcToolbox\toolboxes\Data Management Tools.tbx\CalculateField" Date="20190312" Time="132710">CalculateField Parcels ADD_RANGE 'PEABODY AVE' "Python 3" #</Process><Process ToolSource="c:\program files\arcgis\pro\Resources\ArcToolbox\toolboxes\Data Management Tools.tbx\CalculateField" Date="20190312" Time="132759">CalculateField Parcels LEGAL1 'PLAN 12M-635, BLOCK ' "Python 3" #</Process><Process ToolSource="c:\program files\arcgis\pro\Resources\ArcToolbox\toolboxes\Data Management Tools.tbx\CalculateField" Date="20190312" Time="132843">CalculateField Parcels ORGANIZATI '1027458 ONTARIO INC' "Python 3" #</Process><Process ToolSource="c:\program files\arcgis\pro\Resources\ArcToolbox\toolboxes\Data Management Tools.tbx\CalculateField" Date="20190312" Time="132918">CalculateField Parcels STREET 'PEABODY' "Python 3" #</Process><Process ToolSource="c:\program files\arcgis\pro\Resources\ArcToolbox\toolboxes\Data Management Tools.tbx\CalculateField" Date="20190312" Time="132933">CalculateField Parcels SUFFIX 'AVE' "Python 3" #</Process><Process ToolSource="c:\program files\arcgis\pro\Resources\ArcToolbox\toolboxes\Data Management Tools.tbx\CalculateField" Date="20190312" Time="132953">CalculateField Parcels ZONING 'RD2.3' "Python 3" #</Process><Process ToolSource="c:\program files\arcgis\pro\Resources\ArcToolbox\toolboxes\Data Management Tools.tbx\CalculateField" Date="20190312" Time="133157">CalculateField Parcels ADD_RANGE 'COPELAND AVE' "Python 3" #</Process><Process ToolSource="c:\program files\arcgis\pro\Resources\ArcToolbox\toolboxes\Data Management Tools.tbx\CalculateField" Date="20190312" Time="133240">CalculateField Parcels LEGAL1 'PLAN 12M-635; BLOCK ' "Python 3" #</Process><Process ToolSource="c:\program files\arcgis\pro\Resources\ArcToolbox\toolboxes\Data Management Tools.tbx\CalculateField" Date="20190312" Time="133318">CalculateField Parcels LEGAL1 '1027458 ONTARIO INC' "Python 3" #</Process><Process ToolSource="c:\program files\arcgis\pro\Resources\ArcToolbox\toolboxes\Data Management Tools.tbx\CalculateField" Date="20190312" Time="133348">CalculateField Parcels ORGANIZATI '1027458 ONTARIO INC' "Python 3" #</Process><Process ToolSource="c:\program files\arcgis\pro\Resources\ArcToolbox\toolboxes\Data Management Tools.tbx\CalculateField" Date="20190312" Time="133436">CalculateField Parcels LEGAL1 'PLAN 12M-635; BLOCK ' "Python 3" #</Process><Process ToolSource="c:\program files\arcgis\pro\Resources\ArcToolbox\toolboxes\Data Management Tools.tbx\CalculateField" Date="20190312" Time="133512">CalculateField Parcels STREET 'COPELAND' "Python 3" #</Process><Process ToolSource="c:\program files\arcgis\pro\Resources\ArcToolbox\toolboxes\Data Management Tools.tbx\CalculateField" Date="20190312" Time="133527">CalculateField Parcels SUFFIX 'AVE' "Python 3" #</Process><Process ToolSource="c:\program files\arcgis\pro\Resources\ArcToolbox\toolboxes\Data Management Tools.tbx\CalculateField" Date="20190312" Time="133553">CalculateField Parcels ZONING 'RD2.3' "Python 3" #</Process><Process ToolSource="c:\program files\arcgis\pro\Resources\ArcToolbox\toolboxes\Data Management Tools.tbx\CalculateField" Date="20190409" Time="110529">CalculateField Parcels ADD_RANGE 'PIONEER AVE' "Python 3" #</Process><Process ToolSource="c:\program files\arcgis\pro\Resources\ArcToolbox\toolboxes\Data Management Tools.tbx\CalculateField" Date="20190409" Time="110614">CalculateField Parcels LEGAL1 'CON 5; PT LOT 12; RP 12R23594; PART ' "Python 3" #</Process><Process ToolSource="c:\program files\arcgis\pro\Resources\ArcToolbox\toolboxes\Data Management Tools.tbx\CalculateField" Date="20190409" Time="110637">CalculateField Parcels AREA '5166.56' "Python 3" #</Process><Process ToolSource="c:\program files\arcgis\pro\Resources\ArcToolbox\toolboxes\Data Management Tools.tbx\CalculateField" Date="20190409" Time="110650">CalculateField Parcels DEPTH '104.99' "Python 3" #</Process><Process ToolSource="c:\program files\arcgis\pro\Resources\ArcToolbox\toolboxes\Data Management Tools.tbx\CalculateField" Date="20190409" Time="110708">CalculateField Parcels FRONTAGE '49.21' "Python 3" #</Process><Process ToolSource="c:\program files\arcgis\pro\Resources\ArcToolbox\toolboxes\Data Management Tools.tbx\CalculateField" Date="20190409" Time="110756">CalculateField Parcels STREET 'PIONEER' "Python 3" #</Process><Process ToolSource="c:\program files\arcgis\pro\Resources\ArcToolbox\toolboxes\Data Management Tools.tbx\CalculateField" Date="20190409" Time="110815">CalculateField Parcels SUFFIX 'AVE' "Python 3" #</Process><Process ToolSource="c:\program files\arcgis\pro\Resources\ArcToolbox\toolboxes\Data Management Tools.tbx\CalculateField" Date="20190523" Time="131539">CalculateField Parcels STREET 'MAGUIRE' "Python 3" #</Process><Process ToolSource="c:\program files\arcgis\pro\Resources\ArcToolbox\toolboxes\Data Management Tools.tbx\CalculateField" Date="20190523" Time="131602">CalculateField Parcels SUFFIX 'ST' "Python 3" #</Process><Process ToolSource="c:\program files\arcgis\pro\Resources\ArcToolbox\toolboxes\Data Management Tools.tbx\CalculateField" Date="20190523" Time="131620">CalculateField Parcels ZONING 'HRD1.1' "Python 3" #</Process><Process ToolSource="c:\program files\arcgis\pro\Resources\ArcToolbox\toolboxes\Data Management Tools.tbx\CalculateField" Date="20190523" Time="131807">CalculateField Parcels PROP_CODE '100 - Vacant residential land not on water' "Python 3" #</Process><Process ToolSource="c:\program files\arcgis\pro\Resources\ArcToolbox\toolboxes\Data Management Tools.tbx\CalculateField" Date="20190523" Time="131843">CalculateField Parcels ORGANIZATI '414968 ONTARIO LIMITED' "Python 3" #</Process><Process ToolSource="c:\program files\arcgis\pro\Resources\ArcToolbox\toolboxes\Data Management Tools.tbx\CalculateField" Date="20190618" Time="112648">CalculateField Parcels ADD_RANGE 'ALPENROSE CRT' "Python 3" #</Process><Process ToolSource="c:\program files\arcgis\pro\Resources\ArcToolbox\toolboxes\Data Management Tools.tbx\CalculateField" Date="20190618" Time="112732">CalculateField Parcels LEGAL1 'PLAN 12M-653; LOT ' "Python 3" #</Process><Process ToolSource="c:\program files\arcgis\pro\Resources\ArcToolbox\toolboxes\Data Management Tools.tbx\CalculateField" Date="20190618" Time="112806">CalculateField Parcels ORGANIZATI '2402592 ONTARIO INC' "Python 3" #</Process><Process ToolSource="c:\program files\arcgis\pro\Resources\ArcToolbox\toolboxes\Data Management Tools.tbx\CalculateField" Date="20190618" Time="112833">CalculateField Parcels STREET 'ALPENROSE' "Python 3" #</Process><Process ToolSource="c:\program files\arcgis\pro\Resources\ArcToolbox\toolboxes\Data Management Tools.tbx\CalculateField" Date="20190618" Time="112849">CalculateField Parcels SUFFIX 'CRT' "Python 3" #</Process><Process ToolSource="c:\program files\arcgis\pro\Resources\ArcToolbox\toolboxes\Data Management Tools.tbx\CalculateField" Date="20190618" Time="112911">CalculateField Parcels ZONING 'RD1.2' "Python 3" #</Process><Process ToolSource="c:\program files\arcgis\pro\Resources\ArcToolbox\toolboxes\Data Management Tools.tbx\CalculateField" Date="20190710" Time="092207">CalculateField Parcels ADD_RANGE 'KAMLOOPS ST' "Python 3" #</Process><Process ToolSource="c:\program files\arcgis\pro\Resources\ArcToolbox\toolboxes\Data Management Tools.tbx\CalculateField" Date="20190710" Time="092251">CalculateField Parcels STREET 'KAMLOOPS' "Python 3" #</Process><Process ToolSource="c:\program files\arcgis\pro\Resources\ArcToolbox\toolboxes\Data Management Tools.tbx\CalculateField" Date="20190710" Time="092310">CalculateField Parcels SUFFIX 'ST' "Python 3" #</Process><Process ToolSource="c:\program files\arcgis\pro\Resources\ArcToolbox\toolboxes\Data Management Tools.tbx\CalculateField" Date="20190809" Time="083004">CalculateField Parcels ADD_RANGE 'CHATEAU AVE' "Python 3" #</Process><Process ToolSource="c:\program files\arcgis\pro\Resources\ArcToolbox\toolboxes\Data Management Tools.tbx\CalculateField" Date="20190809" Time="083035">CalculateField Parcels STREET 'CHATEAU' "Python 3" #</Process><Process ToolSource="c:\program files\arcgis\pro\Resources\ArcToolbox\toolboxes\Data Management Tools.tbx\CalculateField" Date="20190809" Time="083055">CalculateField Parcels SUFFIX 'AVE' "Python 3" #</Process><Process ToolSource="c:\program files\arcgis\pro\Resources\ArcToolbox\toolboxes\Data Management Tools.tbx\CalculateField" Date="20190809" Time="083121">CalculateField Parcels ZONING 'RD1.1' "Python 3" #</Process><Process ToolSource="c:\program files\arcgis\pro\Resources\ArcToolbox\toolboxes\Data Management Tools.tbx\CalculateField" Date="20190812" Time="144536">CalculateField Parcels ADD_RANGE 'CHATEAU AVE' "Python 3" #</Process><Process ToolSource="c:\program files\arcgis\pro\Resources\ArcToolbox\toolboxes\Data Management Tools.tbx\CalculateField" Date="20190812" Time="144606">CalculateField Parcels STREET 'CHATEAU' "Python 3" #</Process><Process ToolSource="c:\program files\arcgis\pro\Resources\ArcToolbox\toolboxes\Data Management Tools.tbx\CalculateField" Date="20190812" Time="144621">CalculateField Parcels SUFFIX 'AVE' "Python 3" #</Process><Process ToolSource="c:\program files\arcgis\pro\Resources\ArcToolbox\toolboxes\Data Management Tools.tbx\CalculateField" Date="20190812" Time="144836">CalculateField Parcels ZONING 'RD1.1' "Python 3" #</Process><Process ToolSource="c:\program files\arcgis\pro\Resources\ArcToolbox\toolboxes\Data Management Tools.tbx\CalculateField" Date="20190819" Time="105457">CalculateField Parcels ADD_RANGE 'ETHAN CRT' "Python 3" #</Process><Process ToolSource="c:\program files\arcgis\pro\Resources\ArcToolbox\toolboxes\Data Management Tools.tbx\CalculateField" Date="20190819" Time="105531">CalculateField Parcels LEGAL1 'PLAN 12M-652; PT LOT 15; RP 12R27778; PARTS' "Python 3" #</Process><Process ToolSource="c:\program files\arcgis\pro\Resources\ArcToolbox\toolboxes\Data Management Tools.tbx\CalculateField" Date="20190819" Time="105615">CalculateField Parcels ORGANIZATI 'CIERRA MEADOWS DEVELOPMENT CORP' "Python 3" #</Process><Process ToolSource="c:\program files\arcgis\pro\Resources\ArcToolbox\toolboxes\Data Management Tools.tbx\CalculateField" Date="20190819" Time="105645">CalculateField Parcels STREET 'ETHAN' "Python 3" #</Process><Process ToolSource="c:\program files\arcgis\pro\Resources\ArcToolbox\toolboxes\Data Management Tools.tbx\CalculateField" Date="20190819" Time="105658">CalculateField Parcels SUFFIX 'CRT' "Python 3" #</Process><Process ToolSource="c:\program files\arcgis\pro\Resources\ArcToolbox\toolboxes\Data Management Tools.tbx\CalculateField" Date="20190819" Time="105720">CalculateField Parcels ZONING 'RD2.2' "Python 3" #</Process><Process ToolSource="c:\program files\arcgis\pro\Resources\ArcToolbox\toolboxes\Data Management Tools.tbx\DeleteField" Date="20190821" Time="103807">DeleteField Parcels ORGANIZATI</Process><Process ToolSource="c:\program files\arcgis\pro\Resources\ArcToolbox\toolboxes\Data Management Tools.tbx\DeleteField" Date="20190821" Time="103821">DeleteField Parcels OWNER</Process><Process ToolSource="c:\program files\arcgis\pro\Resources\ArcToolbox\toolboxes\Data Management Tools.tbx\CalculateField" Date="20190912" Time="130441">CalculateField Parcels ADD_RANGE 'KAMLOOPS' "Python 3" #</Process><Process ToolSource="c:\program files\arcgis\pro\Resources\ArcToolbox\toolboxes\Data Management Tools.tbx\CalculateField" Date="20190912" Time="130507">CalculateField Parcels STREET 'KAMLOOPS' "Python 3" #</Process><Process ToolSource="c:\program files\arcgis\pro\Resources\ArcToolbox\toolboxes\Data Management Tools.tbx\CalculateField" Date="20190912" Time="130521">CalculateField Parcels SUFFIX 'ST' "Python 3" #</Process><Process ToolSource="c:\program files\arcgis\pro\Resources\ArcToolbox\toolboxes\Data Management Tools.tbx\CalculateField" Date="20190912" Time="130540">CalculateField Parcels ZONING 'RD2.3' "Python 3" #</Process><Process ToolSource="c:\program files\arcgis\pro\Resources\ArcToolbox\toolboxes\Data Management Tools.tbx\CalculateField" Date="20200110" Time="094525">CalculateField Parcels STREET 'HALLEE' "Python 3" #</Process><Process ToolSource="c:\program files\arcgis\pro\Resources\ArcToolbox\toolboxes\Data Management Tools.tbx\CalculateField" Date="20200110" Time="094554">CalculateField Parcels SUFFIX 'CRES' "Python 3" #</Process><Process ToolSource="c:\program files\arcgis\pro\Resources\ArcToolbox\toolboxes\Data Management Tools.tbx\CalculateField" Date="20200110" Time="094617">CalculateField Parcels ZONING 'RD2.3' "Python 3" #</Process><Process ToolSource="c:\program files\arcgis\pro\Resources\ArcToolbox\toolboxes\Data Management Tools.tbx\CalculateField" Date="20200110" Time="095440">CalculateField Parcels ADD_RANGE 'HALLEE CRES' "Python 3" #</Process><Process ToolSource="c:\program files\arcgis\pro\Resources\ArcToolbox\toolboxes\Data Management Tools.tbx\Append" Date="20201022" Time="090714">Append MissingParcels20201022 Parcels "Input schema must match target schema" # # #</Process><Process ToolSource="c:\program files\arcgis\pro\Resources\ArcToolbox\toolboxes\Data Management Tools.tbx\Append" Date="20201022" Time="093813">Append MissingParcels20201022_v3 Parcels "Input schema must match target schema" # # #</Process><Process ToolSource="c:\program files\arcgis\pro\Resources\ArcToolbox\toolboxes\Data Management Tools.tbx\Append" Date="20201022" Time="104449">Append LastMissingParcel_20201022 Parcels "Input schema must match target schema" # # #</Process><Process ToolSource="c:\program files\arcgis\pro\Resources\ArcToolbox\toolboxes\Data Management Tools.tbx\Append" Date="20201022" Time="111324">Append MissingParcels20201022_v3 Parcels "Input schema must match target schema" # # #</Process><Process ToolSource="c:\program files\arcgis\pro\Resources\ArcToolbox\toolboxes\Data Management Tools.tbx\UpdateSchema" Date="20210202" Time="184655">UpdateSchema "CIMDATA=&lt;CIMStandardDataConnection xsi:type='typens:CIMStandardDataConnection' xmlns:xsi='http://www.w3.org/2001/XMLSchema-instance' xmlns:xs='http://www.w3.org/2001/XMLSchema' xmlns:typens='http://www.esri.com/schemas/ArcGIS/2.6.0'&gt;&lt;WorkspaceConnectionString&gt;DATABASE=K:\Users\Greg Rumpel\Shapefiles\Parcels.gdb&lt;/WorkspaceConnectionString&gt;&lt;WorkspaceFactory&gt;FileGDB&lt;/WorkspaceFactory&gt;&lt;Dataset&gt;Parcels&lt;/Dataset&gt;&lt;DatasetType&gt;esriDTFeatureClass&lt;/DatasetType&gt;&lt;/CIMStandardDataConnection&gt;" &lt;operationSequence&gt;&lt;workflow&gt;&lt;AddField&gt;&lt;field_name&gt;propcode_test&lt;/field_name&gt;&lt;field_type&gt;TEXT&lt;/field_type&gt;&lt;field_length&gt;255&lt;/field_length&gt;&lt;field_alias&gt;test&lt;/field_alias&gt;&lt;field_is_nullable&gt;True&lt;/field_is_nullable&gt;&lt;field_is_required&gt;False&lt;/field_is_required&gt;&lt;/AddField&gt;&lt;/workflow&gt;&lt;/operationSequence&gt;</Process><Process ToolSource="c:\program files\arcgis\pro\Resources\ArcToolbox\toolboxes\Data Management Tools.tbx\CalculateField" Date="20210202" Time="184838">CalculateField Parcels propcode_test !PROP_CODE! "Python 3" # Text</Process><Process ToolSource="c:\program files\arcgis\pro\Resources\ArcToolbox\toolboxes\Data Management Tools.tbx\UpdateSchema" Date="20210202" Time="184943">UpdateSchema "CIMDATA=&lt;CIMStandardDataConnection xsi:type='typens:CIMStandardDataConnection' xmlns:xsi='http://www.w3.org/2001/XMLSchema-instance' xmlns:xs='http://www.w3.org/2001/XMLSchema' xmlns:typens='http://www.esri.com/schemas/ArcGIS/2.6.0'&gt;&lt;WorkspaceConnectionString&gt;DATABASE=K:\Users\Greg Rumpel\Shapefiles\Parcels.gdb&lt;/WorkspaceConnectionString&gt;&lt;WorkspaceFactory&gt;FileGDB&lt;/WorkspaceFactory&gt;&lt;Dataset&gt;Parcels&lt;/Dataset&gt;&lt;DatasetType&gt;esriDTFeatureClass&lt;/DatasetType&gt;&lt;/CIMStandardDataConnection&gt;" &lt;operationSequence&gt;&lt;workflow&gt;&lt;AssignDomainToField&gt;&lt;field_name&gt;PROP_CODE&lt;/field_name&gt;&lt;domain_name&gt;PropCodes&lt;/domain_name&gt;&lt;/AssignDomainToField&gt;&lt;/workflow&gt;&lt;/operationSequence&gt;</Process><Process ToolSource="c:\program files\arcgis\pro\Resources\ArcToolbox\toolboxes\Data Management Tools.tbx\CalculateField" Date="20210202" Time="185657">CalculateField Parcels PROP_CODE '100' "Python 3" # Text</Process><Process ToolSource="c:\program files\arcgis\pro\Resources\ArcToolbox\toolboxes\Data Management Tools.tbx\UpdateSchema" Date="20210202" Time="191232">UpdateSchema "CIMDATA=&lt;CIMStandardDataConnection xsi:type='typens:CIMStandardDataConnection' xmlns:xsi='http://www.w3.org/2001/XMLSchema-instance' xmlns:xs='http://www.w3.org/2001/XMLSchema' xmlns:typens='http://www.esri.com/schemas/ArcGIS/2.6.0'&gt;&lt;WorkspaceConnectionString&gt;DATABASE=K:\Users\Greg Rumpel\Shapefiles\Parcels.gdb&lt;/WorkspaceConnectionString&gt;&lt;WorkspaceFactory&gt;FileGDB&lt;/WorkspaceFactory&gt;&lt;Dataset&gt;Parcels&lt;/Dataset&gt;&lt;DatasetType&gt;esriDTFeatureClass&lt;/DatasetType&gt;&lt;/CIMStandardDataConnection&gt;" &lt;operationSequence&gt;&lt;workflow&gt;&lt;RemoveDomainFromField&gt;&lt;field_name&gt;PROP_CODE&lt;/field_name&gt;&lt;/RemoveDomainFromField&gt;&lt;/workflow&gt;&lt;/operationSequence&gt;</Process><Process ToolSource="c:\program files\arcgis\pro\Resources\ArcToolbox\toolboxes\Data Management Tools.tbx\CalculateField" Date="20210202" Time="191334">CalculateField Parcels PROP_CODE !propcode_test! "Python 3" # Text</Process><Process ToolSource="c:\program files\arcgis\pro\Resources\ArcToolbox\toolboxes\Data Management Tools.tbx\CalculateField" Date="20210202" Time="191404">CalculateField Parcels PROP_CODE !propcode_test! "Python 3" # Text</Process><Process ToolSource="c:\program files\arcgis\pro\Resources\ArcToolbox\toolboxes\Data Management Tools.tbx\CalculateField" Date="20210202" Time="191410">CalculateField Parcels PROP_CODE !propcode_test! "Python 3" # Text</Process><Process ToolSource="c:\program files\arcgis\pro\Resources\ArcToolbox\toolboxes\Data Management Tools.tbx\CalculateField" Date="20210202" Time="191432">CalculateField Parcels PROP_CODE !propcode_test! "Python 3" # Text</Process><Process ToolSource="c:\program files\arcgis\pro\Resources\ArcToolbox\toolboxes\Data Management Tools.tbx\DeleteField" Date="20210202" Time="191453">DeleteField Parcels propcode_test</Process><Process ToolSource="c:\program files\arcgis\pro\Resources\ArcToolbox\toolboxes\Data Management Tools.tbx\UpdateSchema" Date="20210203" Time="164005">UpdateSchema "CIMDATA=&lt;CIMStandardDataConnection xsi:type='typens:CIMStandardDataConnection' xmlns:xsi='http://www.w3.org/2001/XMLSchema-instance' xmlns:xs='http://www.w3.org/2001/XMLSchema' xmlns:typens='http://www.esri.com/schemas/ArcGIS/2.6.0'&gt;&lt;WorkspaceConnectionString&gt;DATABASE=K:\Users\Greg Rumpel\Shapefiles\Parcels.gdb&lt;/WorkspaceConnectionString&gt;&lt;WorkspaceFactory&gt;FileGDB&lt;/WorkspaceFactory&gt;&lt;Dataset&gt;Parcels&lt;/Dataset&gt;&lt;DatasetType&gt;esriDTFeatureClass&lt;/DatasetType&gt;&lt;/CIMStandardDataConnection&gt;" &lt;operationSequence&gt;&lt;workflow&gt;&lt;AddField&gt;&lt;field_name&gt;test_code&lt;/field_name&gt;&lt;field_type&gt;TEXT&lt;/field_type&gt;&lt;field_length&gt;255&lt;/field_length&gt;&lt;field_alias&gt;test_code&lt;/field_alias&gt;&lt;field_is_nullable&gt;True&lt;/field_is_nullable&gt;&lt;field_is_required&gt;False&lt;/field_is_required&gt;&lt;/AddField&gt;&lt;/workflow&gt;&lt;workflow&gt;&lt;AddField&gt;&lt;field_name&gt;test_numb&lt;/field_name&gt;&lt;field_type&gt;TEXT&lt;/field_type&gt;&lt;field_length&gt;255&lt;/field_length&gt;&lt;field_alias&gt;test_numb&lt;/field_alias&gt;&lt;field_is_nullable&gt;True&lt;/field_is_nullable&gt;&lt;field_is_required&gt;False&lt;/field_is_required&gt;&lt;/AddField&gt;&lt;/workflow&gt;&lt;/operationSequence&gt;</Process><Process ToolSource="c:\program files\arcgis\pro\Resources\ArcToolbox\toolboxes\Data Management Tools.tbx\CalculateField" Date="20210203" Time="164051">CalculateField Parcels test_code !PROP_CODE! "Python 3" # Text</Process><Process ToolSource="c:\program files\arcgis\pro\Resources\ArcToolbox\toolboxes\Data Management Tools.tbx\CalculateField" Date="20210203" Time="164116">CalculateField Parcels test_numb !PROP_CODE![:3] "Python 3" # Text</Process><Process ToolSource="c:\program files\arcgis\pro\Resources\ArcToolbox\toolboxes\Data Management Tools.tbx\UpdateSchema" Date="20210203" Time="164216">UpdateSchema "CIMDATA=&lt;CIMStandardDataConnection xsi:type='typens:CIMStandardDataConnection' xmlns:xsi='http://www.w3.org/2001/XMLSchema-instance' xmlns:xs='http://www.w3.org/2001/XMLSchema' xmlns:typens='http://www.esri.com/schemas/ArcGIS/2.6.0'&gt;&lt;WorkspaceConnectionString&gt;DATABASE=K:\Users\Greg Rumpel\Shapefiles\Parcels.gdb&lt;/WorkspaceConnectionString&gt;&lt;WorkspaceFactory&gt;FileGDB&lt;/WorkspaceFactory&gt;&lt;Dataset&gt;Parcels&lt;/Dataset&gt;&lt;DatasetType&gt;esriDTFeatureClass&lt;/DatasetType&gt;&lt;/CIMStandardDataConnection&gt;" &lt;operationSequence&gt;&lt;workflow&gt;&lt;AssignDomainToField&gt;&lt;field_name&gt;PROP_CODE&lt;/field_name&gt;&lt;domain_name&gt;PropCodes&lt;/domain_name&gt;&lt;/AssignDomainToField&gt;&lt;/workflow&gt;&lt;/operationSequence&gt;</Process><Process ToolSource="c:\program files\arcgis\pro\Resources\ArcToolbox\toolboxes\Data Management Tools.tbx\CalculateField" Date="20210203" Time="164253">CalculateField Parcels PROP_CODE !test_numb! "Python 3" # Text</Process><Process ToolSource="c:\program files\arcgis\pro\Resources\ArcToolbox\toolboxes\Data Management Tools.tbx\DeleteField" Date="20210203" Time="164336">DeleteField Parcels test_code;test_numb</Process><Process ToolSource="c:\program files\arcgis\pro\Resources\ArcToolbox\toolboxes\Data Management Tools.tbx\EnableEditorTracking" Date="20210203" Time="173302">EnableEditorTracking "K:\Users\Greg Rumpel\Shapefiles\Parcels.gdb\Parcels" created_user created_date last_edited_user last_edited_date ADD_FIELDS "UTC (Coordinated Universal Time)"</Process><Process ToolSource="c:\program files\arcgis\pro\Resources\ArcToolbox\toolboxes\Data Management Tools.tbx\DisableEditorTracking" Date="20210203" Time="173345">DisableEditorTracking "K:\Users\Greg Rumpel\Shapefiles\Parcels.gdb\Parcels" DISABLE_CREATOR DISABLE_CREATION_DATE DISABLE_LAST_EDITOR DISABLE_LAST_EDIT_DATE</Process><Process ToolSource="c:\program files\arcgis\pro\Resources\ArcToolbox\toolboxes\Data Management Tools.tbx\DeleteField" Date="20210203" Time="173450">DeleteField Parcels created_user;created_date;last_edited_user;last_edited_date</Process><Process ToolSource="c:\program files\arcgis\pro\Resources\ArcToolbox\Toolboxes\Data Management Tools.tbx\UpdateSchema" Date="20220824" Time="113037">UpdateSchema "CIMDATA=&lt;CIMStandardDataConnection xsi:type='typens:CIMStandardDataConnection' xmlns:xsi='http://www.w3.org/2001/XMLSchema-instance' xmlns:xs='http://www.w3.org/2001/XMLSchema' xmlns:typens='http://www.esri.com/schemas/ArcGIS/3.0.0'&gt;&lt;WorkspaceConnectionString&gt;DATABASE=K:\Users\Greg Rumpel\Shapefiles\Parcels.gdb&lt;/WorkspaceConnectionString&gt;&lt;WorkspaceFactory&gt;FileGDB&lt;/WorkspaceFactory&gt;&lt;Dataset&gt;Parcels&lt;/Dataset&gt;&lt;DatasetType&gt;esriDTFeatureClass&lt;/DatasetType&gt;&lt;/CIMStandardDataConnection&gt;" &lt;operationSequence&gt;&lt;workflow&gt;&lt;AddField&gt;&lt;field_name&gt;gisid&lt;/field_name&gt;&lt;field_type&gt;TEXT&lt;/field_type&gt;&lt;field_length&gt;255&lt;/field_length&gt;&lt;field_is_nullable&gt;True&lt;/field_is_nullable&gt;&lt;field_is_required&gt;False&lt;/field_is_required&gt;&lt;/AddField&gt;&lt;/workflow&gt;&lt;/operationSequence&gt;</Process><Process ToolSource="c:\program files\arcgis\pro\Resources\ArcToolbox\Toolboxes\Data Management Tools.tbx\UpdateSchema" Date="20220824" Time="113105">UpdateSchema "CIMDATA=&lt;CIMStandardDataConnection xsi:type='typens:CIMStandardDataConnection' xmlns:xsi='http://www.w3.org/2001/XMLSchema-instance' xmlns:xs='http://www.w3.org/2001/XMLSchema' xmlns:typens='http://www.esri.com/schemas/ArcGIS/3.0.0'&gt;&lt;WorkspaceConnectionString&gt;DATABASE=K:\Users\Greg Rumpel\Shapefiles\Parcels.gdb&lt;/WorkspaceConnectionString&gt;&lt;WorkspaceFactory&gt;FileGDB&lt;/WorkspaceFactory&gt;&lt;Dataset&gt;Parcels&lt;/Dataset&gt;&lt;DatasetType&gt;esriDTFeatureClass&lt;/DatasetType&gt;&lt;/CIMStandardDataConnection&gt;" &lt;operationSequence&gt;&lt;workflow&gt;&lt;AddField&gt;&lt;field_name&gt;YEARBUILT&lt;/field_name&gt;&lt;field_type&gt;TEXT&lt;/field_type&gt;&lt;field_length&gt;255&lt;/field_length&gt;&lt;field_is_nullable&gt;True&lt;/field_is_nullable&gt;&lt;field_is_required&gt;False&lt;/field_is_required&gt;&lt;/AddField&gt;&lt;/workflow&gt;&lt;/operationSequence&gt;</Process><Process ToolSource="c:\program files\arcgis\pro\Resources\ArcToolbox\toolboxes\Data Management Tools.tbx\CalculateField" Date="20220824" Time="113220">CalculateField Parcels gisid "'pi_parcel:' + !PROP_RSN!" "Python 3" # Text NO_ENFORCE_DOMAINS</Process><Process ToolSource="c:\program files\arcgis\pro\Resources\ArcToolbox\toolboxes\Data Management Tools.tbx\CopyFeatures" Date="20221006" Time="113057">CopyFeatures Parcels "S:\City of Windsor GDB\GDBCityofWindsor.gdb\Property\Parcels" # # # #</Process><Process ToolSource="c:\program files\arcgis\pro\Resources\ArcToolbox\toolboxes\Data Management Tools.tbx\CopyFeatures" Date="20221011" Time="083052">CopyFeatures "\\smapdv01\arcgisserver\City of Windsor GDB\GDBCityofWindsor.gdb\Property\Parcels" C:\Users\dayca\Documents\ArcGIS\Projects\GISO_PROD\GISO_PRODUCTION.sde\GEODB.GISO.Property\GEODB.GISO.Parcels # # # #</Process><Process ToolSource="c:\program files\arcgis\pro\Resources\ArcToolbox\toolboxes\Data Management Tools.tbx\Append" Date="20221027" Time="163648">Append C:\Users\dayca\Documents\ArcGIS\Projects\GISO_PROD\GISO_PRODUCTION.sde\GEODB.GISO.WIP_PendingParcels_SchemaChange_CD GEODB.GISO.Parcels "Use the field map to reconcile field differences" "ADD_NUMBER "ADD_NUMBER" true true false 254 Text 0 0,First,#,C:\Users\dayca\Documents\ArcGIS\Projects\GISO_PROD\GISO_PRODUCTION.sde\GEODB.GISO.WIP_PendingParcels_SchemaChange_CD,ADDRESS,0,254;ADD_RANGE "ADD_RANGE" true true false 254 Text 0 0,First,#,C:\Users\dayca\Documents\ArcGIS\Projects\GISO_PROD\GISO_PRODUCTION.sde\GEODB.GISO.WIP_PendingParcels_SchemaChange_CD,ADDRESS_FU,0,254;GEODB.GISO.Parcels.AREA "GEODB.GISO.Parcels.AREA" true true false 254 Text 0 0,First,#,C:\Users\dayca\Documents\ArcGIS\Projects\GISO_PROD\GISO_PRODUCTION.sde\GEODB.GISO.WIP_PendingParcels_SchemaChange_CD,GEODB.GISO.WIP_PendingParcels_SchemaChange_CD.AREA,0,255;DEPTH "DEPTH" true true false 254 Text 0 0,First,#,C:\Users\dayca\Documents\ArcGIS\Projects\GISO_PROD\GISO_PRODUCTION.sde\GEODB.GISO.WIP_PendingParcels_SchemaChange_CD,DEPTH,0,255;DIRECTION "DIRECTION" true true false 254 Text 0 0,First,#,C:\Users\dayca\Documents\ArcGIS\Projects\GISO_PROD\GISO_PRODUCTION.sde\GEODB.GISO.WIP_PendingParcels_SchemaChange_CD,DIR,0,254;FRONTAGE "FRONTAGE" true true false 254 Text 0 0,First,#,C:\Users\dayca\Documents\ArcGIS\Projects\GISO_PROD\GISO_PRODUCTION.sde\GEODB.GISO.WIP_PendingParcels_SchemaChange_CD,FRONTAGE,0,255;LEGAL1 "LEGAL1" true true false 254 Text 0 0,First,#,C:\Users\dayca\Documents\ArcGIS\Projects\GISO_PROD\GISO_PRODUCTION.sde\GEODB.GISO.WIP_PendingParcels_SchemaChange_CD,LEGAL1,0,255;LEGAL2 "LEGAL2" true true false 254 Text 0 0,First,#,C:\Users\dayca\Documents\ArcGIS\Projects\GISO_PROD\GISO_PRODUCTION.sde\GEODB.GISO.WIP_PendingParcels_SchemaChange_CD,LEGAL2,0,255;LEGAL3 "LEGAL3" true true false 254 Text 0 0,First,#,C:\Users\dayca\Documents\ArcGIS\Projects\GISO_PROD\GISO_PRODUCTION.sde\GEODB.GISO.WIP_PendingParcels_SchemaChange_CD,LEGAL3,0,255;PROP_CODE "PROP_CODE" true true false 254 Text 0 0,First,#,C:\Users\dayca\Documents\ArcGIS\Projects\GISO_PROD\GISO_PRODUCTION.sde\GEODB.GISO.WIP_PendingParcels_SchemaChange_CD,PROP_CODE,0,255;PROP_ROLL "PROP_ROLL" true true false 254 Text 0 0,First,#,C:\Users\dayca\Documents\ArcGIS\Projects\GISO_PROD\GISO_PRODUCTION.sde\GEODB.GISO.WIP_PendingParcels_SchemaChange_CD,PROP_ROLL,0,255;PROP_RSN "PROP_RSN" true true false 254 Text 0 0,First,#,C:\Users\dayca\Documents\ArcGIS\Projects\GISO_PROD\GISO_PRODUCTION.sde\GEODB.GISO.WIP_PendingParcels_SchemaChange_CD,PROP_RSN,0,254;ROLL_FIX "ROLL_FIX" true true false 254 Text 0 0,First,#,C:\Users\dayca\Documents\ArcGIS\Projects\GISO_PROD\GISO_PRODUCTION.sde\GEODB.GISO.WIP_PendingParcels_SchemaChange_CD,ROLL_FIX,0,255;STREET "STREET" true true false 254 Text 0 0,First,#,C:\Users\dayca\Documents\ArcGIS\Projects\GISO_PROD\GISO_PRODUCTION.sde\GEODB.GISO.WIP_PendingParcels_SchemaChange_CD,STREET,0,254;SUFFIX "SUFFIX" true true false 254 Text 0 0,First,#,C:\Users\dayca\Documents\ArcGIS\Projects\GISO_PROD\GISO_PRODUCTION.sde\GEODB.GISO.WIP_PendingParcels_SchemaChange_CD,SUFFIX,0,254;ZONING "ZONING" true true false 254 Text 0 0,First,#,C:\Users\dayca\Documents\ArcGIS\Projects\GISO_PROD\GISO_PRODUCTION.sde\GEODB.GISO.WIP_PendingParcels_SchemaChange_CD,ZONING,0,255;Shape_Leng "Shape_Leng" true true false 8 Double 8 38,First,#,C:\Users\dayca\Documents\ArcGIS\Projects\GISO_PROD\GISO_PRODUCTION.sde\GEODB.GISO.WIP_PendingParcels_SchemaChange_CD,Shape_Leng,-1,-1;Date_Creat "Date_Creat" true true false 8 Date 0 0,First,#,C:\Users\dayca\Documents\ArcGIS\Projects\GISO_PROD\GISO_PRODUCTION.sde\GEODB.GISO.WIP_PendingParcels_SchemaChange_CD,Date_Creat,-1,-1;Created_By "Created_By" true true false 50 Text 0 0,First,#,C:\Users\dayca\Documents\ArcGIS\Projects\GISO_PROD\GISO_PRODUCTION.sde\GEODB.GISO.WIP_PendingParcels_SchemaChange_CD,Created_By,0,255;Date_Edite "Date_Edite" true true false 8 Date 0 0,First,#,C:\Users\dayca\Documents\ArcGIS\Projects\GISO_PROD\GISO_PRODUCTION.sde\GEODB.GISO.WIP_PendingParcels_SchemaChange_CD,Date_Edite,-1,-1;Edited_By "Edited_By" true true false 50 Text 0 0,First,#,C:\Users\dayca\Documents\ArcGIS\Projects\GISO_PROD\GISO_PRODUCTION.sde\GEODB.GISO.WIP_PendingParcels_SchemaChange_CD,Edited_By,0,255;gisid "gisid" true true false 255 Text 0 0,First,#,C:\Users\dayca\Documents\ArcGIS\Projects\GISO_PROD\GISO_PRODUCTION.sde\GEODB.GISO.WIP_PendingParcels_SchemaChange_CD,gisid,0,255;YEARBUILT "YEARBUILT" true true false 255 Text 0 0,First,#,C:\Users\dayca\Documents\ArcGIS\Projects\GISO_PROD\GISO_PRODUCTION.sde\GEODB.GISO.WIP_PendingParcels_SchemaChange_CD,YEARBUILT,0,255" # #</Process><Process ToolSource="c:\program files\arcgis\pro\Resources\ArcToolbox\toolboxes\Data Management Tools.tbx\UpdateSchema" Date="20221123" Time="163314">UpdateSchema "CIMDATA=&lt;CIMFeatureDatasetDataConnection xsi:type='typens:CIMFeatureDatasetDataConnection' xmlns:xsi='http://www.w3.org/2001/XMLSchema-instance' xmlns:xs='http://www.w3.org/2001/XMLSchema' xmlns:typens='http://www.esri.com/schemas/ArcGIS/3.0.0'&gt;&lt;FeatureDataset&gt;GEODB.GISO.Property&lt;/FeatureDataset&gt;&lt;WorkspaceConnectionString&gt;ENCRYPTED_PASSWORD_UTF8=00022e6852384c4f4d2f726757697a71716f7349776a3273565034476e4d6259537a7670795336466a6a55637268633d2a00;ENCRYPTED_PASSWORD=00022e686f452f7766693379654774656161646e754458374d337873496b7a48776831534c6577564d4b4c714f41553d2a00;SERVER=SCORSQL03;INSTANCE=sde:sqlserver:SCORSQL03\A;DBCLIENT=sqlserver;DB_CONNECTION_PROPERTIES=SCORSQL03\A;DATABASE=GEODB;USER=giso;VERSION=sde.DEFAULT;AUTHENTICATION_MODE=DBMS&lt;/WorkspaceConnectionString&gt;&lt;WorkspaceFactory&gt;SDE&lt;/WorkspaceFactory&gt;&lt;Dataset&gt;GEODB.GISO.Parcels&lt;/Dataset&gt;&lt;DatasetType&gt;esriDTFeatureClass&lt;/DatasetType&gt;&lt;/CIMFeatureDatasetDataConnection&gt;" &lt;operationSequence&gt;&lt;workflow&gt;&lt;AlterField&gt;&lt;field_name&gt;GEODB.GISO.Parcels.AREA&lt;/field_name&gt;&lt;new_field_name&gt;AmandaArea&lt;/new_field_name&gt;&lt;field_type&gt;TEXT&lt;/field_type&gt;&lt;field_is_nullable&gt;True&lt;/field_is_nullable&gt;&lt;clear_field_alias&gt;False&lt;/clear_field_alias&gt;&lt;/AlterField&gt;&lt;/workflow&gt;&lt;/operationSequence&gt;</Process><Process ToolSource="c:\program files\arcgis\pro\Resources\ArcToolbox\toolboxes\Data Management Tools.tbx\UpdateSchema" Date="20221209" Time="141339">UpdateSchema "CIMDATA=&lt;CIMFeatureDatasetDataConnection xsi:type='typens:CIMFeatureDatasetDataConnection' xmlns:xsi='http://www.w3.org/2001/XMLSchema-instance' xmlns:xs='http://www.w3.org/2001/XMLSchema' xmlns:typens='http://www.esri.com/schemas/ArcGIS/2.9.0'&gt;&lt;FeatureDataset&gt;GEODB.GISO.Property&lt;/FeatureDataset&gt;&lt;WorkspaceConnectionString&gt;ENCRYPTED_PASSWORD=00022e687a442b4e557a53766b795565594f4c37675a4e56306d68564d4d72306e3262422b486c38664574486f4e593d2a00;SERVER=SCORSQL03;INSTANCE=sde:sqlserver:SCORSQL03\A;DBCLIENT=sqlserver;DB_CONNECTION_PROPERTIES=SCORSQL03\A;DATABASE=GEODB;USER=giso;VERSION=sde.DEFAULT;AUTHENTICATION_MODE=DBMS&lt;/WorkspaceConnectionString&gt;&lt;WorkspaceFactory&gt;SDE&lt;/WorkspaceFactory&gt;&lt;Dataset&gt;GEODB.GISO.Parcels&lt;/Dataset&gt;&lt;DatasetType&gt;esriDTFeatureClass&lt;/DatasetType&gt;&lt;/CIMFeatureDatasetDataConnection&gt;" &lt;operationSequence&gt;&lt;workflow&gt;&lt;AssignDomainToField&gt;&lt;field_name&gt;PROP_CODE&lt;/field_name&gt;&lt;domain_name&gt;PropCodes&lt;/domain_name&gt;&lt;/AssignDomainToField&gt;&lt;/workflow&gt;&lt;/operationSequence&gt;</Process><Process ToolSource="c:\program files\arcgis\pro\Resources\ArcToolbox\toolboxes\Data Management Tools.tbx\UpdateSchema" Date="20230712" Time="145141">UpdateSchema "CIMDATA=&lt;CIMFeatureDatasetDataConnection xsi:type='typens:CIMFeatureDatasetDataConnection' xmlns:xsi='http://www.w3.org/2001/XMLSchema-instance' xmlns:xs='http://www.w3.org/2001/XMLSchema' xmlns:typens='http://www.esri.com/schemas/ArcGIS/3.1.0'&gt;&lt;FeatureDataset&gt;GEODB.GISO.Property&lt;/FeatureDataset&gt;&lt;WorkspaceConnectionString&gt;ENCRYPTED_PASSWORD_UTF8=00022e68727171684c6f646e754c514835536a6a3666626946692f2f48383241523159746e6c337a4a3938726c48773d2a00;ENCRYPTED_PASSWORD=00022e6838577433696443534d6354614c37586330436b677661326362396d512f5134516951746572347435354c673d2a00;SERVER=SCORSQL03;INSTANCE=sde:sqlserver:SCORSQL03\A;DBCLIENT=sqlserver;DB_CONNECTION_PROPERTIES=SCORSQL03\A;DATABASE=GEODB;USER=giso;VERSION=sde.DEFAULT;AUTHENTICATION_MODE=DBMS&lt;/WorkspaceConnectionString&gt;&lt;WorkspaceFactory&gt;SDE&lt;/WorkspaceFactory&gt;&lt;Dataset&gt;GEODB.GISO.Parcels&lt;/Dataset&gt;&lt;DatasetType&gt;esriDTFeatureClass&lt;/DatasetType&gt;&lt;/CIMFeatureDatasetDataConnection&gt;" &lt;operationSequence&gt;&lt;workflow&gt;&lt;AlterField&gt;&lt;field_name&gt;gisid&lt;/field_name&gt;&lt;new_field_name&gt;GISID&lt;/new_field_name&gt;&lt;field_type&gt;TEXT&lt;/field_type&gt;&lt;field_is_nullable&gt;True&lt;/field_is_nullable&gt;&lt;clear_field_alias&gt;False&lt;/clear_field_alias&gt;&lt;/AlterField&gt;&lt;/workflow&gt;&lt;workflow&gt;&lt;AlterField&gt;&lt;field_name&gt;gisid&lt;/field_name&gt;&lt;new_field_name&gt;PiParcel&lt;/new_field_name&gt;&lt;field_type&gt;TEXT&lt;/field_type&gt;&lt;field_is_nullable&gt;True&lt;/field_is_nullable&gt;&lt;clear_field_alias&gt;False&lt;/clear_field_alias&gt;&lt;/AlterField&gt;&lt;/workflow&gt;&lt;/operationSequence&gt;</Process><Process ToolSource="c:\program files\arcgis\pro\Resources\ArcToolbox\toolboxes\Data Management Tools.tbx\CalculateField" Date="20230906" Time="103315">CalculateField GEODB.GISO.Parcels ADD_RANGE !ADD_RANGE!.replace("MATCHETTE", "MATCHETT") "Python 3" # Text NO_ENFORCE_DOMAINS</Process><Process ToolSource="c:\program files\arcgis\pro\Resources\ArcToolbox\toolboxes\Data Management Tools.tbx\CalculateField" Date="20230907" Time="091410">CalculateField GEODB.GISO.Parcels STREET !STREET!.replace("MATCHETTE", "MATCHETT") "Python 3" # Text NO_ENFORCE_DOMAINS</Process><Process ToolSource="c:\program files\arcgis\pro\Resources\ArcToolbox\toolboxes\Conversion Tools.tbx\ExportFeatures" Date="20230908" Time="145021">ExportFeatures "K:\Users\Neil Blair\GISCADTECH_August2020_PRESENT\GDB_Updates\GDB_Update\SCORSQL03.sde\GEODB.GISO.Property\GEODB.GISO.Parcels" "Y:\City of Windsor GDB\GDBCityofWindsor.gdb\Property\Parcels" # NOT_USE_ALIAS "ADD_NUMBER "ADD_NUMBER" true true false 254 Text 0 0,First,#,K:\Users\Neil Blair\GISCADTECH_August2020_PRESENT\GDB_Updates\GDB_Update\SCORSQL03.sde\GEODB.GISO.Property\GEODB.GISO.Parcels,ADD_NUMBER,0,254;ADD_RANGE "ADD_RANGE" true true false 254 Text 0 0,First,#,K:\Users\Neil Blair\GISCADTECH_August2020_PRESENT\GDB_Updates\GDB_Update\SCORSQL03.sde\GEODB.GISO.Property\GEODB.GISO.Parcels,ADD_RANGE,0,254;AmandaArea "AREA" true true false 254 Text 0 0,First,#,K:\Users\Neil Blair\GISCADTECH_August2020_PRESENT\GDB_Updates\GDB_Update\SCORSQL03.sde\GEODB.GISO.Property\GEODB.GISO.Parcels,AmandaArea,0,254;DEPTH "DEPTH" true true false 254 Text 0 0,First,#,K:\Users\Neil Blair\GISCADTECH_August2020_PRESENT\GDB_Updates\GDB_Update\SCORSQL03.sde\GEODB.GISO.Property\GEODB.GISO.Parcels,DEPTH,0,254;DIRECTION "DIRECTION" true true false 254 Text 0 0,First,#,K:\Users\Neil Blair\GISCADTECH_August2020_PRESENT\GDB_Updates\GDB_Update\SCORSQL03.sde\GEODB.GISO.Property\GEODB.GISO.Parcels,DIRECTION,0,254;FRONTAGE "FRONTAGE" true true false 254 Text 0 0,First,#,K:\Users\Neil Blair\GISCADTECH_August2020_PRESENT\GDB_Updates\GDB_Update\SCORSQL03.sde\GEODB.GISO.Property\GEODB.GISO.Parcels,FRONTAGE,0,254;LEGAL1 "LEGAL1" true true false 254 Text 0 0,First,#,K:\Users\Neil Blair\GISCADTECH_August2020_PRESENT\GDB_Updates\GDB_Update\SCORSQL03.sde\GEODB.GISO.Property\GEODB.GISO.Parcels,LEGAL1,0,254;LEGAL2 "LEGAL2" true true false 254 Text 0 0,First,#,K:\Users\Neil Blair\GISCADTECH_August2020_PRESENT\GDB_Updates\GDB_Update\SCORSQL03.sde\GEODB.GISO.Property\GEODB.GISO.Parcels,LEGAL2,0,254;LEGAL3 "LEGAL3" true true false 254 Text 0 0,First,#,K:\Users\Neil Blair\GISCADTECH_August2020_PRESENT\GDB_Updates\GDB_Update\SCORSQL03.sde\GEODB.GISO.Property\GEODB.GISO.Parcels,LEGAL3,0,254;PROP_CODE "PROP_CODE" true true false 254 Text 0 0,First,#,K:\Users\Neil Blair\GISCADTECH_August2020_PRESENT\GDB_Updates\GDB_Update\SCORSQL03.sde\GEODB.GISO.Property\GEODB.GISO.Parcels,PROP_CODE,0,254;PROP_ROLL "PROP_ROLL" true true false 254 Text 0 0,First,#,K:\Users\Neil Blair\GISCADTECH_August2020_PRESENT\GDB_Updates\GDB_Update\SCORSQL03.sde\GEODB.GISO.Property\GEODB.GISO.Parcels,PROP_ROLL,0,254;PROP_RSN "PROP_RSN" true true false 254 Text 0 0,First,#,K:\Users\Neil Blair\GISCADTECH_August2020_PRESENT\GDB_Updates\GDB_Update\SCORSQL03.sde\GEODB.GISO.Property\GEODB.GISO.Parcels,PROP_RSN,0,254;ROLL_FIX "ROLL_FIX" true true false 254 Text 0 0,First,#,K:\Users\Neil Blair\GISCADTECH_August2020_PRESENT\GDB_Updates\GDB_Update\SCORSQL03.sde\GEODB.GISO.Property\GEODB.GISO.Parcels,ROLL_FIX,0,254;STREET "STREET" true true false 254 Text 0 0,First,#,K:\Users\Neil Blair\GISCADTECH_August2020_PRESENT\GDB_Updates\GDB_Update\SCORSQL03.sde\GEODB.GISO.Property\GEODB.GISO.Parcels,STREET,0,254;SUFFIX "SUFFIX" true true false 254 Text 0 0,First,#,K:\Users\Neil Blair\GISCADTECH_August2020_PRESENT\GDB_Updates\GDB_Update\SCORSQL03.sde\GEODB.GISO.Property\GEODB.GISO.Parcels,SUFFIX,0,254;ZONING "ZONING" true true false 254 Text 0 0,First,#,K:\Users\Neil Blair\GISCADTECH_August2020_PRESENT\GDB_Updates\GDB_Update\SCORSQL03.sde\GEODB.GISO.Property\GEODB.GISO.Parcels,ZONING,0,254;Shape_Leng "Shape_Leng" true true false 8 Double 8 38,First,#,K:\Users\Neil Blair\GISCADTECH_August2020_PRESENT\GDB_Updates\GDB_Update\SCORSQL03.sde\GEODB.GISO.Property\GEODB.GISO.Parcels,Shape_Leng,-1,-1;Date_Creat "Date_Creat" true true false 8 Date 0 0,First,#,K:\Users\Neil Blair\GISCADTECH_August2020_PRESENT\GDB_Updates\GDB_Update\SCORSQL03.sde\GEODB.GISO.Property\GEODB.GISO.Parcels,Date_Creat,-1,-1;Created_By "Created_By" true true false 50 Text 0 0,First,#,K:\Users\Neil Blair\GISCADTECH_August2020_PRESENT\GDB_Updates\GDB_Update\SCORSQL03.sde\GEODB.GISO.Property\GEODB.GISO.Parcels,Created_By,0,50;Date_Edite "Date_Edite" true true false 8 Date 0 0,First,#,K:\Users\Neil Blair\GISCADTECH_August2020_PRESENT\GDB_Updates\GDB_Update\SCORSQL03.sde\GEODB.GISO.Property\GEODB.GISO.Parcels,Date_Edite,-1,-1;Edited_By "Edited_By" true true false 50 Text 0 0,First,#,K:\Users\Neil Blair\GISCADTECH_August2020_PRESENT\GDB_Updates\GDB_Update\SCORSQL03.sde\GEODB.GISO.Property\GEODB.GISO.Parcels,Edited_By,0,50;gisid "gisid" true true false 255 Text 0 0,First,#,K:\Users\Neil Blair\GISCADTECH_August2020_PRESENT\GDB_Updates\GDB_Update\SCORSQL03.sde\GEODB.GISO.Property\GEODB.GISO.Parcels,gisid,0,255;YEARBUILT "YEARBUILT" true true false 255 Text 0 0,First,#,K:\Users\Neil Blair\GISCADTECH_August2020_PRESENT\GDB_Updates\GDB_Update\SCORSQL03.sde\GEODB.GISO.Property\GEODB.GISO.Parcels,YEARBUILT,0,255;created_user "created_user" false true false 255 Text 0 0,First,#,K:\Users\Neil Blair\GISCADTECH_August2020_PRESENT\GDB_Updates\GDB_Update\SCORSQL03.sde\GEODB.GISO.Property\GEODB.GISO.Parcels,created_user,0,255;created_date "created_date" false true false 8 Date 0 0,First,#,K:\Users\Neil Blair\GISCADTECH_August2020_PRESENT\GDB_Updates\GDB_Update\SCORSQL03.sde\GEODB.GISO.Property\GEODB.GISO.Parcels,created_date,-1,-1;last_edited_user "last_edited_user" false true false 255 Text 0 0,First,#,K:\Users\Neil Blair\GISCADTECH_August2020_PRESENT\GDB_Updates\GDB_Update\SCORSQL03.sde\GEODB.GISO.Property\GEODB.GISO.Parcels,last_edited_user,0,255;last_edited_date "last_edited_date" false true false 8 Date 0 0,First,#,K:\Users\Neil Blair\GISCADTECH_August2020_PRESENT\GDB_Updates\GDB_Update\SCORSQL03.sde\GEODB.GISO.Property\GEODB.GISO.Parcels,last_edited_date,-1,-1;GlobalID "GlobalID" false false true 38 GlobalID 0 0,First,#,K:\Users\Neil Blair\GISCADTECH_August2020_PRESENT\GDB_Updates\GDB_Update\SCORSQL03.sde\GEODB.GISO.Property\GEODB.GISO.Parcels,GlobalID,-1,-1" #</Process><Process ToolSource="c:\program files (x86)\arcgis\desktop10.6\ArcToolbox\Toolboxes\Conversion Tools.tbx\FeatureClassToFeatureClass" Date="20230908" Time="154838">FeatureClassToFeatureClass "\\smapdv01\arcgisserver\City of Windsor GDB\GDBCityofWindsor.gdb\Parcels" "K:\Open Data Files\Open Data 2023\September\Land Parcels\RATSRATSRATS" "Land Parcels" # "ADD_NUMBER "ADD_NUMBER" true true false 254 Text 0 0 ,First,#,\\smapdv01\arcgisserver\City of Windsor GDB\GDBCityofWindsor.gdb/Property/Parcels,ADD_NUMBER,-1,-1;ADD_RANGE "ADD_RANGE" true true false 254 Text 0 0 ,First,#,\\smapdv01\arcgisserver\City of Windsor GDB\GDBCityofWindsor.gdb/Property/Parcels,ADD_RANGE,-1,-1;AREA "AREA" true true false 254 Text 0 0 ,First,#,\\smapdv01\arcgisserver\City of Windsor GDB\GDBCityofWindsor.gdb/Property/Parcels,AREA,-1,-1;DEPTH "DEPTH" true true false 254 Text 0 0 ,First,#,\\smapdv01\arcgisserver\City of Windsor GDB\GDBCityofWindsor.gdb/Property/Parcels,DEPTH,-1,-1;DIRECTION "DIRECTION" true true false 254 Text 0 0 ,First,#,\\smapdv01\arcgisserver\City of Windsor GDB\GDBCityofWindsor.gdb/Property/Parcels,DIRECTION,-1,-1;FRONTAGE "FRONTAGE" true true false 254 Text 0 0 ,First,#,\\smapdv01\arcgisserver\City of Windsor GDB\GDBCityofWindsor.gdb/Property/Parcels,FRONTAGE,-1,-1;ROLL_FIX "ROLL_FIX" true true false 254 Text 0 0 ,First,#,\\smapdv01\arcgisserver\City of Windsor GDB\GDBCityofWindsor.gdb/Property/Parcels,ROLL_FIX,-1,-1;STREET "STREET" true true false 254 Text 0 0 ,First,#,\\smapdv01\arcgisserver\City of Windsor GDB\GDBCityofWindsor.gdb/Property/Parcels,STREET,-1,-1;SUFFIX "SUFFIX" true true false 254 Text 0 0 ,First,#,\\smapdv01\arcgisserver\City of Windsor GDB\GDBCityofWindsor.gdb/Property/Parcels,SUFFIX,-1,-1;ZONING "ZONING" true true false 254 Text 0 0 ,First,#,\\smapdv01\arcgisserver\City of Windsor GDB\GDBCityofWindsor.gdb/Property/Parcels,ZONING,-1,-1" #</Process><Process ToolSource="c:\program files (x86)\arcgis\desktop10.6\ArcToolbox\Toolboxes\Data Management Tools.tbx\Project" Date="20230908" Time="161151">Project "K:\Open Data Files\Open Data 2023\September\Land Parcels\RATSRATSRATS\Land Parcels.shp" "K:\Open Data Files\Open Data 2023\September\Land Parcels\RATSRATSRATS_LL84\Land Parcels_LL84.shp" GEOGCS['GCS_WGS_1984',DATUM['D_WGS_1984',SPHEROID['WGS_1984',6378137.0,298.257223563]],PRIMEM['Greenwich',0.0],UNIT['Degree',0.0174532925199433]] WGS_1984_(ITRF00)_To_NAD_1983 PROJCS['NAD_1983_UTM_Zone_17N',GEOGCS['GCS_North_American_1983',DATUM['D_North_American_1983',SPHEROID['GRS_1980',6378137.0,298.257222101]],PRIMEM['Greenwich',0.0],UNIT['Degree',0.0174532925199433]],PROJECTION['Transverse_Mercator'],PARAMETER['False_Easting',500000.0],PARAMETER['False_Northing',0.0],PARAMETER['Central_Meridian',-81.0],PARAMETER['Scale_Factor',0.9996],PARAMETER['Latitude_Of_Origin',0.0],UNIT['Meter',1.0]] NO_PRESERVE_SHAPE # NO_VERTICAL</Process></lineage><itemProps><itemName Sync="TRUE">Land Parcels</itemName><imsContentType Sync="TRUE">002</imsContentType><itemLocation><linkage Sync="TRUE">file://\\corp.windsor\GIS\Current\Open Data Files\Open Data 2023\September\Land Parcels\RATSRATSRATS\Land Parcels.shp</linkage><protocol Sync="TRUE">Local Area Network</protocol></itemLocation><nativeExtBox><westBL Sync="TRUE">325905.002000</westBL><eastBL Sync="TRUE">344156.641800</eastBL><southBL Sync="TRUE">4677686.131200</southBL><northBL Sync="TRUE">4690549.462400</northBL><exTypeCode Sync="TRUE">1</exTypeCode></nativeExtBox><itemSize Sync="TRUE">0.000</itemSize></itemProps><coordRef><type Sync="TRUE">Projected</type><geogcsn Sync="TRUE">GCS_North_American_1983</geogcsn><csUnits Sync="TRUE">Linear Unit: Meter (1.000000)</csUnits><projcsn Sync="TRUE">NAD_1983_UTM_Zone_17N</projcsn><peXml Sync="TRUE">&lt;ProjectedCoordinateSystem xsi:type='typens:ProjectedCoordinateSystem' xmlns:xsi='http://www.w3.org/2001/XMLSchema-instance' xmlns:xs='http://www.w3.org/2001/XMLSchema' xmlns:typens='http://www.esri.com/schemas/ArcGIS/10.6'&gt;&lt;WKT&gt;PROJCS[&amp;quot;NAD_1983_UTM_Zone_17N&amp;quot;,GEOGCS[&amp;quot;GCS_North_American_1983&amp;quot;,DATUM[&amp;quot;D_North_American_1983&amp;quot;,SPHEROID[&amp;quot;GRS_1980&amp;quot;,6378137.0,298.257222101]],PRIMEM[&amp;quot;Greenwich&amp;quot;,0.0],UNIT[&amp;quot;Degree&amp;quot;,0.0174532925199433]],PROJECTION[&amp;quot;Transverse_Mercator&amp;quot;],PARAMETER[&amp;quot;False_Easting&amp;quot;,500000.0],PARAMETER[&amp;quot;False_Northing&amp;quot;,0.0],PARAMETER[&amp;quot;Central_Meridian&amp;quot;,-81.0],PARAMETER[&amp;quot;Scale_Factor&amp;quot;,0.9996],PARAMETER[&amp;quot;Latitude_Of_Origin&amp;quot;,0.0],UNIT[&amp;quot;Meter&amp;quot;,1.0],AUTHORITY[&amp;quot;EPSG&amp;quot;,26917]]&lt;/WKT&gt;&lt;XOrigin&gt;-5120900&lt;/XOrigin&gt;&lt;YOrigin&gt;-9998100&lt;/YOrigin&gt;&lt;XYScale&gt;450445547.3910538&lt;/XYScale&gt;&lt;ZOrigin&gt;-100000&lt;/ZOrigin&gt;&lt;ZScale&gt;10000&lt;/ZScale&gt;&lt;MOrigin&gt;-100000&lt;/MOrigin&gt;&lt;MScale&gt;10000&lt;/MScale&gt;&lt;XYTolerance&gt;0.001&lt;/XYTolerance&gt;&lt;ZTolerance&gt;0.001&lt;/ZTolerance&gt;&lt;MTolerance&gt;0.001&lt;/MTolerance&gt;&lt;HighPrecision&gt;true&lt;/HighPrecision&gt;&lt;WKID&gt;26917&lt;/WKID&gt;&lt;LatestWKID&gt;26917&lt;/LatestWKID&gt;&lt;/ProjectedCoordinateSystem&gt;</peXml></coordRef><LayerFile>{"type":"CIMLayerDocument","version":"2.6.0","build":24783,"layers":["CIMPATH=map/parcels.xml"],"layerDefinitions":[{"type":"CIMFeatureLayer","name":"Parcels","uRI":"CIMPATH=map/parcels.xml","sourceModifiedTime":{"type":"TimeInstant"},"useSourceMetadata":true,"description":"Parcels","layerElevation":{"type":"CIMLayerElevationSurface","mapElevationID":"{4711F663-7FBF-4435-BB73-EFC0F2B7EE65}"},"expanded":true,"layerType":"Operational","showLegends":true,"visibility":true,"displayCacheType":"Permanent","maxDisplayCacheAge":5,"showPopups":true,"serviceLayerID":-1,"refreshRate":-1,"refreshRateUnit":"esriTimeUnitsSeconds","autoGenerateFeatureTemplates":true,"featureElevationExpression":"0","featureTable":{"type":"CIMFeatureTable","displayField":"ADD_NUMBER","editable":true,"dataConnection":{"type":"CIMStandardDataConnection"},"studyAreaSpatialRel":"esriSpatialRelUndefined","searchOrder":"esriSearchOrderSpatial"},"htmlPopupEnabled":true,"selectable":true,"featureCacheType":"Session","displayFiltersType":"ByScale","labelClasses":[{"type":"CIMLabelClass","expression":"$feature.ADD_NUMBER","expressionEngine":"Arcade","featuresToLabel":"AllVisibleFeatures","maplexLabelPlacementProperties":{"type":"CIMMaplexLabelPlacementProperties","featureType":"Polygon","avoidPolygonHoles":true,"canOverrunFeature":true,"canPlaceLabelOutsidePolygon":true,"canRemoveOverlappingLabel":true,"canStackLabel":true,"connectionType":"Unambiguous","constrainOffset":"NoConstraint","contourAlignmentType":"Page","contourLadderType":"Straight","contourMaximumAngle":90,"enableConnection":true,"featureWeight":0,"fontHeightReductionLimit":4,"fontHeightReductionStep":0.5,"fontWidthReductionLimit":90,"fontWidthReductionStep":5,"graticuleAlignmentType":"Straight","keyNumberGroupName":"Default","labelBuffer":15,"labelLargestPolygon":true,"labelPriority":-1,"labelStackingProperties":{"type":"CIMMaplexLabelStackingProperties","stackAlignment":"ChooseBest","maximumNumberOfLines":3,"minimumNumberOfCharsPerLine":3,"maximumNumberOfCharsPerLine":24,"separators":[{"type":"CIMMaplexStackingSeparator","separator":" ","splitAfter":true},{"type":"CIMMaplexStackingSeparator","separator":",","visible":true,"splitAfter":true}]},"lineFeatureType":"General","linePlacementMethod":"OffsetCurvedFromLine","maximumLabelOverrun":80,"maximumLabelOverrunUnit":"Point","minimumFeatureSizeUnit":"Map","multiPartOption":"OneLabelPerPart","offsetAlongLineProperties":{"type":"CIMMaplexOffsetAlongLineProperties","placementMethod":"BestPositionAlongLine","labelAnchorPoint":"CenterOfLabel","distanceUnit":"Percentage","useLineDirection":true},"pointExternalZonePriorities":{"type":"CIMMaplexExternalZonePriorities","aboveLeft":4,"aboveCenter":2,"aboveRight":1,"centerRight":3,"belowRight":5,"belowCenter":7,"belowLeft":8,"centerLeft":6},"pointPlacementMethod":"AroundPoint","polygonAnchorPointType":"GeometricCenter","polygonBoundaryWeight":0,"polygonExternalZones":{"type":"CIMMaplexExternalZonePriorities","aboveLeft":4,"aboveCenter":2,"aboveRight":1,"centerRight":3,"belowRight":5,"belowCenter":7,"belowLeft":8,"centerLeft":6},"polygonFeatureType":"General","polygonInternalZones":{"type":"CIMMaplexInternalZonePriorities","center":1},"polygonPlacementMethod":"HorizontalInPolygon","primaryOffset":1,"primaryOffsetUnit":"Point","removeExtraWhiteSpace":true,"repetitionIntervalUnit":"Point","rotationProperties":{"type":"CIMMaplexRotationProperties","rotationType":"Arithmetic","alignmentType":"Straight"},"secondaryOffset":100,"strategyPriorities":{"type":"CIMMaplexStrategyPriorities","stacking":1,"overrun":2,"fontCompression":3,"fontReduction":4,"abbreviation":5},"thinningDistanceUnit":"Point","truncationMarkerCharacter":".","truncationMinimumLength":1,"truncationPreferredCharacters":"aeiou","truncationExcludedCharacters":"0123456789"},"name":"Class 1","priority":-1,"standardLabelPlacementProperties":{"type":"CIMStandardLabelPlacementProperties","featureType":"Line","featureWeight":"Low","labelWeight":"High","numLabelsOption":"OneLabelPerName","lineLabelPosition":{"type":"CIMStandardLineLabelPosition","above":true,"inLine":true,"parallel":true},"lineLabelPriorities":{"type":"CIMStandardLineLabelPriorities","aboveStart":3,"aboveAlong":3,"aboveEnd":3,"centerStart":3,"centerAlong":3,"centerEnd":3,"belowStart":3,"belowAlong":3,"belowEnd":3},"pointPlacementMethod":"AroundPoint","pointPlacementPriorities":{"type":"CIMStandardPointPlacementPriorities","aboveLeft":2,"aboveCenter":2,"aboveRight":1,"centerLeft":3,"centerRight":2,"belowLeft":3,"belowCenter":3,"belowRight":2},"rotationType":"Arithmetic","polygonPlacementMethod":"AlwaysHorizontal"},"textSymbol":{"type":"CIMSymbolReference","symbol":{"type":"CIMTextSymbol","blockProgression":"TTB","depth3D":1,"extrapolateBaselines":true,"fontEffects":"Normal","fontEncoding":"Unicode","fontFamilyName":"Tahoma","fontStyleName":"Regular","fontType":"Unspecified","haloSize":1,"height":10,"hinting":"Default","horizontalAlignment":"Left","kerning":true,"letterWidth":100,"ligatures":true,"lineGapType":"ExtraLeading","symbol":{"type":"CIMPolygonSymbol","symbolLayers":[{"type":"CIMSolidFill","enable":true,"color":{"type":"CIMRGBColor","values":[0,0,0,100]}}]},"textCase":"Normal","textDirection":"LTR","verticalAlignment":"Bottom","verticalGlyphOrientation":"Right","wordSpacing":100,"billboardMode3D":"FaceNearPlane"}},"useCodedValue":true,"visibility":true,"iD":-1}],"renderer":{"type":"CIMSimpleRenderer","patch":"Default","symbol":{"type":"CIMSymbolReference","symbol":{"type":"CIMPolygonSymbol","symbolLayers":[{"type":"CIMSolidStroke","enable":true,"capStyle":"Round","joinStyle":"Round","lineStyle3D":"Strip","miterLimit":10,"width":0.69999999999999996,"color":{"type":"CIMRGBColor","values":[110,110,110,100]}},{"type":"CIMSolidFill","enable":true,"color":{"type":"CIMRGBColor","values":[238.77000000000001,189.34,252.449999999999989,100]}}]}}},"scaleSymbols":true,"snappable":true}]}</LayerFile></DataProperties><SyncDate>20230908</SyncDate><SyncTime>15481100</SyncTime><ModDate>20230908</ModDate><ModTime>15481100</ModTime></Esri><dataIdInfo><envirDesc Sync="TRUE"> Version 6.2 (Build 9200) ; Esri ArcGIS 10.6.0.8321</envirDesc><dataLang><languageCode value="eng" Sync="TRUE"/><countryCode value="CAN" Sync="TRUE"/></dataLang><idCitation><resTitle Sync="TRUE">Land Parcels</resTitle><presForm><PresFormCd value="005" Sync="TRUE"/></presForm></idCitation><spatRpType><SpatRepTypCd value="001" Sync="TRUE"/></spatRpType><dataExt><geoEle><GeoBndBox esriExtentType="search"><exTypeCode Sync="TRUE">1</exTypeCode><westBL Sync="TRUE">-83.113651</westBL><eastBL Sync="TRUE">-82.888722</eastBL><northBL Sync="TRUE">42.351603</northBL><southBL Sync="TRUE">42.231962</southBL></GeoBndBox></geoEle></dataExt></dataIdInfo><mdLang><languageCode value="eng" Sync="TRUE"/><countryCode value="CAN" Sync="TRUE"/></mdLang><distInfo><distFormat><formatName Sync="TRUE">Shapefile</formatName></distFormat><distTranOps><transSize Sync="TRUE">0.000</transSize></distTranOps></distInfo><mdHrLv><ScopeCd value="005" Sync="TRUE"/></mdHrLv><mdHrLvName Sync="TRUE">dataset</mdHrLvName><refSysInfo><RefSystem><refSysID><identCode code="26917" Sync="TRUE"/><idCodeSpace Sync="TRUE">EPSG</idCodeSpace><idVersion Sync="TRUE">6.13(3.0.1)</idVersion></refSysID></RefSystem></refSysInfo><spatRepInfo><VectSpatRep><geometObjs Name="Land Parcels"><geoObjTyp><GeoObjTypCd value="002" Sync="TRUE"></GeoObjTypCd></geoObjTyp><geoObjCnt Sync="TRUE">0</geoObjCnt></geometObjs><topLvl><TopoLevCd value="001" Sync="TRUE"></TopoLevCd></topLvl></VectSpatRep></spatRepInfo><spdoinfo><ptvctinf><esriterm Name="Land Parcels"><efeatyp Sync="TRUE">Simple</efeatyp><efeageom code="4" Sync="TRUE"></efeageom><esritopo Sync="TRUE">FALSE</esritopo><efeacnt Sync="TRUE">0</efeacnt><spindex Sync="TRUE">FALSE</spindex><linrefer Sync="TRUE">FALSE</linrefer></esriterm></ptvctinf></spdoinfo><eainfo><detailed Name="Land Parcels"><enttyp><enttypl Sync="TRUE">Land Parcels</enttypl><enttypt Sync="TRUE">Feature Class</enttypt><enttypc Sync="TRUE">0</enttypc></enttyp><attr><attrlabl Sync="TRUE">FID</attrlabl><attalias Sync="TRUE">FID</attalias><attrtype Sync="TRUE">OID</attrtype><attwidth Sync="TRUE">4</attwidth><atprecis Sync="TRUE">0</atprecis><attscale Sync="TRUE">0</attscale><attrdef Sync="TRUE">Internal feature number.</attrdef><attrdefs Sync="TRUE">Esri</attrdefs><attrdomv><udom Sync="TRUE">Sequential unique whole numbers that are automatically generated.</udom></attrdomv></attr><attr><attrlabl Sync="TRUE">Shape</attrlabl><attalias Sync="TRUE">Shape</attalias><attrtype Sync="TRUE">Geometry</attrtype><attwidth Sync="TRUE">0</attwidth><atprecis Sync="TRUE">0</atprecis><attscale Sync="TRUE">0</attscale><attrdef Sync="TRUE">Feature geometry.</attrdef><attrdefs Sync="TRUE">Esri</attrdefs><attrdomv><udom Sync="TRUE">Coordinates defining the features.</udom></attrdomv></attr><attr><attrlabl Sync="TRUE">ADD_NUMBER</attrlabl><attalias Sync="TRUE">ADD_NUMBER</attalias><attrtype Sync="TRUE">String</attrtype><attwidth Sync="TRUE">254</attwidth><atprecis Sync="TRUE">0</atprecis><attscale Sync="TRUE">0</attscale></attr><attr><attrlabl Sync="TRUE">ADD_RANGE</attrlabl><attalias Sync="TRUE">ADD_RANGE</attalias><attrtype Sync="TRUE">String</attrtype><attwidth Sync="TRUE">254</attwidth><atprecis Sync="TRUE">0</atprecis><attscale Sync="TRUE">0</attscale></attr><attr><attrlabl Sync="TRUE">AREA</attrlabl><attalias Sync="TRUE">AREA</attalias><attrtype Sync="TRUE">String</attrtype><attwidth Sync="TRUE">254</attwidth><atprecis Sync="TRUE">0</atprecis><attscale Sync="TRUE">0</attscale></attr><attr><attrlabl Sync="TRUE">DEPTH</attrlabl><attalias Sync="TRUE">DEPTH</attalias><attrtype Sync="TRUE">String</attrtype><attwidth Sync="TRUE">254</attwidth><atprecis Sync="TRUE">0</atprecis><attscale Sync="TRUE">0</attscale></attr><attr><attrlabl Sync="TRUE">DIRECTION</attrlabl><attalias Sync="TRUE">DIRECTION</attalias><attrtype Sync="TRUE">String</attrtype><attwidth Sync="TRUE">254</attwidth><atprecis Sync="TRUE">0</atprecis><attscale Sync="TRUE">0</attscale></attr><attr><attrlabl Sync="TRUE">FRONTAGE</attrlabl><attalias Sync="TRUE">FRONTAGE</attalias><attrtype Sync="TRUE">String</attrtype><attwidth Sync="TRUE">254</attwidth><atprecis Sync="TRUE">0</atprecis><attscale Sync="TRUE">0</attscale></attr><attr><attrlabl Sync="TRUE">ROLL_FIX</attrlabl><attalias Sync="TRUE">ROLL_FIX</attalias><attrtype Sync="TRUE">String</attrtype><attwidth Sync="TRUE">254</attwidth><atprecis Sync="TRUE">0</atprecis><attscale Sync="TRUE">0</attscale></attr><attr><attrlabl Sync="TRUE">STREET</attrlabl><attalias Sync="TRUE">STREET</attalias><attrtype Sync="TRUE">String</attrtype><attwidth Sync="TRUE">254</attwidth><atprecis Sync="TRUE">0</atprecis><attscale Sync="TRUE">0</attscale></attr><attr><attrlabl Sync="TRUE">SUFFIX</attrlabl><attalias Sync="TRUE">SUFFIX</attalias><attrtype Sync="TRUE">String</attrtype><attwidth Sync="TRUE">254</attwidth><atprecis Sync="TRUE">0</atprecis><attscale Sync="TRUE">0</attscale></attr><attr><attrlabl Sync="TRUE">ZONING</attrlabl><attalias Sync="TRUE">ZONING</attalias><attrtype Sync="TRUE">String</attrtype><attwidth Sync="TRUE">254</attwidth><atprecis Sync="TRUE">0</atprecis><attscale Sync="TRUE">0</attscale></attr></detailed></eainfo><mdDateSt Sync="TRUE">20230908</mdDateSt></metadata>
