<metadata xml:lang="en"><Esri><CreaDate>20220804</CreaDate><CreaTime>14402100</CreaTime><ArcGISFormat>1.0</ArcGISFormat><SyncOnce>FALSE</SyncOnce><DataProperties><lineage><Process ToolSource="c:\program files\arcgis\pro\Resources\ArcToolbox\Toolboxes\Data Management Tools.tbx\UpdateSchema" Date="20200422" Time="195803">UpdateSchema "CIMDATA=&lt;CIMFeatureDatasetDataConnection xsi:type='typens:CIMFeatureDatasetDataConnection' xmlns:xsi='http://www.w3.org/2001/XMLSchema-instance' xmlns:xs='http://www.w3.org/2001/XMLSchema' xmlns:typens='http://www.esri.com/schemas/ArcGIS/2.5.0'&gt;&lt;FeatureDataset&gt;ParksRec&lt;/FeatureDataset&gt;&lt;WorkspaceConnectionString&gt;DATABASE=Y:\City of Windsor GDB\GDBCityofWindsor.gdb&lt;/WorkspaceConnectionString&gt;&lt;WorkspaceFactory&gt;FileGDB&lt;/WorkspaceFactory&gt;&lt;Dataset&gt;Playgrounds&lt;/Dataset&gt;&lt;DatasetType&gt;esriDTFeatureClass&lt;/DatasetType&gt;&lt;/CIMFeatureDatasetDataConnection&gt;" "&lt;operationSequence&gt;&lt;workflow&gt;&lt;AlterField&gt;&lt;field_name&gt;Park_Address&lt;/field_name&gt;&lt;field_type&gt;TEXT&lt;/field_type&gt;&lt;field_length&gt;255&lt;/field_length&gt;&lt;field_is_nullable&gt;True&lt;/field_is_nullable&gt;&lt;clear_field_alias&gt;False&lt;/clear_field_alias&gt;&lt;/AlterField&gt;&lt;/workflow&gt;&lt;workflow&gt;&lt;AddField&gt;&lt;field_name&gt;ASSET_TYPE&lt;/field_name&gt;&lt;field_type&gt;TEXT&lt;/field_type&gt;&lt;field_length&gt;255&lt;/field_length&gt;&lt;field_alias&gt;ASSET TYPE&lt;/field_alias&gt;&lt;field_is_nullable&gt;True&lt;/field_is_nullable&gt;&lt;field_is_required&gt;False&lt;/field_is_required&gt;&lt;/AddField&gt;&lt;/workflow&gt;&lt;workflow&gt;&lt;AddField&gt;&lt;field_name&gt;WARD&lt;/field_name&gt;&lt;field_type&gt;TEXT&lt;/field_type&gt;&lt;field_length&gt;255&lt;/field_length&gt;&lt;field_alias&gt;WARD&lt;/field_alias&gt;&lt;field_is_nullable&gt;True&lt;/field_is_nullable&gt;&lt;field_is_required&gt;False&lt;/field_is_required&gt;&lt;/AddField&gt;&lt;/workflow&gt;&lt;/operationSequence&gt;"</Process><Process ToolSource="c:\program files\arcgis\pro\Resources\ArcToolbox\toolboxes\Data Management Tools.tbx\CalculateField" Date="20200422" Time="200020">CalculateField Playgrounds WARD '1' PYTHON3 # Text</Process><Process ToolSource="c:\program files\arcgis\pro\Resources\ArcToolbox\toolboxes\Data Management Tools.tbx\CalculateField" Date="20200422" Time="200105">CalculateField Playgrounds WARD '10' PYTHON3 # Text</Process><Process ToolSource="c:\program files\arcgis\pro\Resources\ArcToolbox\toolboxes\Data Management Tools.tbx\CalculateField" Date="20200422" Time="200142">CalculateField Playgrounds WARD '2' PYTHON3 # Text</Process><Process ToolSource="c:\program files\arcgis\pro\Resources\ArcToolbox\toolboxes\Data Management Tools.tbx\CalculateField" Date="20200422" Time="200539">CalculateField Playgrounds ASSET_TYPE 'PLAYGROUNDS' PYTHON3 # Text</Process><Process ToolSource="c:\program files (x86)\arcgis\desktop10.6\ArcToolbox\Toolboxes\Data Management Tools.tbx\CalculateField" Date="20200507" Time="205722">CalculateField Playgrounds WARD "WARD 1" VB #</Process><Process ToolSource="c:\program files (x86)\arcgis\desktop10.6\ArcToolbox\Toolboxes\Data Management Tools.tbx\CalculateField" Date="20200507" Time="205741">CalculateField Playgrounds WARD "WARD 2" VB #</Process><Process ToolSource="c:\program files (x86)\arcgis\desktop10.6\ArcToolbox\Toolboxes\Data Management Tools.tbx\CalculateField" Date="20200507" Time="205756">CalculateField Playgrounds WARD "WARD 10" VB #</Process><Process ToolSource="c:\program files (x86)\arcgis\desktop10.6\ArcToolbox\Toolboxes\Data Management Tools.tbx\CalculateField" Date="20200507" Time="205813">CalculateField Playgrounds WARD "WARD 3" VB #</Process><Process ToolSource="c:\program files (x86)\arcgis\desktop10.6\ArcToolbox\Toolboxes\Data Management Tools.tbx\CalculateField" Date="20200507" Time="205829">CalculateField Playgrounds WARD "WARD 4" VB #</Process><Process ToolSource="c:\program files (x86)\arcgis\desktop10.6\ArcToolbox\Toolboxes\Data Management Tools.tbx\CalculateField" Date="20200507" Time="205844">CalculateField Playgrounds WARD "WARD 5" VB #</Process><Process ToolSource="c:\program files (x86)\arcgis\desktop10.6\ArcToolbox\Toolboxes\Data Management Tools.tbx\CalculateField" Date="20200507" Time="205856">CalculateField Playgrounds WARD "WARD 8" VB #</Process><Process ToolSource="c:\program files (x86)\arcgis\desktop10.6\ArcToolbox\Toolboxes\Data Management Tools.tbx\CalculateField" Date="20200507" Time="205928">CalculateField Playgrounds WARD "WARD 6" VB #</Process><Process ToolSource="c:\program files (x86)\arcgis\desktop10.6\ArcToolbox\Toolboxes\Data Management Tools.tbx\CalculateField" Date="20200507" Time="205942">CalculateField Playgrounds WARD "WARD 7" VB #</Process><Process ToolSource="c:\program files (x86)\arcgis\desktop10.6\ArcToolbox\Toolboxes\Data Management Tools.tbx\CalculateField" Date="20200507" Time="205955">CalculateField Playgrounds WARD "WARD 9" VB #</Process><Process ToolSource="c:\program files\arcgis\pro\Resources\ArcToolbox\toolboxes\Data Management Tools.tbx\AddXY" Date="20200702" Time="205004">AddXY Playgrounds</Process><Process ToolSource="c:\program files (x86)\arcgis\desktop10.6\ArcToolbox\Toolboxes\Data Management Tools.tbx\CalculateField" Date="20211207" Time="112011">CalculateField Playgrounds GISID [ASSET_ID] VB #</Process><Process ToolSource="c:\program files (x86)\arcgis\desktop10.6\ArcToolbox\Toolboxes\Data Management Tools.tbx\CalculateField" Date="20220516" Time="111859">CalculateField Playgrounds X [POINT_X] VB #</Process><Process ToolSource="c:\program files (x86)\arcgis\desktop10.6\ArcToolbox\Toolboxes\Data Management Tools.tbx\CalculateField" Date="20220516" Time="111920">CalculateField Playgrounds Y [POINT_Y] VB #</Process><Process ToolSource="c:\program files (x86)\arcgis\desktop10.6\ArcToolbox\Toolboxes\Data Management Tools.tbx\CalculateField" Date="20220516" Time="112041">CalculateField Playgrounds SITETYPE "Playgrounds" VB #</Process><Process ToolSource="c:\program files\arcgis\pro\Resources\ArcToolbox\toolboxes\Data Management Tools.tbx\CalculateGeometryAttributes" Date="20221216" Time="105038">CalculateGeometryAttributes GEODB.GISO.Playgrounds "POINT_X POINT_X" # # PROJCS["NAD_1983_UTM_Zone_17N",GEOGCS["GCS_North_American_1983",DATUM["D_North_American_1983",SPHEROID["GRS_1980",6378137.0,298.257222101]],PRIMEM["Greenwich",0.0],UNIT["Degree",0.0174532925199433]],PROJECTION["Transverse_Mercator"],PARAMETER["False_Easting",500000.0],PARAMETER["False_Northing",0.0],PARAMETER["Central_Meridian",-81.0],PARAMETER["Scale_Factor",0.9996],PARAMETER["Latitude_Of_Origin",0.0],UNIT["Meter",1.0]] "Same as input"</Process><Process ToolSource="c:\program files\arcgis\pro\Resources\ArcToolbox\toolboxes\Data Management Tools.tbx\CalculateGeometryAttributes" Date="20221216" Time="105058">CalculateGeometryAttributes GEODB.GISO.Playgrounds "POINT_Y POINT_Y" # # PROJCS["NAD_1983_UTM_Zone_17N",GEOGCS["GCS_North_American_1983",DATUM["D_North_American_1983",SPHEROID["GRS_1980",6378137.0,298.257222101]],PRIMEM["Greenwich",0.0],UNIT["Degree",0.0174532925199433]],PROJECTION["Transverse_Mercator"],PARAMETER["False_Easting",500000.0],PARAMETER["False_Northing",0.0],PARAMETER["Central_Meridian",-81.0],PARAMETER["Scale_Factor",0.9996],PARAMETER["Latitude_Of_Origin",0.0],UNIT["Meter",1.0]] "Same as input"</Process><Process ToolSource="c:\program files\arcgis\pro\Resources\ArcToolbox\toolboxes\Data Management Tools.tbx\CalculateGeometryAttributes" Date="20221216" Time="152952">CalculateGeometryAttributes GEODB.GISO.Playgrounds "X POINT_X" # # PROJCS["NAD_1983_UTM_Zone_17N",GEOGCS["GCS_North_American_1983",DATUM["D_North_American_1983",SPHEROID["GRS_1980",6378137.0,298.257222101]],PRIMEM["Greenwich",0.0],UNIT["Degree",0.0174532925199433]],PROJECTION["Transverse_Mercator"],PARAMETER["False_Easting",500000.0],PARAMETER["False_Northing",0.0],PARAMETER["Central_Meridian",-81.0],PARAMETER["Scale_Factor",0.9996],PARAMETER["Latitude_Of_Origin",0.0],UNIT["Meter",1.0]] "Same as input"</Process><Process ToolSource="c:\program files\arcgis\pro\Resources\ArcToolbox\toolboxes\Data Management Tools.tbx\CalculateGeometryAttributes" Date="20221216" Time="153009">CalculateGeometryAttributes GEODB.GISO.Playgrounds "Y POINT_Y" # # PROJCS["NAD_1983_UTM_Zone_17N",GEOGCS["GCS_North_American_1983",DATUM["D_North_American_1983",SPHEROID["GRS_1980",6378137.0,298.257222101]],PRIMEM["Greenwich",0.0],UNIT["Degree",0.0174532925199433]],PROJECTION["Transverse_Mercator"],PARAMETER["False_Easting",500000.0],PARAMETER["False_Northing",0.0],PARAMETER["Central_Meridian",-81.0],PARAMETER["Scale_Factor",0.9996],PARAMETER["Latitude_Of_Origin",0.0],UNIT["Meter",1.0]] "Same as input"</Process><Process ToolSource="c:\program files\arcgis\pro\Resources\ArcToolbox\toolboxes\Data Management Tools.tbx\CalculateGeometryAttributes" Date="20230213" Time="150919">CalculateGeometryAttributes GEODB.GISO.Playgrounds "X POINT_X" # # PROJCS["NAD_1983_UTM_Zone_17N",GEOGCS["GCS_North_American_1983",DATUM["D_North_American_1983",SPHEROID["GRS_1980",6378137.0,298.257222101]],PRIMEM["Greenwich",0.0],UNIT["Degree",0.0174532925199433]],PROJECTION["Transverse_Mercator"],PARAMETER["False_Easting",500000.0],PARAMETER["False_Northing",0.0],PARAMETER["Central_Meridian",-81.0],PARAMETER["Scale_Factor",0.9996],PARAMETER["Latitude_Of_Origin",0.0],UNIT["Meter",1.0]] "Same as input"</Process><Process ToolSource="c:\program files\arcgis\pro\Resources\ArcToolbox\toolboxes\Data Management Tools.tbx\CalculateGeometryAttributes" Date="20230213" Time="150946">CalculateGeometryAttributes GEODB.GISO.Playgrounds "Y POINT_Y" # # PROJCS["NAD_1983_UTM_Zone_17N",GEOGCS["GCS_North_American_1983",DATUM["D_North_American_1983",SPHEROID["GRS_1980",6378137.0,298.257222101]],PRIMEM["Greenwich",0.0],UNIT["Degree",0.0174532925199433]],PROJECTION["Transverse_Mercator"],PARAMETER["False_Easting",500000.0],PARAMETER["False_Northing",0.0],PARAMETER["Central_Meridian",-81.0],PARAMETER["Scale_Factor",0.9996],PARAMETER["Latitude_Of_Origin",0.0],UNIT["Meter",1.0]] "Same as input"</Process><Process ToolSource="c:\program files\arcgis\pro\Resources\ArcToolbox\toolboxes\Data Management Tools.tbx\Append" Date="20230213" Time="151448">Append playground_NEW_proj GEODB.GISO.Playgrounds "Use the field map to reconcile field differences" "NAME "NAME" true true false 255 Text 0 0,First,#,playground_NEW_proj,PARKNAME,0,254;LOCATION_ID "PARK ASSET #" true true false 255 Text 0 0,First,#,playground_NEW_proj,PARKID,0,254;ASSET_STATUS "ASSET STATUS" true true false 255 Text 0 0,First,#;ACCESSIBLE "ACCESSIBLE" true true false 255 Text 0 0,First,#;SIZE_ "SIZE" true true false 255 Text 0 0,First,#;Park_Address "Park_Address" true true false 255 Text 0 0,First,#;ASSET_TYPE "ASSET TYPE" true true false 255 Text 0 0,First,#;WARD "WARD" true true false 255 Text 0 0,First,#;POINT_X "POINT_X" true true false 8 Double 8 38,First,#;POINT_Y "POINT_Y" true true false 8 Double 8 38,First,#;GISID "GISID" true true false 254 Text 0 0,First,#,\\corp.windsor\staff\johnstl\ProfileFolder\Desktop\Temporary files\ParkAsset_Temp_Files\PROJECTED\playground_NEW_proj.shp,GISID,0,254;THEME "THEME" true true false 254 Text 0 0,First,#;X "X" true true false 8 Double 8 38,First,#,\\corp.windsor\staff\johnstl\ProfileFolder\Desktop\Temporary files\ParkAsset_Temp_Files\PROJECTED\playground_NEW_proj.shp,X,-1,-1;Y "Y" true true false 8 Double 8 38,First,#,\\corp.windsor\staff\johnstl\ProfileFolder\Desktop\Temporary files\ParkAsset_Temp_Files\PROJECTED\playground_NEW_proj.shp,Y,-1,-1;SITETYPE "SITETYPE" true true false 254 Text 0 0,First,#,\\corp.windsor\staff\johnstl\ProfileFolder\Desktop\Temporary files\ParkAsset_Temp_Files\PROJECTED\playground_NEW_proj.shp,SITETYPE,0,254;GlobalID "GlobalID" false false true 38 GlobalID 0 0,First,#" # #</Process><Process ToolSource="c:\program files\arcgis\pro\Resources\ArcToolbox\toolboxes\Data Management Tools.tbx\CalculateGeometryAttributes" Date="20230214" Time="150515">CalculateGeometryAttributes GEODB.GISO.Playgrounds "X POINT_X" # # PROJCS["NAD_1983_UTM_Zone_17N",GEOGCS["GCS_North_American_1983",DATUM["D_North_American_1983",SPHEROID["GRS_1980",6378137.0,298.257222101]],PRIMEM["Greenwich",0.0],UNIT["Degree",0.0174532925199433]],PROJECTION["Transverse_Mercator"],PARAMETER["False_Easting",500000.0],PARAMETER["False_Northing",0.0],PARAMETER["Central_Meridian",-81.0],PARAMETER["Scale_Factor",0.9996],PARAMETER["Latitude_Of_Origin",0.0],UNIT["Meter",1.0]] "Same as input"</Process><Process ToolSource="c:\program files\arcgis\pro\Resources\ArcToolbox\toolboxes\Data Management Tools.tbx\CalculateGeometryAttributes" Date="20230214" Time="150538">CalculateGeometryAttributes GEODB.GISO.Playgrounds "Y POINT_Y" # # PROJCS["NAD_1983_UTM_Zone_17N",GEOGCS["GCS_North_American_1983",DATUM["D_North_American_1983",SPHEROID["GRS_1980",6378137.0,298.257222101]],PRIMEM["Greenwich",0.0],UNIT["Degree",0.0174532925199433]],PROJECTION["Transverse_Mercator"],PARAMETER["False_Easting",500000.0],PARAMETER["False_Northing",0.0],PARAMETER["Central_Meridian",-81.0],PARAMETER["Scale_Factor",0.9996],PARAMETER["Latitude_Of_Origin",0.0],UNIT["Meter",1.0]] "Same as input"</Process><Process ToolSource="c:\program files\arcgis\pro\Resources\ArcToolbox\toolboxes\Data Management Tools.tbx\Append" Date="20230822" Time="113346">Append NewParksAssets_2023_ProjectNAD83 GEODB.GISO.Playgrounds "Use the field map to reconcile field differences" "NAME "NAME" true true false 255 Text 0 0,First,#;LOCATION_ID "PARK ASSET #" true true false 255 Text 0 0,First,#;ASSET_STATUS "ASSET STATUS" true true false 255 Text 0 0,First,#;ACCESSIBLE "ACCESSIBLE" true true false 255 Text 0 0,First,#;SIZE_ "SIZE" true true false 255 Text 0 0,First,#;Park_Address "Park_Address" true true false 255 Text 0 0,First,#;ASSET_TYPE "ASSET TYPE" true true false 255 Text 0 0,First,#;WARD "WARD" true true false 255 Text 0 0,First,#;POINT_X "POINT_X" true true false 8 Double 8 38,First,#;POINT_Y "POINT_Y" true true false 8 Double 8 38,First,#;GISID "GISID" true true false 254 Text 0 0,First,#,K:\GIS Files\Parks\Parks2023\NewParksAssets_2023_ProjectNAD83.shp,GISID,0,254;THEME "THEME" true true false 254 Text 0 0,First,#;X "X" true true false 8 Double 8 38,First,#,K:\GIS Files\Parks\Parks2023\NewParksAssets_2023_ProjectNAD83.shp,X,-1,-1;Y "Y" true true false 8 Double 8 38,First,#,K:\GIS Files\Parks\Parks2023\NewParksAssets_2023_ProjectNAD83.shp,Y,-1,-1;SITETYPE "SITETYPE" true true false 254 Text 0 0,First,#;GlobalID "GlobalID" false false true 38 GlobalID 0 0,First,#" # # # NOT_UPDATE_GEOMETRY</Process><Process ToolSource="c:\program files\arcgis\pro\Resources\ArcToolbox\toolboxes\Data Management Tools.tbx\Append" Date="20230822" Time="114129">Append NewParksAssets_2023_ProjectNAD83 GEODB.GISO.Playgrounds "Use the field map to reconcile field differences" "NAME "NAME" true true false 255 Text 0 0,First,#;LOCATION_ID "PARK ASSET #" true true false 255 Text 0 0,First,#;ASSET_STATUS "ASSET STATUS" true true false 255 Text 0 0,First,#;ACCESSIBLE "ACCESSIBLE" true true false 255 Text 0 0,First,#;SIZE_ "SIZE" true true false 255 Text 0 0,First,#;Park_Address "Park_Address" true true false 255 Text 0 0,First,#;ASSET_TYPE "ASSET TYPE" true true false 255 Text 0 0,First,#;WARD "WARD" true true false 255 Text 0 0,First,#;POINT_X "POINT_X" true true false 8 Double 8 38,First,#;POINT_Y "POINT_Y" true true false 8 Double 8 38,First,#;GISID "GISID" true true false 254 Text 0 0,First,#,K:\GIS Files\Parks\Parks2023\NewParksAssets_2023_ProjectNAD83.shp,GISID,0,254;THEME "THEME" true true false 254 Text 0 0,First,#;X "X" true true false 8 Double 8 38,First,#,K:\GIS Files\Parks\Parks2023\NewParksAssets_2023_ProjectNAD83.shp,X,-1,-1;Y "Y" true true false 8 Double 8 38,First,#,K:\GIS Files\Parks\Parks2023\NewParksAssets_2023_ProjectNAD83.shp,Y,-1,-1;SITETYPE "SITETYPE" true true false 254 Text 0 0,First,#;GlobalID "GlobalID" false false true 38 GlobalID 0 0,First,#" # # "NAME PARKNAME;LOCATION_ID PARKID;ASSET_TYPE SITEYPE;POINT_X X;POINT_Y Y" NOT_UPDATE_GEOMETRY</Process><Process ToolSource="c:\program files\arcgis\pro\Resources\ArcToolbox\toolboxes\Data Management Tools.tbx\Append" Date="20230822" Time="114207">Append NewParksAssets_2023_ProjectNAD83 GEODB.GISO.Playgrounds "Use the field map to reconcile field differences" "NAME "NAME" true true false 255 Text 0 0,First,#;LOCATION_ID "PARK ASSET #" true true false 255 Text 0 0,First,#;ASSET_STATUS "ASSET STATUS" true true false 255 Text 0 0,First,#;ACCESSIBLE "ACCESSIBLE" true true false 255 Text 0 0,First,#;SIZE_ "SIZE" true true false 255 Text 0 0,First,#;Park_Address "Park_Address" true true false 255 Text 0 0,First,#;ASSET_TYPE "ASSET TYPE" true true false 255 Text 0 0,First,#;WARD "WARD" true true false 255 Text 0 0,First,#;POINT_X "POINT_X" true true false 8 Double 8 38,First,#;POINT_Y "POINT_Y" true true false 8 Double 8 38,First,#;GISID "GISID" true true false 254 Text 0 0,First,#,K:\GIS Files\Parks\Parks2023\NewParksAssets_2023_ProjectNAD83.shp,GISID,0,254;THEME "THEME" true true false 254 Text 0 0,First,#;X "X" true true false 8 Double 8 38,First,#,K:\GIS Files\Parks\Parks2023\NewParksAssets_2023_ProjectNAD83.shp,X,-1,-1;Y "Y" true true false 8 Double 8 38,First,#,K:\GIS Files\Parks\Parks2023\NewParksAssets_2023_ProjectNAD83.shp,Y,-1,-1;SITETYPE "SITETYPE" true true false 254 Text 0 0,First,#;GlobalID "GlobalID" false false true 38 GlobalID 0 0,First,#" # # "NAME PARKNAME;LOCATION_ID PARKID;ASSET_TYPE SITEYPE;POINT_X X;POINT_Y Y" NOT_UPDATE_GEOMETRY</Process><Process ToolSource="c:\program files\arcgis\pro\Resources\ArcToolbox\toolboxes\Data Management Tools.tbx\Append" Date="20230822" Time="114628">Append NewParksAssets_2023_ProjectNAD83 GEODB.GISO.Playgrounds "Skip and warn if schema does not match" # # # "NAME PARKNAME;LOCATION_ID PARKID;ASSET_TYPE SITEYPE;POINT_X X;POINT_Y Y" NOT_UPDATE_GEOMETRY</Process><Process ToolSource="c:\program files\arcgis\pro\Resources\ArcToolbox\toolboxes\Data Management Tools.tbx\Append" Date="20230822" Time="115106">Append NewParksAssets_2023_ProjectNAD83 GEODB.GISO.Playgrounds "Use the field map to reconcile field differences" "NAME "NAME" true true false 255 Text 0 0,First,#;LOCATION_ID "PARK ASSET #" true true false 255 Text 0 0,First,#;ASSET_STATUS "ASSET STATUS" true true false 255 Text 0 0,First,#;ACCESSIBLE "ACCESSIBLE" true true false 255 Text 0 0,First,#;SIZE_ "SIZE" true true false 255 Text 0 0,First,#;Park_Address "Park_Address" true true false 255 Text 0 0,First,#;ASSET_TYPE "ASSET TYPE" true true false 255 Text 0 0,First,#;WARD "WARD" true true false 255 Text 0 0,First,#;POINT_X "POINT_X" true true false 8 Double 8 38,First,#;POINT_Y "POINT_Y" true true false 8 Double 8 38,First,#;GISID "GISID" true true false 254 Text 0 0,First,#,K:\GIS Files\Parks\Parks2023\NewParksAssets_2023_ProjectNAD83.shp,GISID,0,254;THEME "THEME" true true false 254 Text 0 0,First,#;X "X" true true false 8 Double 8 38,First,#,K:\GIS Files\Parks\Parks2023\NewParksAssets_2023_ProjectNAD83.shp,X,-1,-1;Y "Y" true true false 8 Double 8 38,First,#,K:\GIS Files\Parks\Parks2023\NewParksAssets_2023_ProjectNAD83.shp,Y,-1,-1;SITETYPE "SITETYPE" true true false 254 Text 0 0,First,#;GlobalID "GlobalID" false false true 38 GlobalID 0 0,First,#" # # # NOT_UPDATE_GEOMETRY</Process><Process ToolSource="c:\program files\arcgis\pro\Resources\ArcToolbox\toolboxes\Data Management Tools.tbx\Append" Date="20230822" Time="120513">Append NewParksAssets_2023_ProjectNAD83_17 GEODB.GISO.Playgrounds "Use the field map to reconcile field differences" "NAME "NAME" true true false 255 Text 0 0,First,#,K:\GIS Files\Parks\Parks2023\NewParksAssets_2023_ProjectNAD83_17.shp,NAME,0,254;LOCATION_ID "PARK ASSET #" true true false 255 Text 0 0,First,#;ASSET_STATUS "ASSET STATUS" true true false 255 Text 0 0,First,#;ACCESSIBLE "ACCESSIBLE" true true false 255 Text 0 0,First,#;SIZE_ "SIZE" true true false 255 Text 0 0,First,#;Park_Address "Park_Address" true true false 255 Text 0 0,First,#;ASSET_TYPE "ASSET TYPE" true true false 255 Text 0 0,First,#;WARD "WARD" true true false 255 Text 0 0,First,#;POINT_X "POINT_X" true true false 8 Double 8 38,First,#;POINT_Y "POINT_Y" true true false 8 Double 8 38,First,#;GISID "GISID" true true false 254 Text 0 0,First,#,K:\GIS Files\Parks\Parks2023\NewParksAssets_2023_ProjectNAD83_17.shp,GISID,0,254;THEME "THEME" true true false 254 Text 0 0,First,#;X "X" true true false 8 Double 8 38,First,#,K:\GIS Files\Parks\Parks2023\NewParksAssets_2023_ProjectNAD83_17.shp,X,-1,-1;Y "Y" true true false 8 Double 8 38,First,#,K:\GIS Files\Parks\Parks2023\NewParksAssets_2023_ProjectNAD83_17.shp,Y,-1,-1;SITETYPE "SITETYPE" true true false 254 Text 0 0,First,#,K:\GIS Files\Parks\Parks2023\NewParksAssets_2023_ProjectNAD83_17.shp,SITETYPE,0,254;GlobalID "GlobalID" false false true 38 GlobalID 0 0,First,#" # # # NOT_UPDATE_GEOMETRY</Process><Process ToolSource="c:\program files\arcgis\pro\Resources\ArcToolbox\toolboxes\Data Management Tools.tbx\CalculateGeometryAttributes" Date="20230822" Time="120757">CalculateGeometryAttributes GEODB.GISO.Playgrounds "X POINT_X" # # PROJCS["NAD_1983_UTM_Zone_17N",GEOGCS["GCS_North_American_1983",DATUM["D_North_American_1983",SPHEROID["GRS_1980",6378137.0,298.257222101]],PRIMEM["Greenwich",0.0],UNIT["Degree",0.0174532925199433]],PROJECTION["Transverse_Mercator"],PARAMETER["False_Easting",500000.0],PARAMETER["False_Northing",0.0],PARAMETER["Central_Meridian",-81.0],PARAMETER["Scale_Factor",0.9996],PARAMETER["Latitude_Of_Origin",0.0],UNIT["Meter",1.0]] "Same as input"</Process><Process ToolSource="c:\program files\arcgis\pro\Resources\ArcToolbox\toolboxes\Data Management Tools.tbx\CalculateGeometryAttributes" Date="20230822" Time="120817">CalculateGeometryAttributes GEODB.GISO.Playgrounds "Y POINT_Y" # # PROJCS["NAD_1983_UTM_Zone_17N",GEOGCS["GCS_North_American_1983",DATUM["D_North_American_1983",SPHEROID["GRS_1980",6378137.0,298.257222101]],PRIMEM["Greenwich",0.0],UNIT["Degree",0.0174532925199433]],PROJECTION["Transverse_Mercator"],PARAMETER["False_Easting",500000.0],PARAMETER["False_Northing",0.0],PARAMETER["Central_Meridian",-81.0],PARAMETER["Scale_Factor",0.9996],PARAMETER["Latitude_Of_Origin",0.0],UNIT["Meter",1.0]] "Same as input"</Process><Process ToolSource="c:\program files\arcgis\pro\Resources\ArcToolbox\toolboxes\Conversion Tools.tbx\ExportFeatures" Date="20230908" Time="152402">ExportFeatures "K:\Users\Neil Blair\GISCADTECH_August2020_PRESENT\GDB_Updates\GDB_Update\SCORSQL03.sde\GEODB.GISO.ParkAssets\GEODB.GISO.Playgrounds" "Y:\City of Windsor GDB\GDBCityofWindsor.gdb\ParkAssets\Playgrounds" # NOT_USE_ALIAS "NAME "NAME" true true false 255 Text 0 0,First,#,K:\Users\Neil Blair\GISCADTECH_August2020_PRESENT\GDB_Updates\GDB_Update\SCORSQL03.sde\GEODB.GISO.ParkAssets\GEODB.GISO.Playgrounds,NAME,0,255;LOCATION_ID "PARK ASSET #" true true false 255 Text 0 0,First,#,K:\Users\Neil Blair\GISCADTECH_August2020_PRESENT\GDB_Updates\GDB_Update\SCORSQL03.sde\GEODB.GISO.ParkAssets\GEODB.GISO.Playgrounds,LOCATION_ID,0,255;ASSET_STATUS "ASSET STATUS" true true false 255 Text 0 0,First,#,K:\Users\Neil Blair\GISCADTECH_August2020_PRESENT\GDB_Updates\GDB_Update\SCORSQL03.sde\GEODB.GISO.ParkAssets\GEODB.GISO.Playgrounds,ASSET_STATUS,0,255;ACCESSIBLE "ACCESSIBLE" true true false 255 Text 0 0,First,#,K:\Users\Neil Blair\GISCADTECH_August2020_PRESENT\GDB_Updates\GDB_Update\SCORSQL03.sde\GEODB.GISO.ParkAssets\GEODB.GISO.Playgrounds,ACCESSIBLE,0,255;SIZE_ "SIZE" true true false 255 Text 0 0,First,#,K:\Users\Neil Blair\GISCADTECH_August2020_PRESENT\GDB_Updates\GDB_Update\SCORSQL03.sde\GEODB.GISO.ParkAssets\GEODB.GISO.Playgrounds,SIZE_,0,255;Park_Address "Park_Address" true true false 255 Text 0 0,First,#,K:\Users\Neil Blair\GISCADTECH_August2020_PRESENT\GDB_Updates\GDB_Update\SCORSQL03.sde\GEODB.GISO.ParkAssets\GEODB.GISO.Playgrounds,Park_Address,0,255;ASSET_TYPE "ASSET TYPE" true true false 255 Text 0 0,First,#,K:\Users\Neil Blair\GISCADTECH_August2020_PRESENT\GDB_Updates\GDB_Update\SCORSQL03.sde\GEODB.GISO.ParkAssets\GEODB.GISO.Playgrounds,ASSET_TYPE,0,255;WARD "WARD" true true false 255 Text 0 0,First,#,K:\Users\Neil Blair\GISCADTECH_August2020_PRESENT\GDB_Updates\GDB_Update\SCORSQL03.sde\GEODB.GISO.ParkAssets\GEODB.GISO.Playgrounds,WARD,0,255;POINT_X "POINT_X" true true false 8 Double 8 38,First,#,K:\Users\Neil Blair\GISCADTECH_August2020_PRESENT\GDB_Updates\GDB_Update\SCORSQL03.sde\GEODB.GISO.ParkAssets\GEODB.GISO.Playgrounds,POINT_X,-1,-1;POINT_Y "POINT_Y" true true false 8 Double 8 38,First,#,K:\Users\Neil Blair\GISCADTECH_August2020_PRESENT\GDB_Updates\GDB_Update\SCORSQL03.sde\GEODB.GISO.ParkAssets\GEODB.GISO.Playgrounds,POINT_Y,-1,-1;GISID "GISID" true true false 254 Text 0 0,First,#,K:\Users\Neil Blair\GISCADTECH_August2020_PRESENT\GDB_Updates\GDB_Update\SCORSQL03.sde\GEODB.GISO.ParkAssets\GEODB.GISO.Playgrounds,GISID,0,254;THEME "THEME" true true false 254 Text 0 0,First,#,K:\Users\Neil Blair\GISCADTECH_August2020_PRESENT\GDB_Updates\GDB_Update\SCORSQL03.sde\GEODB.GISO.ParkAssets\GEODB.GISO.Playgrounds,THEME,0,254;X "X" true true false 8 Double 8 38,First,#,K:\Users\Neil Blair\GISCADTECH_August2020_PRESENT\GDB_Updates\GDB_Update\SCORSQL03.sde\GEODB.GISO.ParkAssets\GEODB.GISO.Playgrounds,X,-1,-1;Y "Y" true true false 8 Double 8 38,First,#,K:\Users\Neil Blair\GISCADTECH_August2020_PRESENT\GDB_Updates\GDB_Update\SCORSQL03.sde\GEODB.GISO.ParkAssets\GEODB.GISO.Playgrounds,Y,-1,-1;SITETYPE "SITETYPE" true true false 254 Text 0 0,First,#,K:\Users\Neil Blair\GISCADTECH_August2020_PRESENT\GDB_Updates\GDB_Update\SCORSQL03.sde\GEODB.GISO.ParkAssets\GEODB.GISO.Playgrounds,SITETYPE,0,254;created_user "created_user" false true false 255 Text 0 0,First,#,K:\Users\Neil Blair\GISCADTECH_August2020_PRESENT\GDB_Updates\GDB_Update\SCORSQL03.sde\GEODB.GISO.ParkAssets\GEODB.GISO.Playgrounds,created_user,0,255;created_date "created_date" false true false 8 Date 0 0,First,#,K:\Users\Neil Blair\GISCADTECH_August2020_PRESENT\GDB_Updates\GDB_Update\SCORSQL03.sde\GEODB.GISO.ParkAssets\GEODB.GISO.Playgrounds,created_date,-1,-1;last_edited_user "last_edited_user" false true false 255 Text 0 0,First,#,K:\Users\Neil Blair\GISCADTECH_August2020_PRESENT\GDB_Updates\GDB_Update\SCORSQL03.sde\GEODB.GISO.ParkAssets\GEODB.GISO.Playgrounds,last_edited_user,0,255;last_edited_date "last_edited_date" false true false 8 Date 0 0,First,#,K:\Users\Neil Blair\GISCADTECH_August2020_PRESENT\GDB_Updates\GDB_Update\SCORSQL03.sde\GEODB.GISO.ParkAssets\GEODB.GISO.Playgrounds,last_edited_date,-1,-1;GlobalID "GlobalID" false false true 38 GlobalID 0 0,First,#,K:\Users\Neil Blair\GISCADTECH_August2020_PRESENT\GDB_Updates\GDB_Update\SCORSQL03.sde\GEODB.GISO.ParkAssets\GEODB.GISO.Playgrounds,GlobalID,-1,-1" #</Process><Process ToolSource="c:\program files (x86)\arcgis\desktop10.6\ArcToolbox\Toolboxes\Conversion Tools.tbx\FeatureClassToFeatureClass" Date="20230908" Time="162444">FeatureClassToFeatureClass "\\smapdv01\arcgisserver\City of Windsor GDB\GDBCityofWindsor.gdb\Playgrounds" "K:\Open Data Files\Open Data 2023\September\Playgrounds\RATSRATSRATS" Playgrounds # "NAME "NAME" true true false 50 Text 0 0 ,First,#,\\smapdv01\arcgisserver\City of Windsor GDB\GDBCityofWindsor.gdb/ParkAssets/Playgrounds,NAME,-1,-1;ACCESSIBLE "ACCESSIBLE" true true false 150 Text 0 0 ,First,#,\\smapdv01\arcgisserver\City of Windsor GDB\GDBCityofWindsor.gdb/ParkAssets/Playgrounds,ACCESSIBLE,-1,-1;SIZE_ "SIZE_" true true false 150 Text 0 0 ,First,#,\\smapdv01\arcgisserver\City of Windsor GDB\GDBCityofWindsor.gdb/ParkAssets/Playgrounds,SIZE_,-1,-1;Park_Address "Park_Address" true true false 150 Text 0 0 ,First,#,\\smapdv01\arcgisserver\City of Windsor GDB\GDBCityofWindsor.gdb/ParkAssets/Playgrounds,Park_Address,-1,-1" #</Process><Process ToolSource="c:\program files (x86)\arcgis\desktop10.6\ArcToolbox\Toolboxes\Conversion Tools.tbx\FeatureClassToFeatureClass" Date="20230908" Time="162542">FeatureClassToFeatureClass "K:\Open Data Files\Open Data 2023\September\Playgrounds\RATSRATSRATS\Playgrounds.shp" "K:\Open Data Files\Open Data 2023\September\Playgrounds\RATSRATSRATS_UTM83" Playgrounds_UTM83 # "NAME "NAME" true true false 50 Text 0 0 ,First,#,K:\Open Data Files\Open Data 2023\September\Playgrounds\RATSRATSRATS\Playgrounds.shp,NAME,-1,-1;ACCESSIBLE "ACCESSIBLE" true true false 150 Text 0 0 ,First,#,K:\Open Data Files\Open Data 2023\September\Playgrounds\RATSRATSRATS\Playgrounds.shp,ACCESSIBLE,-1,-1;SIZE_ "SIZE_" true true false 150 Text 0 0 ,First,#,K:\Open Data Files\Open Data 2023\September\Playgrounds\RATSRATSRATS\Playgrounds.shp,SIZE_,-1,-1;Park_Addre "Park_Addre" true true false 150 Text 0 0 ,First,#,K:\Open Data Files\Open Data 2023\September\Playgrounds\RATSRATSRATS\Playgrounds.shp,Park_Addre,-1,-1" #</Process></lineage><itemProps><itemName Sync="TRUE">Playgrounds_UTM83</itemName><imsContentType Sync="TRUE">002</imsContentType><itemLocation><linkage Sync="TRUE">file://\\corp.windsor\GIS\Current\Open Data Files\Open Data 2023\September\Playgrounds\RATSRATSRATS_UTM83\Playgrounds_UTM83.shp</linkage><protocol Sync="TRUE">Local Area Network</protocol></itemLocation><itemSize Sync="TRUE">0.000</itemSize></itemProps><coordRef><type Sync="TRUE">Projected</type><geogcsn Sync="TRUE">GCS_North_American_1983</geogcsn><csUnits Sync="TRUE">Linear Unit: Meter (1.000000)</csUnits><projcsn Sync="TRUE">NAD_1983_UTM_Zone_17N</projcsn><peXml Sync="TRUE">&lt;ProjectedCoordinateSystem xsi:type='typens:ProjectedCoordinateSystem' xmlns:xsi='http://www.w3.org/2001/XMLSchema-instance' xmlns:xs='http://www.w3.org/2001/XMLSchema' xmlns:typens='http://www.esri.com/schemas/ArcGIS/10.6'&gt;&lt;WKT&gt;PROJCS[&amp;quot;NAD_1983_UTM_Zone_17N&amp;quot;,GEOGCS[&amp;quot;GCS_North_American_1983&amp;quot;,DATUM[&amp;quot;D_North_American_1983&amp;quot;,SPHEROID[&amp;quot;GRS_1980&amp;quot;,6378137.0,298.257222101]],PRIMEM[&amp;quot;Greenwich&amp;quot;,0.0],UNIT[&amp;quot;Degree&amp;quot;,0.0174532925199433]],PROJECTION[&amp;quot;Transverse_Mercator&amp;quot;],PARAMETER[&amp;quot;False_Easting&amp;quot;,500000.0],PARAMETER[&amp;quot;False_Northing&amp;quot;,0.0],PARAMETER[&amp;quot;Central_Meridian&amp;quot;,-81.0],PARAMETER[&amp;quot;Scale_Factor&amp;quot;,0.9996],PARAMETER[&amp;quot;Latitude_Of_Origin&amp;quot;,0.0],UNIT[&amp;quot;Meter&amp;quot;,1.0],AUTHORITY[&amp;quot;EPSG&amp;quot;,26917]]&lt;/WKT&gt;&lt;XOrigin&gt;-5120900&lt;/XOrigin&gt;&lt;YOrigin&gt;-9998100&lt;/YOrigin&gt;&lt;XYScale&gt;450445547.3910538&lt;/XYScale&gt;&lt;ZOrigin&gt;-100000&lt;/ZOrigin&gt;&lt;ZScale&gt;10000&lt;/ZScale&gt;&lt;MOrigin&gt;-100000&lt;/MOrigin&gt;&lt;MScale&gt;10000&lt;/MScale&gt;&lt;XYTolerance&gt;0.001&lt;/XYTolerance&gt;&lt;ZTolerance&gt;0.001&lt;/ZTolerance&gt;&lt;MTolerance&gt;0.001&lt;/MTolerance&gt;&lt;HighPrecision&gt;true&lt;/HighPrecision&gt;&lt;WKID&gt;26917&lt;/WKID&gt;&lt;LatestWKID&gt;26917&lt;/LatestWKID&gt;&lt;/ProjectedCoordinateSystem&gt;</peXml></coordRef></DataProperties><SyncDate>20230908</SyncDate><SyncTime>16254000</SyncTime><ModDate>20230908</ModDate><ModTime>16254000</ModTime></Esri><dataIdInfo><envirDesc Sync="TRUE"> Version 6.2 (Build 9200) ; Esri ArcGIS 10.6.0.8321</envirDesc><dataLang><languageCode value="eng" Sync="TRUE"/><countryCode value="CAN" Sync="TRUE"/></dataLang><idCitation><resTitle Sync="TRUE">Playgrounds_UTM83</resTitle><presForm><PresFormCd value="005" Sync="TRUE"/></presForm></idCitation><spatRpType><SpatRepTypCd value="001" Sync="TRUE"/></spatRpType></dataIdInfo><mdLang><languageCode value="eng" Sync="TRUE"/><countryCode value="CAN" Sync="TRUE"/></mdLang><distInfo><distFormat><formatName Sync="TRUE">Shapefile</formatName></distFormat><distTranOps><transSize Sync="TRUE">0.000</transSize></distTranOps></distInfo><mdHrLv><ScopeCd value="005" Sync="TRUE"/></mdHrLv><mdHrLvName Sync="TRUE">dataset</mdHrLvName><refSysInfo><RefSystem><refSysID><identCode code="26917" Sync="TRUE"/><idCodeSpace Sync="TRUE">EPSG</idCodeSpace><idVersion Sync="TRUE">6.13(3.0.1)</idVersion></refSysID></RefSystem></refSysInfo><spatRepInfo><VectSpatRep><geometObjs Name="Playgrounds_UTM83"><geoObjTyp><GeoObjTypCd value="004" Sync="TRUE"></GeoObjTypCd></geoObjTyp><geoObjCnt Sync="TRUE">0</geoObjCnt></geometObjs><topLvl><TopoLevCd value="001" Sync="TRUE"></TopoLevCd></topLvl></VectSpatRep></spatRepInfo><spdoinfo><ptvctinf><esriterm Name="Playgrounds_UTM83"><efeatyp Sync="TRUE">Simple</efeatyp><efeageom code="1" Sync="TRUE"></efeageom><esritopo Sync="TRUE">FALSE</esritopo><efeacnt Sync="TRUE">0</efeacnt><spindex Sync="TRUE">FALSE</spindex><linrefer Sync="TRUE">FALSE</linrefer></esriterm></ptvctinf></spdoinfo><eainfo><detailed Name="Playgrounds_UTM83"><enttyp><enttypl Sync="TRUE">Playgrounds_UTM83</enttypl><enttypt Sync="TRUE">Feature Class</enttypt><enttypc Sync="TRUE">0</enttypc></enttyp><attr><attrlabl Sync="TRUE">FID</attrlabl><attalias Sync="TRUE">FID</attalias><attrtype Sync="TRUE">OID</attrtype><attwidth Sync="TRUE">4</attwidth><atprecis Sync="TRUE">0</atprecis><attscale Sync="TRUE">0</attscale><attrdef Sync="TRUE">Internal feature number.</attrdef><attrdefs Sync="TRUE">Esri</attrdefs><attrdomv><udom Sync="TRUE">Sequential unique whole numbers that are automatically generated.</udom></attrdomv></attr><attr><attrlabl Sync="TRUE">Shape</attrlabl><attalias Sync="TRUE">Shape</attalias><attrtype Sync="TRUE">Geometry</attrtype><attwidth Sync="TRUE">0</attwidth><atprecis Sync="TRUE">0</atprecis><attscale Sync="TRUE">0</attscale><attrdef Sync="TRUE">Feature geometry.</attrdef><attrdefs Sync="TRUE">Esri</attrdefs><attrdomv><udom Sync="TRUE">Coordinates defining the features.</udom></attrdomv></attr><attr><attrlabl Sync="TRUE">NAME</attrlabl><attalias Sync="TRUE">NAME</attalias><attrtype Sync="TRUE">String</attrtype><attwidth Sync="TRUE">50</attwidth><atprecis Sync="TRUE">0</atprecis><attscale Sync="TRUE">0</attscale></attr><attr><attrlabl Sync="TRUE">ACCESSIBLE</attrlabl><attalias Sync="TRUE">ACCESSIBLE</attalias><attrtype Sync="TRUE">String</attrtype><attwidth Sync="TRUE">150</attwidth><atprecis Sync="TRUE">0</atprecis><attscale Sync="TRUE">0</attscale></attr><attr><attrlabl Sync="TRUE">SIZE_</attrlabl><attalias Sync="TRUE">SIZE_</attalias><attrtype Sync="TRUE">String</attrtype><attwidth Sync="TRUE">150</attwidth><atprecis Sync="TRUE">0</atprecis><attscale Sync="TRUE">0</attscale></attr><attr><attrlabl Sync="TRUE">Park_Addre</attrlabl><attalias Sync="TRUE">Park_Addre</attalias><attrtype Sync="TRUE">String</attrtype><attwidth Sync="TRUE">150</attwidth><atprecis Sync="TRUE">0</atprecis><attscale Sync="TRUE">0</attscale></attr></detailed></eainfo><mdDateSt Sync="TRUE">20230908</mdDateSt></metadata>
